Driver,Team,Compound,TyreLife,FreshTyre,S1,S2,S3,SpeedI1,SpeedI2,SpeedFL,SpeedST,LapTimeSeconds,SessionType
VER,Red Bull Racing,SOFT,2.0,True,28.787,38.58,22.664,242.0,270.0,288.0,316.0,90.031,Q
VER,Red Bull Racing,SOFT,5.0,False,28.822,38.767,22.571,241.0,271.0,286.0,317.0,90.16,Q
VER,Red Bull Racing,SOFT,2.0,True,28.509,38.387,22.478,242.0,271.0,287.0,327.0,89.374,Q
VER,Red Bull Racing,SOFT,2.0,True,28.686,38.361,22.374,241.0,272.0,286.0,320.0,89.421,Q
VER,Red Bull Racing,SOFT,2.0,True,28.535,38.269,22.375,242.0,271.0,288.0,320.0,89.179,Q
LEC,Ferrari,MEDIUM,2.0,True,29.522,39.009,22.729,240.0,273.0,283.0,313.0,91.26,Q
LEC,Ferrari,SOFT,2.0,True,29.067,38.589,22.587,243.0,272.0,286.0,316.0,90.243,Q
LEC,Ferrari,SOFT,5.0,False,29.014,38.507,22.573,242.0,273.0,287.0,316.0,90.094,Q
LEC,Ferrari,SOFT,2.0,True,28.843,38.059,22.263,243.0,274.0,288.0,317.0,89.165,Q
LEC,Ferrari,SOFT,3.0,False,28.863,38.344,22.273,243.0,273.0,288.0,317.0,89.48,Q
LEC,Ferrari,SOFT,2.0,True,28.762,38.276,22.369,242.0,273.0,287.0,316.0,89.407,Q
RUS,Mercedes,SOFT,2.0,True,29.102,38.727,22.521,242.0,269.0,286.0,311.0,90.35,Q
RUS,Mercedes,SOFT,7.0,False,29.246,38.861,22.591,240.0,269.0,285.0,314.0,90.698,Q
RUS,Mercedes,SOFT,2.0,True,28.954,38.61,22.358,242.0,270.0,286.0,316.0,89.922,Q
RUS,Mercedes,SOFT,2.0,True,28.8,38.503,22.3,243.0,271.0,287.0,316.0,89.603,Q
RUS,Mercedes,SOFT,2.0,True,28.8,38.421,22.264,243.0,271.0,286.0,311.0,89.485,Q
SAI,Ferrari,MEDIUM,2.0,True,29.76,38.878,22.57,238.0,273.0,284.0,311.0,91.208,Q
SAI,Ferrari,SOFT,2.0,True,29.008,38.409,22.492,242.0,273.0,284.0,314.0,89.909,Q
SAI,Ferrari,SOFT,5.0,False,29.068,38.827,22.53,242.0,273.0,287.0,317.0,90.425,Q
SAI,Ferrari,SOFT,2.0,True,28.89,38.346,22.337,242.0,273.0,288.0,316.0,89.573,Q
SAI,Ferrari,SOFT,2.0,True,28.851,38.404,22.353,242.0,273.0,285.0,315.0,89.608,Q
SAI,Ferrari,SOFT,2.0,True,28.85,38.298,22.359,242.0,273.0,284.0,320.0,89.507,Q
PER,Red Bull Racing,SOFT,2.0,True,28.939,38.598,22.684,241.0,271.0,280.0,317.0,90.221,Q
PER,Red Bull Racing,SOFT,5.0,False,28.924,38.874,22.702,240.0,270.0,285.0,318.0,90.5,Q
PER,Red Bull Racing,SOFT,2.0,True,28.738,38.653,22.541,241.0,271.0,287.0,321.0,89.932,Q
PER,Red Bull Racing,SOFT,4.0,False,28.817,38.687,22.526,241.0,271.0,287.0,320.0,90.03,Q
PER,Red Bull Racing,SOFT,2.0,True,28.804,38.323,22.41,241.0,271.0,288.0,320.0,89.537,Q
ALO,Aston Martin,SOFT,2.0,True,28.889,38.697,22.593,243.0,267.0,287.0,313.0,90.179,Q
ALO,Aston Martin,SOFT,2.0,True,29.088,38.642,22.406,242.0,268.0,286.0,318.0,90.136,Q
ALO,Aston Martin,SOFT,2.0,True,28.909,38.518,22.374,243.0,267.0,287.0,319.0,89.801,Q
ALO,Aston Martin,SOFT,2.0,True,28.83,38.236,22.476,243.0,268.0,284.0,314.0,89.542,Q
NOR,McLaren,SOFT,2.0,True,28.983,38.576,22.584,243.0,273.0,287.0,309.0,90.143,Q
NOR,McLaren,SOFT,3.0,False,28.836,38.585,22.52,242.0,273.0,287.0,313.0,89.941,Q
NOR,McLaren,SOFT,4.0,False,29.006,38.307,22.366,244.0,273.0,286.0,313.0,89.679,Q
NOR,McLaren,SOFT,2.0,True,29.045,38.207,22.362,242.0,273.0,286.0,312.0,89.614,Q
PIA,McLaren,SOFT,2.0,True,29.243,38.78,22.669,243.0,271.0,286.0,311.0,90.692,Q
PIA,McLaren,SOFT,2.0,True,29.243,38.791,22.497,241.0,273.0,287.0,311.0,90.531,Q
PIA,McLaren,SOFT,5.0,False,29.082,38.889,22.653,240.0,273.0,287.0,314.0,90.624,Q
PIA,McLaren,SOFT,2.0,True,28.955,38.692,22.475,242.0,273.0,287.0,314.0,90.122,Q
PIA,McLaren,SOFT,5.0,False,29.162,38.852,22.637,242.0,271.0,286.0,315.0,90.651,Q
PIA,McLaren,SOFT,2.0,True,28.901,38.343,22.439,243.0,274.0,286.0,312.0,89.683,Q
HAM,Mercedes,SOFT,2.0,True,29.108,38.989,22.709,242.0,269.0,284.0,310.0,90.806,Q
HAM,Mercedes,SOFT,2.0,True,29.019,38.894,22.538,242.0,269.0,285.0,312.0,90.451,Q
HAM,Mercedes,SOFT,5.0,False,29.029,38.777,22.557,241.0,270.0,286.0,316.0,90.363,Q
HAM,Mercedes,SOFT,2.0,True,28.803,38.546,22.369,241.0,272.0,286.0,316.0,89.718,Q
HAM,Mercedes,SOFT,5.0,False,29.175,38.747,22.523,242.0,271.0,286.0,314.0,90.445,Q
HAM,Mercedes,SOFT,2.0,True,28.881,38.422,22.407,242.0,270.0,287.0,315.0,89.71,Q
HUL,Haas F1 Team,SOFT,2.0,True,29.042,38.854,22.727,243.0,273.0,288.0,316.0,90.623,Q
HUL,Haas F1 Team,SOFT,2.0,True,28.838,39.143,22.585,242.0,273.0,288.0,319.0,90.566,Q
HUL,Haas F1 Team,SOFT,5.0,False,29.225,39.153,22.619,242.0,274.0,288.0,314.0,90.997,Q
HUL,Haas F1 Team,SOFT,2.0,True,28.834,38.636,22.381,243.0,274.0,288.0,317.0,89.851,Q
HUL,Haas F1 Team,SOFT,5.0,False,29.028,38.891,22.583,243.0,273.0,287.0,317.0,90.502,Q
HUL,Haas F1 Team,SOFT,5.0,False,28.993,38.89,22.733,242.0,274.0,288.0,318.0,90.616,Q
TSU,RB,SOFT,2.0,True,29.187,38.867,22.827,240.0,269.0,285.0,310.0,90.881,Q
TSU,RB,SOFT,2.0,True,28.941,38.875,22.665,240.0,271.0,285.0,313.0,90.481,Q
TSU,RB,SOFT,5.0,False,29.154,39.16,22.788,240.0,270.0,284.0,314.0,91.102,Q
TSU,RB,SOFT,2.0,True,28.821,38.727,22.581,241.0,271.0,286.0,316.0,90.129,Q
STR,Aston Martin,SOFT,2.0,True,29.108,39.008,22.748,243.0,268.0,285.0,313.0,90.864,Q
STR,Aston Martin,SOFT,2.0,True,28.651,38.609,22.705,243.0,268.0,284.0,318.0,89.965,Q
STR,Aston Martin,SOFT,5.0,False,29.211,38.977,22.794,242.0,267.0,285.0,317.0,90.982,Q
STR,Aston Martin,SOFT,2.0,True,28.65,38.856,22.694,243.0,267.0,284.0,317.0,90.2,Q
ALB,Williams,SOFT,2.0,True,29.194,38.75,22.748,242.0,270.0,286.0,315.0,90.692,Q
ALB,Williams,SOFT,2.0,True,28.858,38.875,22.664,241.0,271.0,288.0,321.0,90.397,Q
ALB,Williams,SOFT,5.0,False,29.293,39.179,22.68,241.0,272.0,288.0,320.0,91.152,Q
ALB,Williams,SOFT,2.0,True,28.866,38.802,22.553,241.0,271.0,288.0,321.0,90.221,Q
RIC,RB,SOFT,2.0,True,29.205,38.898,22.922,242.0,270.0,285.0,310.0,91.025,Q
RIC,RB,SOFT,2.0,True,29.074,38.807,22.681,241.0,271.0,286.0,314.0,90.562,Q
RIC,RB,SOFT,5.0,False,29.116,39.236,22.774,240.0,271.0,286.0,314.0,91.126,Q
RIC,RB,SOFT,2.0,True,28.884,38.802,22.592,241.0,271.0,287.0,316.0,90.278,Q
MAG,Haas F1 Team,SOFT,2.0,True,29.196,39.255,22.801,242.0,273.0,288.0,316.0,91.252,Q
MAG,Haas F1 Team,SOFT,2.0,True,29.037,38.952,22.657,242.0,274.0,286.0,319.0,90.646,Q
MAG,Haas F1 Team,SOFT,5.0,False,29.221,39.235,22.714,242.0,274.0,288.0,318.0,91.17,Q
MAG,Haas F1 Team,SOFT,2.0,True,28.884,38.976,22.669,243.0,274.0,286.0,319.0,90.529,Q
BOT,Kick Sauber,SOFT,2.0,True,29.146,39.106,22.825,243.0,272.0,286.0,314.0,91.077,Q
BOT,Kick Sauber,SOFT,2.0,True,29.063,39.025,22.668,243.0,273.0,287.0,318.0,90.756,Q
ZHO,Kick Sauber,SOFT,2.0,True,29.265,39.152,22.658,243.0,273.0,286.0,313.0,91.075,Q
ZHO,Kick Sauber,SOFT,2.0,True,29.154,38.944,22.659,242.0,272.0,287.0,312.0,90.757,Q
SAR,Williams,SOFT,2.0,True,28.991,39.119,22.66,241.0,270.0,287.0,318.0,90.77,Q
SAR,Williams,SOFT,2.0,True,29.174,39.207,22.747,238.0,270.0,289.0,320.0,91.128,Q
OCO,Alpine,MEDIUM,2.0,True,29.755,39.305,22.93,239.0,269.0,281.0,311.0,91.99,Q
OCO,Alpine,SOFT,2.0,True,29.39,38.997,22.874,238.0,270.0,283.0,314.0,91.261,Q
OCO,Alpine,SOFT,2.0,True,29.142,38.934,22.717,241.0,270.0,283.0,315.0,90.793,Q
GAS,Alpine,MEDIUM,2.0,True,29.87,39.498,23.066,240.0,268.0,281.0,309.0,92.434,Q
GAS,Alpine,SOFT,2.0,True,29.435,38.857,22.989,241.0,269.0,282.0,314.0,91.281,Q
GAS,Alpine,SOFT,2.0,True,29.148,38.971,22.829,240.0,270.0,285.0,316.0,90.948,Q
VER,Red Bull Racing,SOFT,5.0,False,30.916,41.661,23.719,232.0,248.0,276.0,287.0,96.296,R
VER,Red Bull Racing,SOFT,6.0,False,30.999,41.966,23.788,231.0,243.0,276.0,290.0,96.753,R
VER,Red Bull Racing,SOFT,7.0,False,30.931,41.892,23.824,233.0,253.0,276.0,290.0,96.647,R
VER,Red Bull Racing,SOFT,8.0,False,31.255,42.056,23.862,231.0,245.0,276.0,289.0,97.173,R
VER,Red Bull Racing,SOFT,9.0,False,31.041,42.187,23.864,231.0,247.0,276.0,296.0,97.092,R
VER,Red Bull Racing,SOFT,10.0,False,31.015,42.118,23.905,232.0,242.0,277.0,291.0,97.038,R
VER,Red Bull Racing,SOFT,11.0,False,31.041,42.077,23.906,231.0,250.0,277.0,291.0,97.024,R
VER,Red Bull Racing,SOFT,12.0,False,31.1,42.166,23.963,231.0,243.0,276.0,292.0,97.229,R
VER,Red Bull Racing,SOFT,13.0,False,30.986,42.009,23.965,232.0,244.0,277.0,293.0,96.96,R
VER,Red Bull Racing,SOFT,14.0,False,30.974,42.142,23.969,232.0,246.0,277.0,292.0,97.085,R
VER,Red Bull Racing,SOFT,15.0,False,30.966,42.091,23.988,234.0,249.0,277.0,292.0,97.045,R
VER,Red Bull Racing,SOFT,16.0,False,30.964,42.055,24.011,233.0,251.0,277.0,292.0,97.03,R
VER,Red Bull Racing,SOFT,17.0,False,30.938,42.042,24.048,233.0,253.0,277.0,293.0,97.028,R
VER,Red Bull Racing,SOFT,18.0,False,30.887,42.058,24.066,232.0,254.0,276.0,293.0,97.011,R
VER,Red Bull Racing,SOFT,19.0,False,31.048,42.032,24.088,233.0,260.0,277.0,292.0,97.168,R
VER,Red Bull Racing,HARD,2.0,True,30.628,41.162,23.493,233.0,248.0,278.0,288.0,95.283,R
VER,Red Bull Racing,HARD,3.0,True,30.585,41.1,23.475,233.0,256.0,278.0,291.0,95.16,R
VER,Red Bull Racing,HARD,4.0,True,30.576,41.24,23.5,235.0,251.0,278.0,293.0,95.316,R
VER,Red Bull Racing,HARD,5.0,True,30.56,41.142,23.502,234.0,254.0,279.0,294.0,95.204,R
VER,Red Bull Racing,HARD,6.0,True,30.553,41.145,23.518,234.0,253.0,279.0,294.0,95.216,R
VER,Red Bull Racing,HARD,7.0,True,30.548,41.257,23.484,234.0,257.0,279.0,294.0,95.289,R
VER,Red Bull Racing,HARD,8.0,True,30.518,41.282,23.542,233.0,250.0,279.0,295.0,95.342,R
VER,Red Bull Racing,HARD,9.0,True,30.522,41.14,23.561,235.0,257.0,279.0,295.0,95.223,R
VER,Red Bull Racing,HARD,10.0,True,30.649,41.338,23.594,230.0,250.0,279.0,294.0,95.581,R
VER,Red Bull Racing,HARD,11.0,True,30.588,41.272,23.617,233.0,258.0,278.0,293.0,95.477,R
VER,Red Bull Racing,HARD,12.0,True,30.679,41.485,23.629,234.0,258.0,279.0,293.0,95.793,R
VER,Red Bull Racing,HARD,13.0,True,30.657,41.47,23.644,234.0,254.0,279.0,294.0,95.771,R
VER,Red Bull Racing,HARD,14.0,True,30.635,41.435,23.609,234.0,260.0,279.0,295.0,95.679,R
VER,Red Bull Racing,HARD,15.0,True,30.669,41.519,23.698,234.0,260.0,279.0,296.0,95.886,R
VER,Red Bull Racing,HARD,16.0,True,30.69,41.459,23.714,233.0,258.0,279.0,295.0,95.863,R
VER,Red Bull Racing,HARD,17.0,True,30.685,41.661,23.787,233.0,261.0,279.0,296.0,96.133,R
VER,Red Bull Racing,HARD,18.0,True,30.727,41.557,23.734,234.0,260.0,279.0,295.0,96.018,R
VER,Red Bull Racing,HARD,19.0,True,30.794,41.561,23.85,234.0,263.0,280.0,297.0,96.205,R
VER,Red Bull Racing,SOFT,2.0,True,29.741,39.916,22.951,239.0,265.0,281.0,299.0,92.608,R
VER,Red Bull Racing,SOFT,3.0,True,31.014,42.023,23.552,234.0,245.0,281.0,275.0,96.589,R
VER,Red Bull Racing,SOFT,4.0,True,30.697,41.281,23.312,237.0,252.0,281.0,292.0,95.29,R
VER,Red Bull Racing,SOFT,5.0,True,30.477,40.996,23.194,237.0,261.0,281.0,294.0,94.667,R
VER,Red Bull Racing,SOFT,6.0,True,30.132,40.772,23.247,237.0,261.0,281.0,296.0,94.151,R
VER,Red Bull Racing,SOFT,7.0,True,30.348,40.805,23.378,237.0,264.0,281.0,293.0,94.531,R
VER,Red Bull Racing,SOFT,8.0,True,30.18,40.825,23.244,237.0,260.0,281.0,295.0,94.249,R
VER,Red Bull Racing,SOFT,9.0,True,30.301,40.682,23.21,235.0,264.0,281.0,297.0,94.193,R
VER,Red Bull Racing,SOFT,10.0,True,30.267,40.704,23.268,235.0,263.0,281.0,295.0,94.239,R
VER,Red Bull Racing,SOFT,11.0,True,30.245,40.738,23.367,235.0,264.0,282.0,297.0,94.35,R
VER,Red Bull Racing,SOFT,12.0,True,30.246,40.804,23.353,235.0,261.0,282.0,298.0,94.403,R
VER,Red Bull Racing,SOFT,13.0,True,30.229,40.928,23.626,236.0,265.0,289.0,298.0,94.783,R
VER,Red Bull Racing,SOFT,14.0,True,30.003,40.834,23.503,236.0,267.0,282.0,314.0,94.34,R
VER,Red Bull Racing,SOFT,15.0,True,30.333,40.919,23.654,235.0,266.0,284.0,299.0,94.906,R
VER,Red Bull Racing,SOFT,16.0,True,30.528,41.382,23.69,237.0,270.0,284.0,300.0,95.6,R
VER,Red Bull Racing,SOFT,17.0,True,30.427,41.227,23.68,236.0,270.0,283.0,301.0,95.334,R
VER,Red Bull Racing,SOFT,18.0,True,30.493,41.22,23.471,236.0,267.0,281.0,296.0,95.184,R
VER,Red Bull Racing,SOFT,19.0,True,30.256,40.87,23.545,236.0,267.0,281.0,297.0,94.671,R
VER,Red Bull Racing,SOFT,20.0,True,30.384,40.91,23.629,236.0,267.0,275.0,296.0,94.923,R
PER,Red Bull Racing,SOFT,5.0,False,30.678,41.867,23.996,234.0,257.0,285.0,302.0,96.541,R
PER,Red Bull Racing,SOFT,6.0,False,30.596,42.478,24.223,231.0,245.0,284.0,315.0,97.297,R
PER,Red Bull Racing,SOFT,7.0,False,30.716,42.623,24.383,233.0,246.0,283.0,314.0,97.722,R
PER,Red Bull Racing,SOFT,8.0,False,30.997,42.754,24.293,227.0,249.0,285.0,320.0,98.044,R
PER,Red Bull Racing,SOFT,9.0,False,30.843,42.702,24.278,226.0,249.0,285.0,320.0,97.823,R
PER,Red Bull Racing,SOFT,10.0,False,31.013,42.682,24.126,232.0,259.0,278.0,316.0,97.821,R
PER,Red Bull Racing,SOFT,11.0,False,31.305,42.428,24.105,232.0,261.0,278.0,302.0,97.838,R
PER,Red Bull Racing,SOFT,12.0,False,31.145,42.395,24.056,228.0,257.0,278.0,302.0,97.596,R
PER,Red Bull Racing,SOFT,13.0,False,31.178,42.322,24.13,229.0,259.0,279.0,300.0,97.63,R
PER,Red Bull Racing,SOFT,14.0,False,31.054,42.473,24.309,233.0,258.0,282.0,300.0,97.836,R
PER,Red Bull Racing,HARD,2.0,True,30.063,41.855,23.688,234.0,263.0,279.0,320.0,95.606,R
PER,Red Bull Racing,HARD,3.0,True,30.785,41.795,24.235,229.0,255.0,283.0,299.0,96.815,R
PER,Red Bull Racing,HARD,4.0,True,30.569,41.558,23.656,228.0,256.0,277.0,316.0,95.783,R
PER,Red Bull Racing,HARD,5.0,True,30.922,41.823,23.709,228.0,258.0,278.0,294.0,96.454,R
PER,Red Bull Racing,HARD,6.0,True,30.803,41.835,23.673,235.0,259.0,278.0,291.0,96.311,R
PER,Red Bull Racing,HARD,7.0,True,30.702,41.633,23.703,236.0,254.0,278.0,298.0,96.038,R
PER,Red Bull Racing,HARD,8.0,True,30.918,41.686,23.674,230.0,260.0,278.0,298.0,96.278,R
PER,Red Bull Racing,HARD,9.0,True,30.849,41.61,23.706,230.0,263.0,277.0,298.0,96.165,R
PER,Red Bull Racing,HARD,10.0,True,30.824,41.536,23.677,232.0,263.0,278.0,295.0,96.037,R
PER,Red Bull Racing,HARD,11.0,True,30.84,41.729,23.68,230.0,262.0,279.0,299.0,96.249,R
PER,Red Bull Racing,HARD,12.0,True,30.792,41.687,23.732,235.0,261.0,278.0,299.0,96.211,R
PER,Red Bull Racing,HARD,13.0,True,30.878,41.719,23.747,233.0,260.0,279.0,297.0,96.344,R
PER,Red Bull Racing,HARD,14.0,True,30.938,41.666,23.743,232.0,263.0,278.0,298.0,96.347,R
PER,Red Bull Racing,HARD,15.0,True,30.853,41.543,23.837,235.0,263.0,279.0,299.0,96.233,R
PER,Red Bull Racing,HARD,16.0,True,30.929,41.588,23.709,233.0,264.0,279.0,299.0,96.226,R
PER,Red Bull Racing,HARD,17.0,True,30.926,41.749,23.762,228.0,263.0,279.0,298.0,96.437,R
PER,Red Bull Racing,HARD,18.0,True,30.916,41.643,23.754,230.0,263.0,279.0,299.0,96.313,R
PER,Red Bull Racing,HARD,19.0,True,30.843,41.752,23.744,231.0,263.0,279.0,299.0,96.339,R
PER,Red Bull Racing,HARD,20.0,True,30.856,41.671,23.749,233.0,263.0,279.0,300.0,96.276,R
PER,Red Bull Racing,HARD,21.0,True,30.907,41.752,23.905,230.0,264.0,279.0,299.0,96.564,R
PER,Red Bull Racing,HARD,22.0,True,30.84,41.734,23.804,233.0,265.0,279.0,301.0,96.378,R
PER,Red Bull Racing,HARD,23.0,True,30.938,41.91,23.928,231.0,261.0,279.0,299.0,96.776,R
PER,Red Bull Racing,SOFT,2.0,True,30.581,40.931,23.292,233.0,256.0,281.0,295.0,94.804,R
PER,Red Bull Racing,SOFT,3.0,True,30.563,40.893,23.151,233.0,260.0,281.0,294.0,94.607,R
PER,Red Bull Racing,SOFT,4.0,True,30.4,40.772,23.192,234.0,257.0,281.0,297.0,94.364,R
PER,Red Bull Racing,SOFT,5.0,True,30.351,40.884,23.165,239.0,258.0,281.0,301.0,94.4,R
PER,Red Bull Racing,SOFT,6.0,True,30.299,40.985,23.241,238.0,260.0,281.0,301.0,94.525,R
PER,Red Bull Racing,SOFT,7.0,True,30.403,41.148,23.246,236.0,262.0,281.0,301.0,94.797,R
PER,Red Bull Racing,SOFT,8.0,True,30.389,41.028,23.382,235.0,257.0,282.0,298.0,94.799,R
PER,Red Bull Racing,SOFT,9.0,True,30.338,40.986,23.268,234.0,263.0,281.0,298.0,94.592,R
PER,Red Bull Racing,SOFT,10.0,True,30.41,41.109,23.325,233.0,262.0,281.0,297.0,94.844,R
PER,Red Bull Racing,SOFT,11.0,True,30.281,41.074,23.375,235.0,262.0,281.0,299.0,94.73,R
PER,Red Bull Racing,SOFT,12.0,True,30.358,41.147,23.38,234.0,264.0,281.0,302.0,94.885,R
PER,Red Bull Racing,SOFT,13.0,True,30.4,41.133,23.433,234.0,262.0,281.0,300.0,94.966,R
PER,Red Bull Racing,SOFT,14.0,True,30.366,41.337,23.379,236.0,263.0,281.0,301.0,95.082,R
PER,Red Bull Racing,SOFT,15.0,True,30.36,41.144,23.436,235.0,265.0,281.0,304.0,94.94,R
PER,Red Bull Racing,SOFT,16.0,True,30.577,41.129,23.477,234.0,266.0,282.0,299.0,95.183,R
PER,Red Bull Racing,SOFT,17.0,True,30.638,41.522,23.682,235.0,266.0,281.0,299.0,95.842,R
PER,Red Bull Racing,SOFT,18.0,True,30.578,41.382,23.499,234.0,265.0,282.0,302.0,95.459,R
PER,Red Bull Racing,SOFT,19.0,True,30.683,41.42,23.508,233.0,264.0,282.0,303.0,95.611,R
PER,Red Bull Racing,SOFT,20.0,True,30.539,41.406,23.623,235.0,266.0,283.0,304.0,95.568,R
PER,Red Bull Racing,SOFT,21.0,True,30.521,41.6,23.625,236.0,267.0,282.0,306.0,95.746,R
SAI,Ferrari,SOFT,5.0,False,30.974,42.366,23.896,235.0,244.0,279.0,297.0,97.236,R
SAI,Ferrari,SOFT,6.0,False,31.049,42.179,23.852,233.0,246.0,280.0,300.0,97.08,R
SAI,Ferrari,SOFT,7.0,False,30.957,42.373,23.934,234.0,245.0,285.0,304.0,97.264,R
SAI,Ferrari,SOFT,8.0,False,30.967,42.821,24.244,232.0,245.0,286.0,324.0,98.032,R
SAI,Ferrari,SOFT,9.0,False,30.879,42.803,24.059,233.0,243.0,286.0,325.0,97.741,R
SAI,Ferrari,SOFT,10.0,False,30.847,43.148,24.265,234.0,242.0,286.0,326.0,98.26,R
SAI,Ferrari,SOFT,11.0,False,31.341,42.701,24.141,232.0,246.0,287.0,316.0,98.183,R
SAI,Ferrari,SOFT,12.0,False,30.99,42.868,24.172,234.0,247.0,285.0,323.0,98.03,R
SAI,Ferrari,SOFT,13.0,False,30.819,42.638,24.151,233.0,248.0,287.0,319.0,97.608,R
SAI,Ferrari,SOFT,14.0,False,31.266,42.386,24.004,232.0,252.0,280.0,324.0,97.656,R
SAI,Ferrari,SOFT,15.0,False,31.089,42.46,24.101,232.0,248.0,277.0,299.0,97.65,R
SAI,Ferrari,SOFT,16.0,False,31.025,42.212,24.006,233.0,250.0,277.0,298.0,97.243,R
SAI,Ferrari,HARD,2.0,True,30.412,42.131,23.833,236.0,247.0,289.0,325.0,96.376,R
SAI,Ferrari,HARD,3.0,True,30.202,41.758,23.547,233.0,251.0,286.0,332.0,95.507,R
SAI,Ferrari,HARD,4.0,True,30.59,41.964,23.534,233.0,249.0,279.0,322.0,96.088,R
SAI,Ferrari,HARD,5.0,True,30.805,41.897,23.534,234.0,248.0,279.0,293.0,96.236,R
SAI,Ferrari,HARD,6.0,True,30.786,41.66,23.588,235.0,252.0,279.0,297.0,96.034,R
SAI,Ferrari,HARD,7.0,True,30.796,41.752,23.556,235.0,252.0,279.0,298.0,96.104,R
SAI,Ferrari,HARD,8.0,True,30.686,41.77,23.552,235.0,253.0,280.0,299.0,96.008,R
SAI,Ferrari,HARD,9.0,True,30.738,41.797,23.614,236.0,252.0,280.0,300.0,96.149,R
SAI,Ferrari,HARD,10.0,True,30.698,41.881,23.621,236.0,251.0,280.0,301.0,96.2,R
SAI,Ferrari,HARD,11.0,True,30.724,41.907,23.589,233.0,251.0,280.0,301.0,96.22,R
SAI,Ferrari,HARD,12.0,True,30.714,41.878,23.629,237.0,252.0,280.0,302.0,96.221,R
SAI,Ferrari,HARD,13.0,True,30.807,41.836,23.629,236.0,251.0,280.0,301.0,96.272,R
SAI,Ferrari,HARD,14.0,True,30.901,41.965,23.668,236.0,251.0,280.0,299.0,96.534,R
SAI,Ferrari,HARD,15.0,True,30.852,41.97,23.778,236.0,254.0,280.0,301.0,96.6,R
SAI,Ferrari,HARD,16.0,True,30.746,41.897,23.694,236.0,253.0,280.0,303.0,96.337,R
SAI,Ferrari,HARD,17.0,True,30.851,41.959,23.727,234.0,253.0,280.0,301.0,96.537,R
SAI,Ferrari,HARD,18.0,True,30.873,42.115,23.774,236.0,255.0,280.0,303.0,96.762,R
SAI,Ferrari,HARD,19.0,True,30.833,41.987,23.736,237.0,254.0,280.0,303.0,96.556,R
SAI,Ferrari,HARD,20.0,True,30.858,41.933,23.76,236.0,254.0,280.0,301.0,96.551,R
SAI,Ferrari,HARD,2.0,True,30.695,41.39,23.217,237.0,250.0,282.0,296.0,95.302,R
SAI,Ferrari,HARD,3.0,True,30.631,41.329,23.14,237.0,251.0,282.0,300.0,95.1,R
SAI,Ferrari,HARD,4.0,True,30.481,41.066,23.162,237.0,254.0,282.0,299.0,94.709,R
SAI,Ferrari,HARD,5.0,True,30.382,41.146,23.211,238.0,254.0,282.0,303.0,94.739,R
SAI,Ferrari,HARD,6.0,True,30.638,41.205,23.198,236.0,253.0,282.0,303.0,95.041,R
SAI,Ferrari,HARD,7.0,True,30.448,41.195,23.218,237.0,255.0,282.0,301.0,94.861,R
SAI,Ferrari,HARD,8.0,True,30.387,41.201,23.207,238.0,253.0,281.0,302.0,94.795,R
SAI,Ferrari,HARD,9.0,True,30.35,40.971,23.186,237.0,255.0,282.0,301.0,94.507,R
SAI,Ferrari,HARD,10.0,True,30.398,41.123,23.269,237.0,256.0,282.0,301.0,94.79,R
SAI,Ferrari,HARD,11.0,True,30.466,41.116,23.271,237.0,256.0,282.0,300.0,94.853,R
SAI,Ferrari,HARD,12.0,True,30.455,41.086,23.36,237.0,255.0,281.0,303.0,94.901,R
SAI,Ferrari,HARD,13.0,True,30.602,41.028,23.351,236.0,258.0,282.0,303.0,94.981,R
SAI,Ferrari,HARD,14.0,True,30.499,41.58,23.361,237.0,254.0,282.0,302.0,95.44,R
SAI,Ferrari,HARD,15.0,True,30.468,41.331,23.343,238.0,256.0,282.0,303.0,95.142,R
SAI,Ferrari,HARD,16.0,True,30.502,41.387,23.393,236.0,255.0,281.0,304.0,95.282,R
SAI,Ferrari,HARD,17.0,True,30.522,41.259,23.302,237.0,258.0,281.0,303.0,95.083,R
SAI,Ferrari,HARD,18.0,True,30.491,41.288,23.432,237.0,258.0,283.0,301.0,95.211,R
SAI,Ferrari,HARD,19.0,True,30.555,41.277,23.477,237.0,257.0,284.0,306.0,95.309,R
SAI,Ferrari,HARD,20.0,True,30.699,41.192,23.516,237.0,263.0,282.0,306.0,95.407,R
SAI,Ferrari,HARD,21.0,True,30.593,41.18,23.532,238.0,265.0,283.0,301.0,95.305,R
SAI,Ferrari,HARD,22.0,True,30.55,41.125,23.652,239.0,269.0,282.0,305.0,95.327,R
LEC,Ferrari,SOFT,5.0,False,31.166,41.864,23.832,232.0,240.0,277.0,293.0,96.862,R
LEC,Ferrari,SOFT,6.0,False,31.223,42.856,23.983,234.0,256.0,283.0,296.0,98.062,R
LEC,Ferrari,SOFT,7.0,False,30.958,42.784,24.01,233.0,242.0,279.0,313.0,97.752,R
LEC,Ferrari,SOFT,8.0,False,31.192,42.872,24.067,232.0,242.0,283.0,298.0,98.131,R
LEC,Ferrari,SOFT,9.0,False,30.936,42.751,24.095,230.0,242.0,283.0,312.0,97.782,R
LEC,Ferrari,SOFT,10.0,False,31.008,43.761,24.188,231.0,246.0,285.0,310.0,98.957,R
LEC,Ferrari,SOFT,11.0,False,31.2,42.753,24.183,232.0,258.0,284.0,316.0,98.136,R
LEC,Ferrari,SOFT,12.0,False,31.147,42.533,24.164,229.0,258.0,283.0,314.0,97.844,R
LEC,Ferrari,SOFT,13.0,False,30.988,42.534,24.362,230.0,254.0,279.0,316.0,97.884,R
LEC,Ferrari,HARD,2.0,True,30.58,42.173,23.679,235.0,254.0,282.0,314.0,96.432,R
LEC,Ferrari,HARD,3.0,True,30.787,42.232,23.737,236.0,247.0,282.0,305.0,96.756,R
LEC,Ferrari,HARD,4.0,True,30.831,42.256,23.726,236.0,244.0,285.0,298.0,96.813,R
LEC,Ferrari,HARD,5.0,True,30.606,42.32,23.747,236.0,259.0,285.0,320.0,96.673,R
LEC,Ferrari,HARD,6.0,True,31.109,42.332,23.861,233.0,246.0,279.0,318.0,97.302,R
LEC,Ferrari,HARD,7.0,True,31.18,42.467,23.791,233.0,243.0,279.0,298.0,97.438,R
LEC,Ferrari,HARD,8.0,True,30.986,42.03,23.805,234.0,262.0,280.0,298.0,96.821,R
LEC,Ferrari,HARD,9.0,True,30.839,42.103,23.852,234.0,262.0,280.0,299.0,96.794,R
LEC,Ferrari,HARD,10.0,True,31.089,42.091,23.797,234.0,258.0,280.0,300.0,96.977,R
LEC,Ferrari,HARD,11.0,True,30.994,41.976,23.826,234.0,257.0,280.0,299.0,96.796,R
LEC,Ferrari,HARD,12.0,True,31.131,41.941,23.915,235.0,261.0,280.0,300.0,96.987,R
LEC,Ferrari,HARD,13.0,True,31.083,41.904,23.937,234.0,258.0,280.0,298.0,96.924,R
LEC,Ferrari,HARD,14.0,True,31.059,41.828,23.873,234.0,259.0,280.0,299.0,96.76,R
LEC,Ferrari,HARD,15.0,True,30.991,41.901,23.918,234.0,259.0,280.0,300.0,96.81,R
LEC,Ferrari,HARD,16.0,True,31.081,41.881,23.869,235.0,260.0,281.0,301.0,96.831,R
LEC,Ferrari,HARD,17.0,True,31.019,41.971,23.917,234.0,261.0,280.0,300.0,96.907,R
LEC,Ferrari,HARD,18.0,True,30.974,42.065,23.924,236.0,259.0,280.0,300.0,96.963,R
LEC,Ferrari,HARD,19.0,True,31.134,42.03,23.994,235.0,260.0,281.0,301.0,97.158,R
LEC,Ferrari,HARD,20.0,True,30.999,42.079,23.953,236.0,260.0,279.0,300.0,97.031,R
LEC,Ferrari,HARD,21.0,True,31.153,41.922,23.866,233.0,259.0,279.0,294.0,96.941,R
LEC,Ferrari,HARD,22.0,True,30.99,41.868,23.883,237.0,261.0,279.0,298.0,96.741,R
LEC,Ferrari,HARD,2.0,True,30.063,40.65,23.377,238.0,262.0,281.0,318.0,94.09,R
LEC,Ferrari,HARD,3.0,True,30.611,40.962,23.324,235.0,256.0,281.0,293.0,94.897,R
LEC,Ferrari,HARD,4.0,True,30.55,40.953,23.28,236.0,256.0,283.0,298.0,94.783,R
LEC,Ferrari,HARD,5.0,True,30.604,41.077,23.406,236.0,260.0,282.0,298.0,95.087,R
LEC,Ferrari,HARD,6.0,True,30.507,40.836,23.516,237.0,267.0,283.0,299.0,94.859,R
LEC,Ferrari,HARD,7.0,True,30.539,41.033,23.456,236.0,264.0,284.0,299.0,95.028,R
LEC,Ferrari,HARD,8.0,True,30.413,41.067,23.502,235.0,262.0,288.0,305.0,94.982,R
LEC,Ferrari,HARD,9.0,True,30.286,41.367,23.539,236.0,261.0,287.0,315.0,95.192,R
LEC,Ferrari,HARD,10.0,True,30.468,41.124,23.459,234.0,261.0,288.0,313.0,95.051,R
LEC,Ferrari,HARD,11.0,True,30.355,41.281,23.584,238.0,264.0,288.0,318.0,95.22,R
LEC,Ferrari,HARD,12.0,True,30.238,41.4,23.42,240.0,267.0,282.0,320.0,95.058,R
LEC,Ferrari,HARD,13.0,True,30.577,41.115,23.365,236.0,262.0,281.0,301.0,95.057,R
LEC,Ferrari,HARD,14.0,True,30.64,41.183,23.485,236.0,262.0,281.0,295.0,95.308,R
LEC,Ferrari,HARD,15.0,True,30.689,41.12,23.493,238.0,265.0,281.0,298.0,95.302,R
LEC,Ferrari,HARD,16.0,True,30.639,41.285,23.459,238.0,266.0,281.0,299.0,95.383,R
LEC,Ferrari,HARD,17.0,True,30.721,41.116,23.581,237.0,267.0,281.0,299.0,95.418,R
LEC,Ferrari,HARD,18.0,True,30.693,41.156,23.545,238.0,265.0,280.0,298.0,95.394,R
LEC,Ferrari,HARD,19.0,True,30.777,41.227,23.476,239.0,265.0,281.0,299.0,95.48,R
LEC,Ferrari,HARD,20.0,True,30.7,41.077,23.488,238.0,266.0,281.0,301.0,95.265,R
LEC,Ferrari,HARD,21.0,True,30.857,41.308,23.62,237.0,267.0,281.0,299.0,95.785,R
LEC,Ferrari,HARD,22.0,True,30.744,41.565,23.615,238.0,266.0,281.0,299.0,95.924,R
LEC,Ferrari,HARD,23.0,True,30.856,41.655,23.813,238.0,262.0,265.0,299.0,96.324,R
RUS,Mercedes,SOFT,5.0,False,30.829,42.038,23.768,230.0,253.0,283.0,298.0,96.635,R
RUS,Mercedes,SOFT,6.0,False,30.367,42.202,23.837,232.0,250.0,278.0,318.0,96.406,R
RUS,Mercedes,SOFT,7.0,False,31.135,42.609,23.994,223.0,247.0,269.0,296.0,97.738,R
RUS,Mercedes,SOFT,8.0,False,31.636,42.573,23.907,225.0,250.0,277.0,287.0,98.116,R
RUS,Mercedes,SOFT,9.0,False,31.36,42.508,23.916,225.0,252.0,277.0,289.0,97.784,R
RUS,Mercedes,SOFT,10.0,False,31.48,42.577,24.025,226.0,251.0,278.0,286.0,98.082,R
RUS,Mercedes,SOFT,11.0,False,31.238,42.646,23.978,230.0,246.0,278.0,288.0,97.862,R
RUS,Mercedes,SOFT,12.0,False,31.12,42.578,24.032,231.0,246.0,278.0,292.0,97.73,R
RUS,Mercedes,SOFT,13.0,False,31.247,42.538,23.997,226.0,255.0,277.0,288.0,97.782,R
RUS,Mercedes,HARD,2.0,True,30.759,42.479,23.929,232.0,254.0,284.0,296.0,97.167,R
RUS,Mercedes,HARD,3.0,True,30.851,42.74,23.98,218.0,255.0,279.0,319.0,97.571,R
RUS,Mercedes,HARD,4.0,True,31.038,42.152,23.732,230.0,251.0,280.0,291.0,96.922,R
RUS,Mercedes,HARD,5.0,True,31.03,42.084,23.569,227.0,257.0,278.0,295.0,96.683,R
RUS,Mercedes,HARD,6.0,True,30.747,41.766,23.721,228.0,256.0,278.0,298.0,96.234,R
RUS,Mercedes,HARD,7.0,True,31.462,42.532,23.825,232.0,257.0,274.0,290.0,97.819,R
RUS,Mercedes,HARD,8.0,True,31.101,42.267,23.865,228.0,247.0,280.0,293.0,97.233,R
RUS,Mercedes,HARD,9.0,True,30.862,42.099,23.771,229.0,250.0,280.0,292.0,96.732,R
RUS,Mercedes,HARD,10.0,True,30.87,42.18,23.719,229.0,253.0,280.0,294.0,96.769,R
RUS,Mercedes,HARD,11.0,True,30.84,42.313,23.839,229.0,248.0,280.0,295.0,96.992,R
RUS,Mercedes,HARD,12.0,True,31.043,42.088,23.823,229.0,256.0,280.0,290.0,96.954,R
RUS,Mercedes,HARD,13.0,True,30.867,42.107,23.762,231.0,246.0,280.0,295.0,96.736,R
RUS,Mercedes,HARD,14.0,True,30.941,42.199,23.788,231.0,250.0,280.0,295.0,96.928,R
RUS,Mercedes,HARD,15.0,True,30.867,42.161,23.773,232.0,258.0,280.0,295.0,96.801,R
RUS,Mercedes,HARD,16.0,True,30.93,42.115,23.77,232.0,253.0,280.0,294.0,96.815,R
RUS,Mercedes,HARD,17.0,True,30.98,42.149,23.782,231.0,254.0,280.0,294.0,96.911,R
RUS,Mercedes,HARD,18.0,True,30.993,42.224,23.849,231.0,257.0,280.0,295.0,97.066,R
RUS,Mercedes,HARD,19.0,True,31.03,42.221,23.935,232.0,252.0,280.0,294.0,97.186,R
RUS,Mercedes,HARD,2.0,True,30.638,41.572,23.628,232.0,246.0,293.0,301.0,95.838,R
RUS,Mercedes,HARD,3.0,True,30.286,41.651,23.304,234.0,254.0,281.0,309.0,95.241,R
RUS,Mercedes,HARD,4.0,True,30.587,41.817,23.368,234.0,244.0,281.0,297.0,95.772,R
RUS,Mercedes,HARD,5.0,True,30.608,41.494,23.332,235.0,253.0,281.0,296.0,95.434,R
RUS,Mercedes,HARD,6.0,True,30.566,41.586,23.329,234.0,251.0,281.0,298.0,95.481,R
RUS,Mercedes,HARD,7.0,True,30.6,41.469,23.41,233.0,259.0,281.0,297.0,95.479,R
RUS,Mercedes,HARD,8.0,True,30.547,41.329,23.328,235.0,260.0,282.0,299.0,95.204,R
RUS,Mercedes,HARD,9.0,True,30.39,41.347,23.328,236.0,261.0,282.0,299.0,95.065,R
RUS,Mercedes,HARD,10.0,True,30.541,41.25,23.302,235.0,263.0,282.0,296.0,95.093,R
RUS,Mercedes,HARD,11.0,True,30.57,41.196,23.37,236.0,265.0,282.0,294.0,95.136,R
RUS,Mercedes,HARD,12.0,True,30.626,41.237,23.33,235.0,265.0,282.0,294.0,95.193,R
RUS,Mercedes,HARD,13.0,True,30.573,41.252,23.337,236.0,265.0,281.0,295.0,95.162,R
RUS,Mercedes,HARD,14.0,True,30.599,41.328,23.349,236.0,267.0,283.0,300.0,95.276,R
RUS,Mercedes,HARD,15.0,True,30.649,42.244,23.764,236.0,263.0,288.0,302.0,96.657,R
RUS,Mercedes,HARD,16.0,True,30.525,41.724,23.556,233.0,264.0,283.0,323.0,95.805,R
RUS,Mercedes,HARD,17.0,True,30.794,41.795,23.47,234.0,251.0,282.0,305.0,96.059,R
RUS,Mercedes,HARD,18.0,True,30.723,41.727,23.504,236.0,258.0,283.0,299.0,95.954,R
RUS,Mercedes,HARD,19.0,True,30.691,41.93,23.56,234.0,260.0,282.0,300.0,96.181,R
RUS,Mercedes,HARD,20.0,True,30.639,41.734,23.479,236.0,261.0,282.0,305.0,95.852,R
RUS,Mercedes,HARD,21.0,True,30.678,41.927,23.581,237.0,257.0,283.0,303.0,96.186,R
RUS,Mercedes,HARD,22.0,True,30.752,41.74,23.487,237.0,263.0,283.0,302.0,95.979,R
RUS,Mercedes,HARD,23.0,True,30.744,41.687,23.582,236.0,261.0,282.0,302.0,96.013,R
RUS,Mercedes,HARD,24.0,True,30.818,41.709,23.624,237.0,263.0,282.0,303.0,96.151,R
RUS,Mercedes,HARD,25.0,True,30.808,41.885,23.657,236.0,263.0,282.0,298.0,96.35,R
RUS,Mercedes,HARD,26.0,True,30.765,42.018,23.657,235.0,261.0,283.0,300.0,96.44,R
NOR,McLaren,SOFT,5.0,False,31.353,42.618,24.039,231.0,249.0,285.0,298.0,98.01,R
NOR,McLaren,SOFT,6.0,False,31.112,42.476,24.199,229.0,254.0,275.0,318.0,97.787,R
NOR,McLaren,SOFT,7.0,False,31.115,42.193,24.142,232.0,253.0,276.0,294.0,97.45,R
NOR,McLaren,SOFT,8.0,False,31.258,42.379,24.157,227.0,248.0,276.0,294.0,97.794,R
NOR,McLaren,SOFT,9.0,False,31.027,42.622,24.247,227.0,248.0,276.0,301.0,97.896,R
NOR,McLaren,SOFT,10.0,False,31.074,42.514,24.272,229.0,246.0,276.0,302.0,97.86,R
NOR,McLaren,SOFT,11.0,False,31.171,42.688,24.275,227.0,247.0,277.0,303.0,98.134,R
NOR,McLaren,SOFT,12.0,False,31.051,42.721,24.292,228.0,250.0,276.0,302.0,98.064,R
NOR,McLaren,SOFT,13.0,False,31.019,42.563,24.354,228.0,249.0,276.0,302.0,97.936,R
NOR,McLaren,SOFT,14.0,False,31.163,42.74,24.269,229.0,250.0,277.0,302.0,98.172,R
NOR,McLaren,SOFT,15.0,False,31.232,42.561,24.289,229.0,251.0,277.0,300.0,98.082,R
NOR,McLaren,HARD,2.0,True,31.011,42.058,23.843,234.0,244.0,279.0,294.0,96.912,R
NOR,McLaren,HARD,3.0,True,30.716,42.031,23.818,233.0,249.0,280.0,298.0,96.565,R
NOR,McLaren,HARD,4.0,True,31.049,41.973,23.754,233.0,248.0,278.0,296.0,96.776,R
NOR,McLaren,HARD,5.0,True,30.803,41.777,23.928,232.0,251.0,277.0,296.0,96.508,R
NOR,McLaren,HARD,6.0,True,30.87,41.774,23.772,235.0,254.0,278.0,295.0,96.416,R
NOR,McLaren,HARD,7.0,True,30.817,41.871,23.813,233.0,250.0,278.0,295.0,96.501,R
NOR,McLaren,HARD,8.0,True,30.889,41.825,23.906,235.0,253.0,278.0,296.0,96.62,R
NOR,McLaren,HARD,9.0,True,30.839,41.822,24.007,236.0,257.0,278.0,296.0,96.668,R
NOR,McLaren,HARD,10.0,True,30.92,41.877,23.899,235.0,256.0,278.0,296.0,96.696,R
NOR,McLaren,HARD,11.0,True,30.89,42.047,23.886,236.0,254.0,278.0,296.0,96.823,R
NOR,McLaren,HARD,12.0,True,30.923,41.924,23.883,235.0,257.0,279.0,302.0,96.73,R
NOR,McLaren,HARD,13.0,True,30.845,41.878,23.843,235.0,259.0,279.0,301.0,96.566,R
NOR,McLaren,HARD,14.0,True,30.873,41.939,23.914,235.0,259.0,279.0,301.0,96.726,R
NOR,McLaren,HARD,15.0,True,30.98,41.984,24.054,235.0,260.0,279.0,300.0,97.018,R
NOR,McLaren,HARD,16.0,True,30.879,42.16,24.002,234.0,260.0,279.0,300.0,97.041,R
NOR,McLaren,HARD,17.0,True,30.946,42.076,23.964,234.0,258.0,279.0,301.0,96.986,R
NOR,McLaren,HARD,18.0,True,30.944,42.127,24.012,235.0,257.0,279.0,302.0,97.083,R
NOR,McLaren,HARD,19.0,True,30.994,42.14,24.037,235.0,260.0,279.0,300.0,97.171,R
NOR,McLaren,HARD,2.0,True,30.32,40.838,23.318,238.0,267.0,287.0,301.0,94.476,R
NOR,McLaren,HARD,3.0,True,30.162,42.072,23.456,234.0,254.0,281.0,316.0,95.69,R
NOR,McLaren,HARD,4.0,True,30.355,41.339,23.373,237.0,250.0,280.0,304.0,95.067,R
NOR,McLaren,HARD,5.0,True,30.48,41.161,23.508,237.0,263.0,280.0,302.0,95.149,R
NOR,McLaren,HARD,6.0,True,30.35,41.047,23.483,236.0,256.0,280.0,301.0,94.88,R
NOR,McLaren,HARD,7.0,True,30.366,41.222,23.688,237.0,258.0,277.0,303.0,95.276,R
NOR,McLaren,HARD,8.0,True,30.318,41.261,23.49,236.0,261.0,281.0,303.0,95.069,R
NOR,McLaren,HARD,9.0,True,30.402,41.212,23.551,237.0,259.0,281.0,302.0,95.165,R
NOR,McLaren,HARD,10.0,True,30.462,41.196,23.637,236.0,260.0,280.0,303.0,95.295,R
NOR,McLaren,HARD,11.0,True,30.488,41.267,23.591,236.0,257.0,280.0,304.0,95.346,R
NOR,McLaren,HARD,12.0,True,30.468,41.24,23.63,236.0,261.0,280.0,302.0,95.338,R
NOR,McLaren,HARD,13.0,True,30.485,41.244,23.642,236.0,264.0,281.0,302.0,95.371,R
NOR,McLaren,HARD,14.0,True,30.546,41.341,23.598,236.0,261.0,281.0,299.0,95.485,R
NOR,McLaren,HARD,15.0,True,30.638,41.369,23.71,236.0,262.0,280.0,303.0,95.717,R
NOR,McLaren,HARD,16.0,True,30.64,41.34,23.694,236.0,263.0,282.0,302.0,95.674,R
NOR,McLaren,HARD,17.0,True,30.563,41.375,23.719,236.0,264.0,281.0,303.0,95.657,R
NOR,McLaren,HARD,18.0,True,30.786,41.516,23.736,236.0,265.0,282.0,303.0,96.038,R
NOR,McLaren,HARD,19.0,True,30.655,41.461,23.806,238.0,268.0,282.0,300.0,95.922,R
NOR,McLaren,HARD,20.0,True,30.666,41.392,23.724,237.0,268.0,282.0,303.0,95.782,R
NOR,McLaren,HARD,21.0,True,30.672,41.387,23.875,233.0,268.0,282.0,304.0,95.934,R
NOR,McLaren,HARD,22.0,True,31.035,41.372,23.816,232.0,269.0,282.0,302.0,96.223,R
NOR,McLaren,HARD,23.0,True,30.691,41.471,23.814,233.0,270.0,282.0,305.0,95.976,R
NOR,McLaren,HARD,24.0,True,30.771,41.992,23.819,234.0,270.0,283.0,304.0,96.582,R
HAM,Mercedes,SOFT,5.0,False,31.287,42.893,24.093,229.0,245.0,286.0,301.0,98.273,R
HAM,Mercedes,SOFT,6.0,False,31.062,43.099,24.142,231.0,246.0,286.0,311.0,98.303,R
HAM,Mercedes,SOFT,7.0,False,30.983,43.146,24.158,228.0,243.0,284.0,297.0,98.287,R
HAM,Mercedes,SOFT,8.0,False,31.14,43.01,24.2,228.0,245.0,287.0,296.0,98.35,R
HAM,Mercedes,SOFT,9.0,False,31.124,42.887,24.172,230.0,247.0,286.0,301.0,98.183,R
HAM,Mercedes,SOFT,10.0,False,30.829,42.823,24.187,229.0,248.0,287.0,293.0,97.839,R
HAM,Mercedes,SOFT,11.0,False,31.079,42.886,24.256,229.0,248.0,285.0,304.0,98.221,R
HAM,Mercedes,SOFT,12.0,False,31.088,43.171,24.386,230.0,247.0,288.0,311.0,98.645,R
HAM,Mercedes,SOFT,13.0,False,30.931,42.821,24.285,228.0,247.0,278.0,320.0,98.037,R
HAM,Mercedes,SOFT,14.0,False,31.279,42.819,24.138,228.0,249.0,279.0,290.0,98.236,R
HAM,Mercedes,HARD,2.0,True,31.073,42.404,23.701,231.0,246.0,281.0,288.0,97.178,R
HAM,Mercedes,HARD,3.0,True,31.095,42.315,23.854,229.0,243.0,280.0,288.0,97.264,R
HAM,Mercedes,HARD,4.0,True,31.165,42.207,23.719,229.0,243.0,280.0,286.0,97.091,R
HAM,Mercedes,HARD,5.0,True,30.738,42.64,23.733,231.0,247.0,281.0,295.0,97.111,R
HAM,Mercedes,HARD,6.0,True,30.825,42.221,23.804,231.0,250.0,280.0,295.0,96.85,R
HAM,Mercedes,HARD,7.0,True,30.848,42.131,23.715,232.0,252.0,279.0,292.0,96.694,R
HAM,Mercedes,HARD,8.0,True,30.768,41.794,23.702,232.0,254.0,280.0,295.0,96.264,R
HAM,Mercedes,HARD,9.0,True,30.757,42.003,23.75,233.0,254.0,280.0,294.0,96.51,R
HAM,Mercedes,HARD,10.0,True,30.733,42.141,23.759,233.0,252.0,280.0,295.0,96.633,R
HAM,Mercedes,HARD,11.0,True,30.884,42.063,23.77,233.0,254.0,281.0,294.0,96.717,R
HAM,Mercedes,HARD,12.0,True,30.826,42.1,23.74,232.0,253.0,281.0,294.0,96.666,R
HAM,Mercedes,HARD,13.0,True,31.037,42.09,23.792,234.0,254.0,280.0,297.0,96.919,R
HAM,Mercedes,HARD,14.0,True,30.847,42.095,23.772,233.0,256.0,281.0,298.0,96.714,R
HAM,Mercedes,HARD,15.0,True,30.891,42.39,23.92,234.0,255.0,281.0,296.0,97.201,R
HAM,Mercedes,HARD,16.0,True,30.907,41.948,23.837,233.0,257.0,282.0,298.0,96.692,R
HAM,Mercedes,HARD,17.0,True,30.897,42.023,23.866,233.0,259.0,281.0,298.0,96.786,R
HAM,Mercedes,HARD,18.0,True,30.945,42.37,23.929,232.0,259.0,281.0,296.0,97.244,R
HAM,Mercedes,HARD,19.0,True,30.837,42.175,23.963,233.0,258.0,282.0,299.0,96.975,R
HAM,Mercedes,HARD,20.0,True,31.076,42.235,24.014,234.0,260.0,282.0,298.0,97.325,R
HAM,Mercedes,HARD,2.0,True,30.776,41.304,23.409,239.0,246.0,283.0,302.0,95.489,R
HAM,Mercedes,HARD,3.0,True,30.303,41.653,23.323,237.0,252.0,284.0,297.0,95.279,R
HAM,Mercedes,HARD,4.0,True,30.384,41.575,23.638,234.0,254.0,290.0,302.0,95.597,R
HAM,Mercedes,HARD,5.0,True,30.06,41.423,23.483,233.0,257.0,290.0,316.0,94.966,R
HAM,Mercedes,HARD,6.0,True,30.17,41.159,23.393,233.0,258.0,282.0,313.0,94.722,R
HAM,Mercedes,HARD,7.0,True,30.443,41.198,23.4,235.0,260.0,282.0,296.0,95.041,R
HAM,Mercedes,HARD,8.0,True,30.463,41.116,23.361,235.0,263.0,282.0,297.0,94.94,R
HAM,Mercedes,HARD,9.0,True,30.426,41.13,23.44,235.0,260.0,283.0,298.0,94.996,R
HAM,Mercedes,HARD,10.0,True,30.437,41.134,23.364,235.0,259.0,282.0,297.0,94.935,R
HAM,Mercedes,HARD,11.0,True,30.494,41.229,23.446,235.0,262.0,282.0,297.0,95.169,R
HAM,Mercedes,HARD,12.0,True,30.483,41.299,23.402,236.0,261.0,282.0,298.0,95.184,R
HAM,Mercedes,HARD,13.0,True,30.569,41.258,23.458,235.0,264.0,282.0,300.0,95.285,R
HAM,Mercedes,HARD,14.0,True,30.514,41.311,23.401,236.0,262.0,282.0,296.0,95.226,R
HAM,Mercedes,HARD,15.0,True,30.691,41.926,23.548,236.0,263.0,282.0,296.0,96.165,R
HAM,Mercedes,HARD,16.0,True,30.616,41.819,23.479,236.0,261.0,282.0,297.0,95.914,R
HAM,Mercedes,HARD,17.0,True,30.655,41.454,23.503,236.0,263.0,282.0,302.0,95.612,R
HAM,Mercedes,HARD,18.0,True,30.597,41.403,23.532,235.0,264.0,282.0,298.0,95.532,R
HAM,Mercedes,HARD,19.0,True,30.578,41.382,23.519,237.0,267.0,283.0,299.0,95.479,R
HAM,Mercedes,HARD,20.0,True,30.643,41.252,23.655,236.0,267.0,282.0,298.0,95.55,R
HAM,Mercedes,HARD,21.0,True,30.792,41.706,23.476,236.0,265.0,283.0,299.0,95.974,R
HAM,Mercedes,HARD,22.0,True,30.602,41.487,23.544,238.0,263.0,283.0,304.0,95.633,R
HAM,Mercedes,HARD,23.0,True,30.597,41.564,23.545,238.0,267.0,284.0,304.0,95.706,R
HAM,Mercedes,HARD,24.0,True,30.687,41.847,23.604,236.0,264.0,283.0,304.0,96.138,R
PIA,McLaren,SOFT,5.0,False,31.429,42.789,24.164,233.0,253.0,285.0,302.0,98.382,R
PIA,McLaren,SOFT,6.0,False,31.147,42.993,24.118,233.0,259.0,288.0,318.0,98.258,R
PIA,McLaren,SOFT,7.0,False,31.113,42.572,24.212,234.0,258.0,286.0,300.0,97.897,R
PIA,McLaren,SOFT,8.0,False,30.894,42.78,24.185,229.0,257.0,278.0,323.0,97.859,R
PIA,McLaren,SOFT,9.0,False,31.412,42.35,24.193,233.0,254.0,278.0,290.0,97.955,R
PIA,McLaren,SOFT,10.0,False,31.164,42.581,24.239,230.0,253.0,278.0,300.0,97.984,R
PIA,McLaren,SOFT,11.0,False,31.179,42.533,24.244,231.0,257.0,278.0,296.0,97.956,R
PIA,McLaren,SOFT,12.0,False,31.211,42.534,24.351,232.0,257.0,278.0,299.0,98.096,R
PIA,McLaren,SOFT,13.0,False,31.294,42.462,24.317,231.0,258.0,278.0,302.0,98.073,R
PIA,McLaren,SOFT,14.0,False,31.276,42.727,24.394,233.0,259.0,278.0,303.0,98.397,R
PIA,McLaren,HARD,2.0,True,30.92,42.057,23.819,234.0,254.0,280.0,299.0,96.796,R
PIA,McLaren,HARD,3.0,True,31.008,41.928,23.887,235.0,256.0,281.0,302.0,96.823,R
PIA,McLaren,HARD,4.0,True,30.706,41.849,23.872,235.0,258.0,280.0,305.0,96.427,R
PIA,McLaren,HARD,5.0,True,30.863,42.13,23.879,236.0,259.0,280.0,304.0,96.872,R
PIA,McLaren,HARD,6.0,True,30.958,42.15,23.987,233.0,256.0,279.0,304.0,97.095,R
PIA,McLaren,HARD,7.0,True,30.84,41.863,23.874,234.0,260.0,280.0,303.0,96.577,R
PIA,McLaren,HARD,8.0,True,30.982,41.794,23.868,234.0,263.0,280.0,302.0,96.644,R
PIA,McLaren,HARD,9.0,True,30.904,41.943,23.886,235.0,263.0,279.0,301.0,96.733,R
PIA,McLaren,HARD,10.0,True,30.87,41.812,23.873,236.0,266.0,280.0,302.0,96.555,R
PIA,McLaren,HARD,11.0,True,30.953,41.883,23.844,235.0,265.0,280.0,303.0,96.68,R
PIA,McLaren,HARD,12.0,True,31.104,41.813,23.967,235.0,265.0,279.0,301.0,96.884,R
PIA,McLaren,HARD,13.0,True,31.017,42.028,23.963,234.0,263.0,280.0,304.0,97.008,R
PIA,McLaren,HARD,14.0,True,30.94,42.004,23.938,234.0,264.0,279.0,301.0,96.882,R
PIA,McLaren,HARD,15.0,True,31.034,41.892,23.979,234.0,265.0,279.0,302.0,96.905,R
PIA,McLaren,HARD,16.0,True,31.028,41.888,23.989,235.0,264.0,279.0,300.0,96.905,R
PIA,McLaren,HARD,17.0,True,31.07,42.068,24.041,235.0,265.0,279.0,303.0,97.179,R
PIA,McLaren,HARD,18.0,True,31.02,42.067,24.09,235.0,266.0,279.0,303.0,97.177,R
PIA,McLaren,HARD,19.0,True,30.979,42.516,24.075,235.0,264.0,280.0,301.0,97.57,R
PIA,McLaren,HARD,20.0,True,30.956,42.2,24.007,236.0,266.0,280.0,302.0,97.163,R
PIA,McLaren,HARD,21.0,True,31.023,42.039,24.026,235.0,263.0,279.0,302.0,97.088,R
PIA,McLaren,HARD,2.0,True,30.577,41.125,23.451,238.0,267.0,281.0,302.0,95.153,R
PIA,McLaren,HARD,3.0,True,30.469,40.772,23.533,237.0,267.0,281.0,301.0,94.774,R
PIA,McLaren,HARD,4.0,True,30.613,41.055,23.63,237.0,269.0,289.0,307.0,95.298,R
PIA,McLaren,HARD,5.0,True,30.196,41.091,23.696,238.0,270.0,289.0,325.0,94.983,R
PIA,McLaren,HARD,6.0,True,30.329,41.07,23.606,237.0,270.0,281.0,321.0,95.005,R
PIA,McLaren,HARD,7.0,True,30.504,41.055,23.55,237.0,270.0,281.0,301.0,95.109,R
PIA,McLaren,HARD,8.0,True,30.605,41.21,23.526,238.0,270.0,281.0,302.0,95.341,R
PIA,McLaren,HARD,9.0,True,30.52,41.188,23.55,237.0,270.0,281.0,301.0,95.258,R
PIA,McLaren,HARD,10.0,True,30.489,41.161,23.588,237.0,270.0,282.0,299.0,95.238,R
PIA,McLaren,HARD,11.0,True,30.589,41.14,23.577,237.0,271.0,282.0,300.0,95.306,R
PIA,McLaren,HARD,12.0,True,30.594,41.178,23.524,237.0,271.0,281.0,300.0,95.296,R
PIA,McLaren,HARD,13.0,True,30.504,41.194,23.678,236.0,271.0,281.0,300.0,95.376,R
PIA,McLaren,HARD,14.0,True,30.651,41.365,23.686,237.0,272.0,282.0,299.0,95.702,R
PIA,McLaren,HARD,15.0,True,30.619,41.313,23.721,238.0,271.0,282.0,301.0,95.653,R
PIA,McLaren,HARD,16.0,True,30.79,41.405,23.789,237.0,272.0,282.0,301.0,95.984,R
PIA,McLaren,HARD,17.0,True,30.74,41.312,23.748,236.0,272.0,282.0,300.0,95.8,R
PIA,McLaren,HARD,18.0,True,30.765,41.526,23.733,237.0,271.0,281.0,301.0,96.024,R
PIA,McLaren,HARD,19.0,True,30.77,41.299,23.67,236.0,271.0,281.0,302.0,95.739,R
PIA,McLaren,HARD,20.0,True,30.976,41.431,23.7,238.0,271.0,280.0,298.0,96.107,R
PIA,McLaren,HARD,21.0,True,30.879,41.373,23.721,236.0,271.0,280.0,300.0,95.973,R
PIA,McLaren,HARD,22.0,True,30.82,41.515,23.765,237.0,271.0,280.0,300.0,96.1,R
PIA,McLaren,HARD,23.0,True,30.738,41.401,23.781,238.0,271.0,281.0,303.0,95.92,R
ALO,Aston Martin,SOFT,5.0,False,31.203,42.896,23.921,231.0,236.0,276.0,293.0,98.02,R
ALO,Aston Martin,SOFT,6.0,False,32.068,42.719,24.259,228.0,249.0,282.0,290.0,99.046,R
ALO,Aston Martin,SOFT,7.0,False,30.951,42.58,24.245,230.0,242.0,277.0,323.0,97.776,R
ALO,Aston Martin,SOFT,8.0,False,32.063,42.806,24.423,230.0,248.0,283.0,300.0,99.292,R
ALO,Aston Martin,SOFT,9.0,False,31.076,42.676,24.301,227.0,248.0,283.0,312.0,98.053,R
ALO,Aston Martin,SOFT,10.0,False,30.905,42.7,24.403,228.0,249.0,282.0,315.0,98.008,R
ALO,Aston Martin,SOFT,11.0,False,31.024,42.689,24.39,227.0,247.0,278.0,315.0,98.103,R
ALO,Aston Martin,SOFT,12.0,False,31.464,43.036,24.396,227.0,241.0,277.0,303.0,98.896,R
ALO,Aston Martin,SOFT,13.0,False,31.635,43.162,24.528,233.0,246.0,283.0,294.0,99.325,R
ALO,Aston Martin,SOFT,14.0,False,31.043,42.972,24.539,229.0,249.0,282.0,316.0,98.554,R
ALO,Aston Martin,SOFT,15.0,False,30.932,43.035,24.576,230.0,251.0,276.0,320.0,98.543,R
ALO,Aston Martin,SOFT,16.0,False,31.446,42.808,24.333,229.0,249.0,276.0,297.0,98.587,R
ALO,Aston Martin,SOFT,17.0,False,31.516,42.741,24.355,228.0,250.0,276.0,297.0,98.612,R
ALO,Aston Martin,HARD,2.0,True,30.546,42.572,23.852,232.0,237.0,277.0,310.0,96.97,R
ALO,Aston Martin,HARD,3.0,True,31.136,42.381,23.844,232.0,234.0,277.0,291.0,97.361,R
ALO,Aston Martin,HARD,4.0,True,30.967,42.236,23.869,232.0,239.0,277.0,297.0,97.072,R
ALO,Aston Martin,HARD,5.0,True,31.08,42.304,23.973,233.0,238.0,278.0,294.0,97.357,R
ALO,Aston Martin,HARD,6.0,True,30.978,42.385,23.979,232.0,229.0,278.0,295.0,97.342,R
ALO,Aston Martin,HARD,7.0,True,30.882,42.371,23.869,232.0,233.0,278.0,300.0,97.122,R
ALO,Aston Martin,HARD,8.0,True,30.946,42.451,23.868,233.0,241.0,279.0,294.0,97.265,R
ALO,Aston Martin,HARD,9.0,True,30.836,42.303,23.907,232.0,238.0,278.0,299.0,97.046,R
ALO,Aston Martin,HARD,10.0,True,30.925,42.232,24.022,233.0,240.0,277.0,302.0,97.179,R
ALO,Aston Martin,HARD,11.0,True,31.295,42.393,23.95,233.0,233.0,277.0,296.0,97.638,R
ALO,Aston Martin,HARD,12.0,True,31.0,42.032,23.913,234.0,233.0,277.0,292.0,96.945,R
ALO,Aston Martin,HARD,13.0,True,31.091,42.208,23.957,234.0,233.0,277.0,298.0,97.256,R
ALO,Aston Martin,HARD,14.0,True,30.948,42.237,23.919,233.0,232.0,277.0,297.0,97.104,R
ALO,Aston Martin,HARD,15.0,True,30.976,42.05,23.956,234.0,247.0,277.0,298.0,96.982,R
ALO,Aston Martin,HARD,16.0,True,30.866,42.192,23.899,234.0,238.0,278.0,299.0,96.957,R
ALO,Aston Martin,HARD,17.0,True,31.023,42.0,24.033,232.0,254.0,277.0,299.0,97.056,R
ALO,Aston Martin,HARD,18.0,True,31.106,42.136,23.96,233.0,247.0,278.0,299.0,97.202,R
ALO,Aston Martin,HARD,19.0,True,31.211,42.33,24.06,234.0,254.0,279.0,300.0,97.601,R
ALO,Aston Martin,HARD,20.0,True,31.078,42.219,23.976,232.0,253.0,278.0,300.0,97.273,R
ALO,Aston Martin,HARD,21.0,True,31.245,42.631,24.467,234.0,256.0,285.0,294.0,98.343,R
ALO,Aston Martin,HARD,22.0,True,30.5,42.284,24.015,234.0,254.0,279.0,323.0,96.799,R
ALO,Aston Martin,HARD,23.0,True,30.952,42.212,24.133,234.0,254.0,278.0,301.0,97.297,R
ALO,Aston Martin,HARD,24.0,True,31.253,42.438,24.255,234.0,255.0,279.0,295.0,97.946,R
ALO,Aston Martin,HARD,25.0,True,31.525,42.36,24.176,235.0,254.0,279.0,296.0,98.061,R
ALO,Aston Martin,HARD,2.0,True,30.517,41.055,23.535,237.0,250.0,288.0,293.0,95.107,R
ALO,Aston Martin,HARD,3.0,True,30.334,41.382,23.265,239.0,248.0,281.0,309.0,94.981,R
ALO,Aston Martin,HARD,4.0,True,30.536,41.011,23.325,235.0,246.0,281.0,290.0,94.872,R
ALO,Aston Martin,HARD,5.0,True,30.468,41.232,23.426,236.0,256.0,281.0,302.0,95.126,R
ALO,Aston Martin,HARD,6.0,True,30.596,41.183,23.446,235.0,257.0,288.0,299.0,95.225,R
ALO,Aston Martin,HARD,7.0,True,30.046,40.806,23.347,235.0,262.0,280.0,324.0,94.199,R
ALO,Aston Martin,HARD,8.0,True,30.4,40.783,23.388,238.0,264.0,280.0,291.0,94.571,R
ALO,Aston Martin,HARD,9.0,True,30.453,40.794,23.43,236.0,263.0,280.0,294.0,94.677,R
ALO,Aston Martin,HARD,10.0,True,30.543,40.924,23.449,237.0,264.0,281.0,294.0,94.916,R
ALO,Aston Martin,HARD,11.0,True,30.447,40.963,23.452,236.0,264.0,281.0,295.0,94.862,R
ALO,Aston Martin,HARD,12.0,True,30.498,41.106,23.645,237.0,264.0,282.0,296.0,95.249,R
ALO,Aston Martin,HARD,13.0,True,30.701,41.444,23.6,237.0,260.0,280.0,298.0,95.745,R
ALO,Aston Martin,HARD,14.0,True,30.478,41.126,23.462,237.0,263.0,280.0,294.0,95.066,R
ALO,Aston Martin,HARD,15.0,True,30.405,41.122,23.487,238.0,259.0,280.0,294.0,95.014,R
ALO,Aston Martin,HARD,16.0,True,30.59,41.134,23.552,241.0,262.0,280.0,294.0,95.276,R
STR,Aston Martin,SOFT,2.0,True,31.319,42.653,24.015,228.0,241.0,278.0,287.0,97.987,R
STR,Aston Martin,SOFT,3.0,True,31.279,42.79,24.21,228.0,238.0,283.0,298.0,98.279,R
STR,Aston Martin,SOFT,4.0,True,30.944,43.227,24.193,223.0,237.0,287.0,314.0,98.364,R
STR,Aston Martin,SOFT,5.0,True,30.987,43.577,24.161,222.0,246.0,278.0,325.0,98.725,R
STR,Aston Martin,SOFT,6.0,True,31.554,43.188,24.183,223.0,246.0,278.0,297.0,98.925,R
STR,Aston Martin,SOFT,7.0,True,31.302,43.186,24.281,227.0,245.0,285.0,296.0,98.769,R
STR,Aston Martin,SOFT,8.0,True,30.963,43.37,24.524,220.0,242.0,287.0,321.0,98.857,R
STR,Aston Martin,HARD,2.0,True,30.684,42.077,23.733,228.0,249.0,277.0,298.0,96.494,R
STR,Aston Martin,HARD,3.0,True,30.961,42.338,23.876,230.0,241.0,278.0,300.0,97.175,R
STR,Aston Martin,HARD,4.0,True,30.988,42.395,23.906,229.0,248.0,278.0,296.0,97.289,R
STR,Aston Martin,HARD,5.0,True,31.039,42.588,23.997,230.0,251.0,277.0,299.0,97.624,R
STR,Aston Martin,HARD,6.0,True,30.928,42.631,23.974,226.0,250.0,277.0,300.0,97.533,R
STR,Aston Martin,HARD,7.0,True,31.238,42.753,24.036,226.0,249.0,278.0,296.0,98.027,R
STR,Aston Martin,HARD,8.0,True,31.663,42.958,24.156,227.0,245.0,283.0,291.0,98.777,R
STR,Aston Martin,HARD,9.0,True,30.775,42.503,24.139,228.0,253.0,283.0,324.0,97.417,R
STR,Aston Martin,HARD,10.0,True,30.774,42.598,24.182,229.0,253.0,279.0,317.0,97.554,R
STR,Aston Martin,HARD,11.0,True,31.219,42.499,24.141,229.0,260.0,278.0,299.0,97.859,R
STR,Aston Martin,HARD,12.0,True,31.191,42.686,24.145,229.0,255.0,278.0,299.0,98.022,R
STR,Aston Martin,HARD,13.0,True,31.109,42.935,24.131,228.0,247.0,278.0,301.0,98.175,R
STR,Aston Martin,HARD,14.0,True,31.057,42.668,24.101,231.0,247.0,278.0,298.0,97.826,R
STR,Aston Martin,HARD,15.0,True,31.071,42.831,24.236,229.0,255.0,278.0,301.0,98.138,R
STR,Aston Martin,HARD,16.0,True,31.105,42.77,24.119,227.0,252.0,279.0,301.0,97.994,R
STR,Aston Martin,HARD,17.0,True,31.156,42.759,24.218,229.0,252.0,277.0,301.0,98.133,R
STR,Aston Martin,HARD,2.0,True,30.749,41.609,23.496,228.0,252.0,287.0,299.0,95.854,R
STR,Aston Martin,HARD,3.0,True,30.429,41.682,23.521,229.0,254.0,281.0,324.0,95.632,R
STR,Aston Martin,HARD,4.0,True,30.622,41.79,23.79,231.0,253.0,284.0,302.0,96.202,R
STR,Aston Martin,HARD,5.0,True,30.248,41.8,23.773,229.0,255.0,288.0,326.0,95.821,R
STR,Aston Martin,HARD,6.0,True,30.607,42.088,23.654,227.0,251.0,278.0,325.0,96.349,R
STR,Aston Martin,HARD,7.0,True,30.969,41.709,23.654,231.0,255.0,279.0,296.0,96.332,R
STR,Aston Martin,HARD,8.0,True,30.837,41.766,23.639,232.0,253.0,279.0,294.0,96.242,R
STR,Aston Martin,HARD,9.0,True,30.694,41.748,23.644,230.0,255.0,278.0,299.0,96.086,R
STR,Aston Martin,HARD,10.0,True,30.676,41.775,23.536,232.0,248.0,278.0,298.0,95.987,R
STR,Aston Martin,HARD,11.0,True,30.776,41.926,23.662,231.0,249.0,278.0,298.0,96.364,R
STR,Aston Martin,HARD,12.0,True,30.792,41.959,23.602,232.0,248.0,278.0,298.0,96.353,R
STR,Aston Martin,HARD,13.0,True,30.896,41.927,23.662,230.0,242.0,278.0,298.0,96.485,R
STR,Aston Martin,HARD,14.0,True,30.877,41.749,23.696,232.0,251.0,279.0,298.0,96.322,R
STR,Aston Martin,HARD,15.0,True,30.774,41.917,23.652,232.0,246.0,279.0,298.0,96.343,R
STR,Aston Martin,HARD,16.0,True,30.843,41.859,23.602,232.0,248.0,279.0,298.0,96.304,R
STR,Aston Martin,HARD,17.0,True,30.788,42.023,23.753,232.0,250.0,279.0,298.0,96.564,R
STR,Aston Martin,HARD,18.0,True,30.712,41.834,23.697,232.0,254.0,278.0,298.0,96.243,R
STR,Aston Martin,HARD,19.0,True,30.808,41.882,23.689,232.0,252.0,279.0,298.0,96.379,R
STR,Aston Martin,HARD,20.0,True,30.835,41.744,23.719,233.0,250.0,279.0,298.0,96.298,R
STR,Aston Martin,HARD,21.0,True,31.346,42.156,23.823,233.0,250.0,279.0,290.0,97.325,R
STR,Aston Martin,HARD,22.0,True,30.92,42.119,23.832,231.0,247.0,280.0,301.0,96.871,R
STR,Aston Martin,HARD,23.0,True,30.808,41.978,23.755,232.0,253.0,279.0,300.0,96.541,R
STR,Aston Martin,HARD,24.0,True,30.882,42.075,23.806,232.0,247.0,279.0,299.0,96.763,R
STR,Aston Martin,HARD,25.0,True,31.144,42.016,23.774,232.0,256.0,279.0,299.0,96.934,R
STR,Aston Martin,HARD,26.0,True,30.894,42.017,23.729,231.0,255.0,279.0,300.0,96.64,R
STR,Aston Martin,HARD,27.0,True,30.938,41.971,23.784,232.0,256.0,279.0,299.0,96.693,R
STR,Aston Martin,HARD,28.0,True,30.92,41.999,23.761,232.0,255.0,280.0,300.0,96.68,R
STR,Aston Martin,HARD,29.0,True,30.87,41.951,23.761,239.0,254.0,279.0,300.0,96.582,R
STR,Aston Martin,HARD,30.0,True,30.994,42.237,24.104,235.0,253.0,279.0,300.0,97.335,R
ZHO,Kick Sauber,SOFT,2.0,True,31.452,43.135,24.333,230.0,249.0,289.0,302.0,98.92,R
ZHO,Kick Sauber,SOFT,3.0,True,31.044,43.084,24.454,224.0,246.0,286.0,322.0,98.582,R
ZHO,Kick Sauber,SOFT,4.0,True,30.977,43.004,24.447,225.0,249.0,286.0,318.0,98.428,R
ZHO,Kick Sauber,SOFT,5.0,True,31.116,43.178,24.504,224.0,249.0,285.0,306.0,98.798,R
ZHO,Kick Sauber,SOFT,6.0,True,30.86,43.064,24.564,233.0,246.0,285.0,320.0,98.488,R
ZHO,Kick Sauber,SOFT,7.0,True,31.488,43.47,24.559,233.0,252.0,286.0,314.0,99.517,R
ZHO,Kick Sauber,SOFT,8.0,True,31.786,43.138,24.722,232.0,253.0,283.0,314.0,99.646,R
ZHO,Kick Sauber,HARD,2.0,True,30.815,41.738,23.812,233.0,242.0,280.0,297.0,96.365,R
ZHO,Kick Sauber,HARD,3.0,True,31.006,42.207,23.782,232.0,243.0,278.0,301.0,96.995,R
ZHO,Kick Sauber,HARD,4.0,True,30.982,42.435,24.019,232.0,246.0,278.0,298.0,97.436,R
ZHO,Kick Sauber,HARD,5.0,True,31.086,42.431,23.965,232.0,244.0,278.0,298.0,97.482,R
ZHO,Kick Sauber,HARD,6.0,True,31.03,42.429,24.041,231.0,242.0,280.0,298.0,97.5,R
ZHO,Kick Sauber,HARD,7.0,True,31.166,42.398,24.095,231.0,241.0,278.0,301.0,97.659,R
ZHO,Kick Sauber,HARD,8.0,True,31.431,42.856,24.188,236.0,247.0,285.0,295.0,98.475,R
ZHO,Kick Sauber,HARD,9.0,True,30.919,42.585,24.048,233.0,244.0,284.0,312.0,97.552,R
ZHO,Kick Sauber,HARD,10.0,True,30.887,42.658,24.107,231.0,245.0,279.0,318.0,97.652,R
ZHO,Kick Sauber,HARD,11.0,True,31.239,42.477,24.033,235.0,245.0,280.0,303.0,97.749,R
ZHO,Kick Sauber,HARD,12.0,True,31.22,42.705,24.022,232.0,243.0,280.0,302.0,97.947,R
ZHO,Kick Sauber,HARD,13.0,True,31.171,42.584,24.097,232.0,244.0,279.0,300.0,97.852,R
ZHO,Kick Sauber,HARD,14.0,True,31.092,42.647,24.049,232.0,244.0,279.0,300.0,97.788,R
ZHO,Kick Sauber,HARD,15.0,True,31.14,42.602,24.152,234.0,243.0,278.0,301.0,97.894,R
ZHO,Kick Sauber,HARD,16.0,True,31.246,42.532,24.105,235.0,249.0,280.0,300.0,97.883,R
ZHO,Kick Sauber,HARD,17.0,True,31.266,42.658,24.071,233.0,250.0,281.0,303.0,97.995,R
ZHO,Kick Sauber,HARD,18.0,True,31.367,42.594,24.092,233.0,249.0,280.0,302.0,98.053,R
ZHO,Kick Sauber,HARD,2.0,True,30.674,41.19,23.594,235.0,258.0,281.0,302.0,95.458,R
ZHO,Kick Sauber,HARD,3.0,True,30.846,41.644,23.807,232.0,252.0,286.0,299.0,96.297,R
ZHO,Kick Sauber,HARD,4.0,True,30.646,41.735,23.667,231.0,245.0,281.0,316.0,96.048,R
ZHO,Kick Sauber,HARD,5.0,True,31.535,42.387,24.049,233.0,250.0,287.0,301.0,97.971,R
ZHO,Kick Sauber,HARD,6.0,True,30.678,41.938,23.902,235.0,251.0,287.0,316.0,96.518,R
ZHO,Kick Sauber,HARD,7.0,True,30.612,41.954,23.98,238.0,260.0,281.0,319.0,96.546,R
ZHO,Kick Sauber,HARD,8.0,True,31.09,41.967,23.874,236.0,252.0,281.0,301.0,96.931,R
ZHO,Kick Sauber,HARD,9.0,True,30.874,42.13,23.801,236.0,245.0,280.0,303.0,96.805,R
ZHO,Kick Sauber,HARD,10.0,True,30.915,42.149,23.793,235.0,245.0,281.0,302.0,96.857,R
ZHO,Kick Sauber,HARD,11.0,True,30.904,42.006,23.727,237.0,245.0,281.0,303.0,96.637,R
ZHO,Kick Sauber,HARD,12.0,True,30.839,42.094,23.75,235.0,245.0,281.0,301.0,96.683,R
ZHO,Kick Sauber,HARD,13.0,True,30.827,42.096,23.772,235.0,245.0,280.0,302.0,96.695,R
ZHO,Kick Sauber,HARD,14.0,True,31.038,41.86,23.754,235.0,245.0,281.0,301.0,96.652,R
ZHO,Kick Sauber,HARD,15.0,True,30.877,42.071,23.823,236.0,245.0,281.0,301.0,96.771,R
ZHO,Kick Sauber,HARD,16.0,True,31.361,42.115,23.941,236.0,246.0,282.0,301.0,97.417,R
ZHO,Kick Sauber,HARD,17.0,True,30.867,41.919,23.894,236.0,254.0,281.0,302.0,96.68,R
ZHO,Kick Sauber,HARD,18.0,True,30.966,41.922,23.853,234.0,256.0,281.0,298.0,96.741,R
ZHO,Kick Sauber,HARD,19.0,True,30.934,41.792,23.835,236.0,258.0,281.0,299.0,96.561,R
ZHO,Kick Sauber,HARD,20.0,True,30.98,41.82,23.854,236.0,259.0,280.0,299.0,96.654,R
ZHO,Kick Sauber,HARD,21.0,True,30.9,41.995,23.825,237.0,257.0,281.0,299.0,96.72,R
ZHO,Kick Sauber,HARD,22.0,True,31.035,41.87,23.887,236.0,260.0,281.0,299.0,96.792,R
ZHO,Kick Sauber,HARD,23.0,True,31.065,42.026,23.951,236.0,255.0,281.0,298.0,97.042,R
ZHO,Kick Sauber,HARD,24.0,True,31.205,42.19,23.999,235.0,251.0,280.0,298.0,97.394,R
ZHO,Kick Sauber,HARD,25.0,True,31.11,42.136,23.895,239.0,261.0,281.0,301.0,97.141,R
ZHO,Kick Sauber,HARD,26.0,True,31.253,43.116,24.02,237.0,261.0,282.0,298.0,98.389,R
ZHO,Kick Sauber,HARD,27.0,True,31.123,42.185,24.075,239.0,258.0,281.0,304.0,97.383,R
ZHO,Kick Sauber,HARD,28.0,True,31.22,42.156,23.957,237.0,258.0,283.0,302.0,97.333,R
MAG,Haas F1 Team,SOFT,2.0,True,31.591,43.075,24.245,229.0,245.0,288.0,287.0,98.911,R
MAG,Haas F1 Team,SOFT,3.0,True,30.969,43.118,24.312,230.0,245.0,289.0,320.0,98.399,R
MAG,Haas F1 Team,SOFT,4.0,True,30.993,42.992,24.512,230.0,248.0,287.0,323.0,98.497,R
MAG,Haas F1 Team,SOFT,5.0,True,31.066,43.108,24.402,228.0,248.0,288.0,318.0,98.576,R
MAG,Haas F1 Team,SOFT,6.0,True,30.952,43.041,24.536,234.0,244.0,288.0,323.0,98.529,R
MAG,Haas F1 Team,SOFT,7.0,True,32.132,43.112,24.814,230.0,250.0,275.0,331.0,100.058,R
MAG,Haas F1 Team,SOFT,8.0,True,31.557,43.072,24.543,230.0,252.0,279.0,306.0,99.172,R
MAG,Haas F1 Team,SOFT,9.0,True,31.383,42.932,24.546,228.0,253.0,279.0,292.0,98.861,R
MAG,Haas F1 Team,SOFT,10.0,True,31.307,42.925,24.515,230.0,253.0,279.0,298.0,98.747,R
MAG,Haas F1 Team,HARD,2.0,True,30.905,41.951,24.034,232.0,255.0,287.0,300.0,96.89,R
MAG,Haas F1 Team,HARD,3.0,True,30.826,42.424,24.34,234.0,255.0,287.0,313.0,97.59,R
MAG,Haas F1 Team,HARD,4.0,True,31.154,42.886,24.292,232.0,257.0,289.0,319.0,98.332,R
MAG,Haas F1 Team,HARD,5.0,True,30.774,42.696,24.279,233.0,255.0,288.0,324.0,97.749,R
MAG,Haas F1 Team,HARD,6.0,True,30.953,42.957,24.372,232.0,253.0,287.0,315.0,98.282,R
MAG,Haas F1 Team,HARD,7.0,True,30.69,42.526,24.367,232.0,252.0,287.0,320.0,97.583,R
MAG,Haas F1 Team,HARD,8.0,True,30.82,42.677,24.295,232.0,254.0,282.0,321.0,97.792,R
MAG,Haas F1 Team,HARD,9.0,True,31.168,42.636,24.258,233.0,253.0,281.0,303.0,98.062,R
MAG,Haas F1 Team,HARD,10.0,True,31.041,42.738,24.231,233.0,253.0,281.0,302.0,98.01,R
MAG,Haas F1 Team,HARD,11.0,True,31.214,42.628,24.305,231.0,255.0,282.0,302.0,98.147,R
MAG,Haas F1 Team,HARD,12.0,True,31.284,42.627,24.382,233.0,257.0,281.0,302.0,98.293,R
MAG,Haas F1 Team,HARD,13.0,True,31.155,42.693,24.308,234.0,254.0,281.0,307.0,98.156,R
MAG,Haas F1 Team,HARD,14.0,True,31.368,42.696,24.226,231.0,255.0,282.0,301.0,98.29,R
MAG,Haas F1 Team,HARD,15.0,True,31.173,42.528,24.392,233.0,257.0,282.0,308.0,98.093,R
MAG,Haas F1 Team,HARD,16.0,True,31.201,42.67,24.355,231.0,256.0,281.0,308.0,98.226,R
MAG,Haas F1 Team,HARD,17.0,True,31.209,42.495,24.232,232.0,258.0,281.0,300.0,97.936,R
MAG,Haas F1 Team,HARD,18.0,True,31.197,42.504,24.264,233.0,259.0,281.0,301.0,97.965,R
MAG,Haas F1 Team,HARD,19.0,True,31.138,42.655,24.247,236.0,264.0,281.0,305.0,98.04,R
MAG,Haas F1 Team,HARD,20.0,True,31.181,42.628,24.191,233.0,259.0,281.0,299.0,98.0,R
MAG,Haas F1 Team,HARD,2.0,True,30.532,41.409,23.629,233.0,256.0,282.0,297.0,95.57,R
MAG,Haas F1 Team,HARD,3.0,True,30.538,41.44,23.72,233.0,263.0,291.0,298.0,95.698,R
MAG,Haas F1 Team,HARD,4.0,True,30.227,41.898,23.726,234.0,254.0,283.0,331.0,95.851,R
MAG,Haas F1 Team,HARD,5.0,True,30.546,41.491,23.704,234.0,261.0,284.0,301.0,95.741,R
MAG,Haas F1 Team,HARD,6.0,True,30.724,41.576,23.742,234.0,260.0,282.0,301.0,96.042,R
MAG,Haas F1 Team,HARD,7.0,True,30.654,41.474,23.748,234.0,261.0,283.0,300.0,95.876,R
MAG,Haas F1 Team,HARD,8.0,True,30.623,41.738,23.71,234.0,260.0,284.0,301.0,96.071,R
MAG,Haas F1 Team,HARD,9.0,True,30.645,41.845,23.85,234.0,259.0,283.0,302.0,96.34,R
MAG,Haas F1 Team,HARD,10.0,True,30.72,41.743,23.847,235.0,260.0,284.0,300.0,96.31,R
MAG,Haas F1 Team,HARD,11.0,True,30.709,41.74,23.783,234.0,258.0,283.0,301.0,96.232,R
MAG,Haas F1 Team,HARD,12.0,True,30.647,41.679,23.923,236.0,260.0,283.0,304.0,96.249,R
MAG,Haas F1 Team,HARD,13.0,True,30.692,41.776,23.881,236.0,263.0,284.0,303.0,96.349,R
MAG,Haas F1 Team,HARD,14.0,True,30.713,41.779,23.954,234.0,262.0,283.0,302.0,96.446,R
MAG,Haas F1 Team,HARD,15.0,True,30.753,41.74,23.961,236.0,263.0,284.0,303.0,96.454,R
MAG,Haas F1 Team,HARD,16.0,True,30.865,41.817,23.997,236.0,263.0,284.0,303.0,96.679,R
MAG,Haas F1 Team,HARD,17.0,True,30.909,41.991,23.942,236.0,264.0,284.0,307.0,96.842,R
MAG,Haas F1 Team,HARD,18.0,True,30.969,42.041,24.025,234.0,263.0,284.0,307.0,97.035,R
MAG,Haas F1 Team,HARD,19.0,True,30.98,42.05,23.899,235.0,261.0,285.0,306.0,96.929,R
MAG,Haas F1 Team,HARD,20.0,True,30.91,41.964,24.056,234.0,265.0,285.0,305.0,96.93,R
MAG,Haas F1 Team,HARD,21.0,True,30.951,43.013,23.994,234.0,262.0,290.0,302.0,97.958,R
MAG,Haas F1 Team,HARD,22.0,True,30.682,42.093,24.115,238.0,262.0,285.0,327.0,96.89,R
MAG,Haas F1 Team,HARD,23.0,True,31.014,42.356,24.087,235.0,264.0,286.0,310.0,97.457,R
MAG,Haas F1 Team,HARD,24.0,True,31.04,42.465,24.079,233.0,262.0,285.0,309.0,97.584,R
RIC,RB,SOFT,5.0,False,31.662,43.353,24.494,231.0,243.0,284.0,300.0,99.509,R
RIC,RB,SOFT,6.0,False,30.965,43.32,24.475,231.0,242.0,284.0,313.0,98.76,R
RIC,RB,SOFT,7.0,False,30.922,43.207,24.481,232.0,246.0,283.0,322.0,98.61,R
RIC,RB,SOFT,8.0,False,30.98,43.2,24.524,232.0,239.0,284.0,306.0,98.704,R
RIC,RB,SOFT,9.0,False,31.046,43.099,24.544,232.0,248.0,279.0,306.0,98.689,R
RIC,RB,SOFT,10.0,False,31.372,43.289,24.532,233.0,246.0,283.0,294.0,99.193,R
RIC,RB,SOFT,11.0,False,31.254,43.578,24.697,232.0,250.0,284.0,312.0,99.529,R
RIC,RB,SOFT,12.0,False,31.173,43.519,24.646,233.0,245.0,283.0,311.0,99.338,R
RIC,RB,SOFT,13.0,False,31.211,43.104,24.467,232.0,250.0,277.0,301.0,98.782,R
RIC,RB,SOFT,14.0,False,31.472,43.08,24.481,233.0,251.0,276.0,292.0,99.033,R
RIC,RB,SOFT,15.0,False,31.451,42.949,24.493,231.0,250.0,277.0,292.0,98.893,R
RIC,RB,HARD,2.0,True,31.083,42.053,23.934,235.0,253.0,278.0,299.0,97.07,R
RIC,RB,HARD,3.0,True,30.966,42.237,23.973,234.0,248.0,279.0,298.0,97.176,R
RIC,RB,HARD,4.0,True,30.789,42.42,24.081,235.0,252.0,279.0,302.0,97.29,R
RIC,RB,HARD,5.0,True,30.949,42.517,24.234,234.0,251.0,283.0,298.0,97.7,R
RIC,RB,HARD,6.0,True,31.051,42.983,24.316,234.0,252.0,279.0,303.0,98.35,R
RIC,RB,HARD,7.0,True,31.036,42.538,24.291,234.0,254.0,284.0,299.0,97.865,R
RIC,RB,HARD,8.0,True,30.941,42.318,24.133,235.0,254.0,278.0,312.0,97.392,R
RIC,RB,HARD,9.0,True,31.102,42.461,24.187,234.0,253.0,278.0,296.0,97.75,R
RIC,RB,HARD,10.0,True,31.019,42.572,24.181,235.0,249.0,279.0,295.0,97.772,R
RIC,RB,HARD,11.0,True,30.983,42.559,24.224,235.0,249.0,279.0,301.0,97.766,R
RIC,RB,HARD,12.0,True,31.017,42.663,24.293,235.0,255.0,280.0,306.0,97.973,R
RIC,RB,HARD,13.0,True,30.982,42.682,24.365,235.0,257.0,279.0,302.0,98.029,R
RIC,RB,HARD,14.0,True,31.268,42.576,24.308,235.0,259.0,280.0,303.0,98.152,R
RIC,RB,HARD,15.0,True,31.076,42.66,24.309,235.0,259.0,280.0,306.0,98.045,R
RIC,RB,HARD,16.0,True,31.066,42.637,24.257,235.0,257.0,280.0,306.0,97.96,R
RIC,RB,HARD,17.0,True,31.075,42.576,24.327,235.0,259.0,280.0,307.0,97.978,R
RIC,RB,HARD,18.0,True,31.167,42.688,24.299,235.0,255.0,281.0,305.0,98.154,R
RIC,RB,HARD,19.0,True,31.075,42.662,24.288,234.0,256.0,280.0,307.0,98.025,R
RIC,RB,HARD,20.0,True,31.113,42.69,24.347,235.0,257.0,280.0,303.0,98.15,R
RIC,RB,HARD,21.0,True,31.246,42.766,24.234,235.0,258.0,280.0,303.0,98.246,R
RIC,RB,SOFT,2.0,True,30.422,41.226,23.515,232.0,251.0,280.0,302.0,95.163,R
RIC,RB,SOFT,3.0,True,30.496,41.41,23.554,236.0,253.0,281.0,300.0,95.46,R
RIC,RB,SOFT,4.0,True,30.559,41.392,23.524,236.0,252.0,281.0,301.0,95.475,R
RIC,RB,SOFT,5.0,True,30.49,41.513,23.575,238.0,249.0,281.0,303.0,95.578,R
RIC,RB,SOFT,6.0,True,30.564,41.478,23.602,239.0,256.0,281.0,301.0,95.644,R
RIC,RB,SOFT,7.0,True,30.484,41.238,23.616,237.0,255.0,280.0,302.0,95.338,R
RIC,RB,SOFT,8.0,True,30.537,41.389,23.634,237.0,255.0,280.0,302.0,95.56,R
RIC,RB,SOFT,9.0,True,30.541,41.29,23.659,238.0,259.0,280.0,301.0,95.49,R
RIC,RB,SOFT,10.0,True,30.497,41.402,23.671,237.0,256.0,281.0,303.0,95.57,R
RIC,RB,SOFT,11.0,True,30.443,41.378,23.686,237.0,257.0,281.0,304.0,95.507,R
RIC,RB,SOFT,12.0,True,30.566,41.534,23.731,237.0,257.0,282.0,302.0,95.831,R
RIC,RB,SOFT,13.0,True,30.638,41.744,23.854,237.0,260.0,283.0,304.0,96.236,R
RIC,RB,SOFT,14.0,True,30.63,41.795,24.017,237.0,260.0,287.0,306.0,96.442,R
RIC,RB,SOFT,15.0,True,30.398,42.122,24.089,238.0,259.0,288.0,321.0,96.609,R
RIC,RB,SOFT,16.0,True,30.775,42.193,24.135,238.0,256.0,288.0,323.0,97.103,R
RIC,RB,SOFT,17.0,True,30.569,41.854,25.106,237.0,243.0,289.0,319.0,97.529,R
RIC,RB,SOFT,18.0,True,30.797,41.954,23.994,237.0,263.0,289.0,294.0,96.745,R
RIC,RB,SOFT,19.0,True,30.374,42.197,24.09,238.0,258.0,288.0,320.0,96.661,R
RIC,RB,SOFT,20.0,True,30.713,42.581,24.081,238.0,262.0,288.0,326.0,97.375,R
RIC,RB,SOFT,21.0,True,30.726,42.755,24.181,240.0,259.0,284.0,317.0,97.662,R
TSU,RB,SOFT,2.0,True,31.675,42.717,24.297,232.0,243.0,285.0,289.0,98.689,R
TSU,RB,SOFT,3.0,True,30.989,43.073,24.369,227.0,238.0,284.0,311.0,98.431,R
TSU,RB,SOFT,4.0,True,31.025,42.992,24.293,228.0,244.0,284.0,309.0,98.31,R
TSU,RB,SOFT,5.0,True,31.023,42.98,24.318,226.0,241.0,284.0,309.0,98.321,R
TSU,RB,SOFT,6.0,True,31.132,42.949,24.28,228.0,242.0,284.0,306.0,98.361,R
TSU,RB,SOFT,7.0,True,31.121,42.887,24.356,229.0,244.0,278.0,305.0,98.364,R
TSU,RB,SOFT,8.0,True,31.298,42.871,24.344,228.0,249.0,278.0,303.0,98.513,R
TSU,RB,SOFT,9.0,True,31.329,42.861,24.364,229.0,246.0,278.0,297.0,98.554,R
TSU,RB,SOFT,10.0,True,31.476,43.062,24.374,229.0,245.0,279.0,298.0,98.912,R
TSU,RB,SOFT,11.0,True,31.342,43.015,24.442,229.0,249.0,278.0,302.0,98.799,R
TSU,RB,SOFT,12.0,True,31.398,43.001,24.37,227.0,246.0,278.0,299.0,98.769,R
TSU,RB,SOFT,13.0,True,31.511,42.985,24.364,232.0,248.0,277.0,294.0,98.86,R
TSU,RB,HARD,2.0,True,30.895,42.677,23.944,229.0,253.0,288.0,300.0,97.516,R
TSU,RB,HARD,3.0,True,30.908,42.625,23.949,223.0,241.0,280.0,320.0,97.482,R
TSU,RB,HARD,4.0,True,30.973,42.336,24.05,229.0,249.0,280.0,304.0,97.359,R
TSU,RB,HARD,5.0,True,31.096,42.262,24.038,229.0,257.0,280.0,305.0,97.396,R
TSU,RB,HARD,6.0,True,31.229,42.359,24.178,230.0,249.0,280.0,299.0,97.766,R
TSU,RB,HARD,7.0,True,31.144,42.57,24.063,228.0,251.0,280.0,301.0,97.777,R
TSU,RB,HARD,8.0,True,31.173,42.531,24.133,231.0,256.0,280.0,298.0,97.837,R
TSU,RB,HARD,9.0,True,31.096,42.405,24.17,230.0,257.0,280.0,301.0,97.671,R
TSU,RB,HARD,10.0,True,31.145,42.276,24.213,229.0,257.0,284.0,302.0,97.634,R
TSU,RB,HARD,11.0,True,31.05,42.613,24.188,228.0,260.0,286.0,315.0,97.851,R
TSU,RB,HARD,12.0,True,31.252,42.54,24.266,230.0,255.0,285.0,321.0,98.058,R
TSU,RB,HARD,13.0,True,31.195,42.468,24.42,228.0,260.0,284.0,314.0,98.083,R
TSU,RB,HARD,14.0,True,31.266,42.608,24.29,229.0,251.0,279.0,302.0,98.164,R
TSU,RB,HARD,15.0,True,31.161,42.542,24.074,230.0,254.0,278.0,299.0,97.777,R
TSU,RB,HARD,16.0,True,31.158,42.314,24.005,232.0,253.0,278.0,299.0,97.477,R
TSU,RB,HARD,17.0,True,31.151,42.349,23.968,232.0,253.0,278.0,299.0,97.468,R
TSU,RB,HARD,18.0,True,31.448,42.329,24.07,231.0,257.0,278.0,299.0,97.847,R
TSU,RB,HARD,19.0,True,31.221,42.222,24.055,232.0,256.0,278.0,300.0,97.498,R
TSU,RB,HARD,2.0,True,31.984,41.954,23.768,235.0,245.0,287.0,302.0,97.706,R
TSU,RB,HARD,3.0,True,30.48,41.686,23.667,236.0,257.0,282.0,315.0,95.833,R
TSU,RB,HARD,4.0,True,30.732,42.39,23.924,236.0,245.0,281.0,303.0,97.046,R
TSU,RB,HARD,5.0,True,30.733,41.684,23.708,234.0,258.0,280.0,304.0,96.125,R
TSU,RB,HARD,6.0,True,30.886,41.751,23.626,232.0,258.0,281.0,300.0,96.263,R
TSU,RB,HARD,7.0,True,30.801,41.719,23.659,232.0,258.0,280.0,301.0,96.179,R
TSU,RB,HARD,8.0,True,30.697,41.532,23.752,234.0,259.0,280.0,300.0,95.981,R
TSU,RB,HARD,9.0,True,30.713,41.533,23.71,232.0,258.0,281.0,303.0,95.956,R
TSU,RB,HARD,10.0,True,30.776,41.594,23.774,234.0,262.0,281.0,300.0,96.144,R
TSU,RB,HARD,11.0,True,30.648,41.47,23.846,235.0,265.0,282.0,303.0,95.964,R
TSU,RB,HARD,12.0,True,30.807,41.593,23.787,234.0,264.0,282.0,302.0,96.187,R
TSU,RB,HARD,13.0,True,30.794,41.765,23.837,233.0,264.0,283.0,301.0,96.396,R
TSU,RB,HARD,14.0,True,30.848,41.679,24.027,235.0,262.0,287.0,304.0,96.554,R
TSU,RB,HARD,15.0,True,30.67,42.043,23.982,235.0,265.0,288.0,314.0,96.695,R
TSU,RB,HARD,16.0,True,30.762,42.171,23.894,236.0,261.0,289.0,320.0,96.827,R
TSU,RB,HARD,17.0,True,30.949,42.066,24.052,236.0,263.0,288.0,323.0,97.067,R
TSU,RB,HARD,18.0,True,31.511,43.537,23.994,194.0,259.0,290.0,324.0,99.042,R
TSU,RB,HARD,19.0,True,30.739,42.138,23.961,236.0,263.0,289.0,316.0,96.838,R
TSU,RB,HARD,20.0,True,30.741,41.883,24.048,236.0,261.0,288.0,319.0,96.672,R
TSU,RB,HARD,21.0,True,30.81,42.254,24.205,235.0,263.0,289.0,326.0,97.269,R
TSU,RB,HARD,22.0,True,30.742,42.53,24.201,234.0,262.0,288.0,324.0,97.473,R
ALB,Williams,SOFT,2.0,True,31.419,43.106,24.301,229.0,245.0,286.0,295.0,98.826,R
ALB,Williams,SOFT,3.0,True,31.002,43.081,24.424,229.0,244.0,286.0,312.0,98.507,R
ALB,Williams,SOFT,4.0,True,31.023,43.007,24.392,226.0,244.0,284.0,319.0,98.422,R
ALB,Williams,SOFT,5.0,True,31.049,43.027,24.433,228.0,245.0,284.0,310.0,98.509,R
ALB,Williams,SOFT,6.0,True,31.034,43.141,24.4,227.0,238.0,280.0,316.0,98.575,R
ALB,Williams,SOFT,7.0,True,31.498,43.186,24.287,228.0,243.0,278.0,302.0,98.971,R
ALB,Williams,SOFT,8.0,True,31.493,42.899,24.268,232.0,245.0,278.0,293.0,98.66,R
ALB,Williams,SOFT,9.0,True,31.458,42.976,24.218,232.0,244.0,279.0,298.0,98.652,R
ALB,Williams,SOFT,10.0,True,31.624,42.955,24.373,226.0,248.0,278.0,295.0,98.952,R
ALB,Williams,SOFT,11.0,True,31.49,42.923,24.422,230.0,244.0,278.0,297.0,98.835,R
ALB,Williams,SOFT,12.0,True,31.51,43.065,24.359,232.0,246.0,279.0,297.0,98.934,R
ALB,Williams,SOFT,13.0,True,31.569,42.884,24.37,228.0,243.0,278.0,293.0,98.823,R
ALB,Williams,SOFT,14.0,True,31.598,42.931,24.448,229.0,248.0,277.0,296.0,98.977,R
ALB,Williams,HARD,2.0,True,30.812,42.564,24.016,225.0,250.0,279.0,330.0,97.392,R
ALB,Williams,HARD,3.0,True,31.214,42.369,24.007,230.0,250.0,280.0,294.0,97.59,R
ALB,Williams,HARD,4.0,True,31.357,42.448,23.958,229.0,247.0,280.0,293.0,97.763,R
ALB,Williams,HARD,5.0,True,31.328,42.379,23.994,233.0,250.0,280.0,296.0,97.701,R
ALB,Williams,HARD,6.0,True,31.227,42.44,24.251,234.0,252.0,279.0,296.0,97.918,R
ALB,Williams,HARD,7.0,True,31.199,42.733,24.099,232.0,253.0,280.0,300.0,98.031,R
ALB,Williams,HARD,8.0,True,31.296,42.361,24.212,232.0,259.0,288.0,296.0,97.869,R
ALB,Williams,HARD,9.0,True,31.035,42.857,24.312,231.0,255.0,286.0,329.0,98.204,R
ALB,Williams,HARD,10.0,True,31.095,42.952,24.179,230.0,254.0,287.0,313.0,98.226,R
ALB,Williams,HARD,11.0,True,31.041,42.821,24.238,231.0,255.0,288.0,328.0,98.1,R
ALB,Williams,HARD,12.0,True,31.029,43.069,24.198,231.0,252.0,286.0,328.0,98.296,R
ALB,Williams,HARD,13.0,True,31.108,42.692,24.248,229.0,254.0,285.0,313.0,98.048,R
ALB,Williams,HARD,14.0,True,31.127,42.585,24.167,232.0,254.0,286.0,309.0,97.879,R
ALB,Williams,HARD,15.0,True,31.045,42.634,24.289,230.0,253.0,288.0,313.0,97.968,R
ALB,Williams,HARD,16.0,True,31.093,42.811,24.231,231.0,255.0,286.0,326.0,98.135,R
ALB,Williams,HARD,17.0,True,31.143,42.707,24.333,231.0,253.0,279.0,308.0,98.183,R
ALB,Williams,HARD,18.0,True,31.537,42.677,24.132,232.0,253.0,279.0,289.0,98.346,R
ALB,Williams,HARD,19.0,True,31.413,42.368,23.969,232.0,257.0,280.0,291.0,97.75,R
ALB,Williams,HARD,20.0,True,31.295,42.496,23.976,233.0,252.0,279.0,298.0,97.767,R
ALB,Williams,HARD,2.0,True,30.735,41.742,23.652,237.0,253.0,282.0,304.0,96.129,R
ALB,Williams,HARD,3.0,True,30.737,41.65,23.469,237.0,254.0,282.0,305.0,95.856,R
ALB,Williams,HARD,4.0,True,30.707,41.503,23.513,236.0,260.0,281.0,305.0,95.723,R
ALB,Williams,HARD,5.0,True,30.746,41.557,23.582,236.0,259.0,282.0,300.0,95.885,R
ALB,Williams,HARD,6.0,True,30.759,41.498,23.542,234.0,262.0,281.0,301.0,95.799,R
ALB,Williams,HARD,7.0,True,30.76,41.472,23.534,234.0,261.0,281.0,292.0,95.766,R
ALB,Williams,HARD,8.0,True,30.683,41.497,23.603,235.0,258.0,281.0,296.0,95.783,R
ALB,Williams,HARD,9.0,True,30.607,41.495,23.656,236.0,261.0,281.0,301.0,95.758,R
ALB,Williams,HARD,10.0,True,30.685,41.635,23.688,236.0,262.0,281.0,298.0,96.008,R
ALB,Williams,HARD,11.0,True,30.827,41.57,23.629,233.0,266.0,282.0,300.0,96.026,R
ALB,Williams,HARD,12.0,True,30.823,41.628,23.684,234.0,261.0,281.0,297.0,96.135,R
ALB,Williams,HARD,13.0,True,30.816,42.435,23.851,233.0,260.0,262.0,298.0,97.102,R
ALB,Williams,HARD,14.0,True,31.683,42.121,23.812,237.0,262.0,281.0,290.0,97.616,R
ALB,Williams,HARD,15.0,True,30.773,42.878,23.842,235.0,262.0,280.0,307.0,97.493,R
ALB,Williams,HARD,16.0,True,30.895,41.58,23.743,235.0,266.0,282.0,299.0,96.218,R
ALB,Williams,HARD,17.0,True,30.817,41.683,23.808,235.0,265.0,281.0,301.0,96.308,R
ALB,Williams,HARD,18.0,True,30.799,41.741,23.794,235.0,265.0,281.0,296.0,96.334,R
ALB,Williams,HARD,19.0,True,30.861,41.91,23.822,237.0,262.0,284.0,306.0,96.593,R
ALB,Williams,HARD,20.0,True,30.875,42.085,23.962,236.0,259.0,284.0,307.0,96.922,R
HUL,Haas F1 Team,HARD,2.0,True,30.97,42.434,23.913,233.0,234.0,277.0,293.0,97.317,R
HUL,Haas F1 Team,HARD,3.0,True,30.901,42.469,23.979,231.0,240.0,278.0,292.0,97.349,R
HUL,Haas F1 Team,HARD,4.0,True,30.928,42.706,24.029,232.0,241.0,277.0,295.0,97.663,R
HUL,Haas F1 Team,HARD,5.0,True,31.013,42.852,24.031,231.0,236.0,277.0,295.0,97.896,R
HUL,Haas F1 Team,HARD,6.0,True,30.976,42.75,23.956,231.0,239.0,278.0,295.0,97.682,R
HUL,Haas F1 Team,HARD,7.0,True,31.038,42.737,24.045,232.0,246.0,278.0,296.0,97.82,R
HUL,Haas F1 Team,HARD,8.0,True,31.041,42.691,24.151,230.0,243.0,278.0,297.0,97.883,R
HUL,Haas F1 Team,HARD,9.0,True,31.372,42.839,24.159,221.0,245.0,278.0,299.0,98.37,R
HUL,Haas F1 Team,HARD,10.0,True,31.0,42.573,24.065,233.0,247.0,278.0,299.0,97.638,R
HUL,Haas F1 Team,HARD,11.0,True,30.977,42.629,24.1,232.0,250.0,279.0,299.0,97.706,R
HUL,Haas F1 Team,HARD,12.0,True,31.025,42.677,24.099,232.0,250.0,278.0,300.0,97.801,R
HUL,Haas F1 Team,HARD,13.0,True,30.998,42.63,24.251,235.0,251.0,280.0,302.0,97.879,R
HUL,Haas F1 Team,HARD,14.0,True,31.168,42.609,24.333,233.0,251.0,279.0,304.0,98.11,R
HUL,Haas F1 Team,HARD,15.0,True,31.184,42.535,24.077,231.0,253.0,279.0,304.0,97.796,R
HUL,Haas F1 Team,HARD,16.0,True,31.181,42.572,24.138,233.0,251.0,279.0,304.0,97.891,R
HUL,Haas F1 Team,HARD,17.0,True,31.05,42.946,24.22,233.0,249.0,279.0,304.0,98.216,R
HUL,Haas F1 Team,HARD,18.0,True,31.07,42.542,24.25,232.0,253.0,279.0,303.0,97.862,R
HUL,Haas F1 Team,HARD,2.0,True,30.754,42.343,23.761,232.0,242.0,279.0,295.0,96.858,R
HUL,Haas F1 Team,HARD,3.0,True,30.667,42.271,23.787,235.0,241.0,279.0,298.0,96.725,R
HUL,Haas F1 Team,HARD,4.0,True,30.673,42.224,23.729,233.0,247.0,280.0,297.0,96.626,R
HUL,Haas F1 Team,HARD,5.0,True,30.667,42.124,23.861,234.0,248.0,280.0,298.0,96.652,R
HUL,Haas F1 Team,HARD,6.0,True,30.619,42.152,23.777,235.0,247.0,280.0,301.0,96.548,R
HUL,Haas F1 Team,HARD,7.0,True,30.719,41.983,23.945,235.0,252.0,280.0,301.0,96.647,R
HUL,Haas F1 Team,HARD,8.0,True,31.001,42.31,23.943,233.0,249.0,281.0,299.0,97.254,R
HUL,Haas F1 Team,HARD,9.0,True,30.844,42.049,23.944,233.0,254.0,280.0,302.0,96.837,R
HUL,Haas F1 Team,HARD,10.0,True,30.738,41.973,23.98,236.0,252.0,281.0,304.0,96.691,R
HUL,Haas F1 Team,HARD,11.0,True,30.717,41.966,23.895,235.0,256.0,282.0,304.0,96.578,R
HUL,Haas F1 Team,HARD,12.0,True,30.961,41.987,23.987,233.0,254.0,282.0,304.0,96.935,R
HUL,Haas F1 Team,HARD,13.0,True,30.819,41.983,23.982,236.0,256.0,281.0,304.0,96.784,R
HUL,Haas F1 Team,HARD,14.0,True,30.777,41.947,23.968,235.0,257.0,282.0,304.0,96.692,R
HUL,Haas F1 Team,HARD,15.0,True,30.812,42.04,24.107,235.0,258.0,281.0,303.0,96.959,R
HUL,Haas F1 Team,HARD,16.0,True,30.86,41.931,24.004,235.0,258.0,281.0,304.0,96.795,R
HUL,Haas F1 Team,HARD,17.0,True,30.847,41.94,23.936,236.0,258.0,282.0,304.0,96.723,R
HUL,Haas F1 Team,HARD,18.0,True,32.593,42.653,24.837,236.0,251.0,288.0,304.0,100.083,R
HUL,Haas F1 Team,HARD,19.0,True,30.911,42.495,24.07,234.0,256.0,283.0,325.0,97.476,R
HUL,Haas F1 Team,HARD,20.0,True,30.911,42.126,24.051,235.0,257.0,281.0,304.0,97.088,R
HUL,Haas F1 Team,SOFT,3.0,False,30.369,41.852,23.539,237.0,243.0,282.0,303.0,95.76,R
HUL,Haas F1 Team,SOFT,4.0,False,30.232,41.871,23.487,239.0,245.0,282.0,304.0,95.59,R
HUL,Haas F1 Team,SOFT,5.0,False,30.234,41.321,23.564,238.0,252.0,283.0,303.0,95.119,R
HUL,Haas F1 Team,SOFT,6.0,False,30.17,41.145,23.519,238.0,251.0,283.0,303.0,94.834,R
HUL,Haas F1 Team,SOFT,7.0,False,30.362,41.251,23.613,237.0,255.0,284.0,304.0,95.226,R
HUL,Haas F1 Team,SOFT,8.0,False,30.228,41.355,23.563,238.0,255.0,284.0,306.0,95.146,R
HUL,Haas F1 Team,SOFT,9.0,False,30.323,41.489,23.682,239.0,258.0,292.0,307.0,95.494,R
HUL,Haas F1 Team,SOFT,10.0,False,30.13,41.402,23.635,237.0,260.0,284.0,332.0,95.167,R
HUL,Haas F1 Team,SOFT,11.0,False,30.411,41.374,23.744,237.0,260.0,284.0,305.0,95.529,R
HUL,Haas F1 Team,SOFT,12.0,False,30.525,41.612,23.784,235.0,259.0,283.0,303.0,95.921,R
HUL,Haas F1 Team,SOFT,13.0,False,30.629,41.595,23.77,236.0,259.0,284.0,306.0,95.994,R
HUL,Haas F1 Team,SOFT,14.0,False,30.557,41.436,23.793,235.0,263.0,284.0,305.0,95.786,R
HUL,Haas F1 Team,SOFT,15.0,False,30.629,41.384,23.723,236.0,263.0,282.0,305.0,95.736,R
HUL,Haas F1 Team,SOFT,16.0,False,30.546,41.304,23.752,239.0,269.0,283.0,306.0,95.602,R
OCO,Alpine,SOFT,2.0,True,32.005,42.719,24.37,229.0,245.0,284.0,283.0,99.094,R
OCO,Alpine,SOFT,3.0,True,31.255,43.007,24.509,229.0,246.0,284.0,295.0,98.771,R
OCO,Alpine,SOFT,4.0,True,31.246,42.915,24.464,229.0,246.0,283.0,306.0,98.625,R
OCO,Alpine,SOFT,5.0,True,31.171,42.891,24.578,229.0,247.0,285.0,305.0,98.64,R
OCO,Alpine,SOFT,6.0,True,31.245,42.978,24.651,229.0,247.0,282.0,301.0,98.874,R
OCO,Alpine,SOFT,7.0,True,31.404,43.089,24.659,229.0,245.0,284.0,304.0,99.152,R
OCO,Alpine,SOFT,8.0,True,31.252,43.382,24.788,230.0,246.0,284.0,313.0,99.422,R
OCO,Alpine,SOFT,9.0,True,31.189,43.409,24.714,230.0,249.0,284.0,303.0,99.312,R
OCO,Alpine,HARD,2.0,True,31.175,42.399,24.025,234.0,253.0,276.0,291.0,97.599,R
OCO,Alpine,HARD,3.0,True,31.319,42.14,23.904,230.0,255.0,276.0,291.0,97.363,R
OCO,Alpine,HARD,4.0,True,31.174,42.329,24.034,230.0,255.0,276.0,292.0,97.537,R
OCO,Alpine,HARD,5.0,True,31.282,42.383,24.178,229.0,254.0,277.0,290.0,97.843,R
OCO,Alpine,HARD,6.0,True,31.35,42.448,24.104,228.0,254.0,277.0,293.0,97.902,R
OCO,Alpine,HARD,7.0,True,31.653,43.083,24.175,232.0,253.0,282.0,301.0,98.911,R
OCO,Alpine,HARD,8.0,True,31.12,42.845,24.155,230.0,253.0,276.0,310.0,98.12,R
OCO,Alpine,HARD,9.0,True,31.57,42.478,24.284,229.0,255.0,276.0,295.0,98.332,R
OCO,Alpine,HARD,10.0,True,31.445,42.472,24.268,230.0,255.0,275.0,289.0,98.185,R
OCO,Alpine,HARD,11.0,True,31.9,43.094,24.369,234.0,255.0,277.0,290.0,99.363,R
OCO,Alpine,HARD,12.0,True,31.553,42.777,24.325,230.0,253.0,276.0,293.0,98.655,R
OCO,Alpine,HARD,13.0,True,31.49,42.677,24.24,231.0,251.0,275.0,289.0,98.407,R
OCO,Alpine,HARD,14.0,True,31.474,42.691,24.255,230.0,254.0,275.0,288.0,98.42,R
OCO,Alpine,HARD,15.0,True,31.546,42.7,24.248,231.0,254.0,276.0,291.0,98.494,R
OCO,Alpine,HARD,16.0,True,31.521,42.891,24.253,231.0,255.0,275.0,289.0,98.665,R
OCO,Alpine,HARD,17.0,True,31.543,42.749,24.257,230.0,251.0,275.0,289.0,98.549,R
OCO,Alpine,HARD,18.0,True,31.492,42.678,24.202,232.0,254.0,276.0,290.0,98.372,R
OCO,Alpine,HARD,19.0,True,31.562,42.663,24.331,232.0,254.0,276.0,288.0,98.556,R
OCO,Alpine,HARD,2.0,True,31.059,41.959,23.869,234.0,251.0,277.0,292.0,96.887,R
OCO,Alpine,HARD,3.0,True,30.989,41.875,23.84,233.0,251.0,277.0,289.0,96.704,R
OCO,Alpine,HARD,4.0,True,30.898,41.549,23.779,233.0,255.0,277.0,290.0,96.226,R
OCO,Alpine,HARD,5.0,True,31.008,41.594,23.752,232.0,256.0,277.0,288.0,96.354,R
OCO,Alpine,HARD,6.0,True,31.212,42.148,23.869,233.0,256.0,278.0,290.0,97.229,R
OCO,Alpine,HARD,7.0,True,31.059,41.755,23.766,231.0,256.0,279.0,294.0,96.58,R
OCO,Alpine,HARD,8.0,True,31.07,41.869,23.875,232.0,256.0,277.0,293.0,96.814,R
OCO,Alpine,HARD,9.0,True,31.088,41.717,23.747,232.0,256.0,277.0,290.0,96.552,R
OCO,Alpine,HARD,10.0,True,31.053,41.754,23.801,233.0,254.0,277.0,291.0,96.608,R
OCO,Alpine,HARD,11.0,True,31.034,41.826,23.761,233.0,255.0,278.0,290.0,96.621,R
OCO,Alpine,HARD,12.0,True,31.025,41.766,23.801,232.0,255.0,277.0,290.0,96.592,R
OCO,Alpine,HARD,13.0,True,31.035,41.852,23.792,233.0,255.0,277.0,289.0,96.679,R
OCO,Alpine,HARD,14.0,True,31.094,41.772,23.783,232.0,255.0,277.0,290.0,96.649,R
OCO,Alpine,HARD,15.0,True,31.188,43.027,23.834,232.0,257.0,279.0,290.0,98.049,R
OCO,Alpine,HARD,16.0,True,31.151,42.048,23.776,231.0,257.0,277.0,294.0,96.975,R
OCO,Alpine,HARD,17.0,True,31.026,41.861,23.769,234.0,256.0,277.0,293.0,96.656,R
OCO,Alpine,HARD,18.0,True,31.177,42.045,23.895,234.0,256.0,277.0,292.0,97.117,R
OCO,Alpine,HARD,19.0,True,31.483,42.304,23.939,235.0,257.0,279.0,292.0,97.726,R
OCO,Alpine,HARD,20.0,True,31.552,42.293,23.939,232.0,258.0,279.0,295.0,97.784,R
OCO,Alpine,HARD,21.0,True,31.083,42.138,23.87,233.0,257.0,278.0,295.0,97.091,R
OCO,Alpine,HARD,22.0,True,31.094,42.116,25.421,233.0,257.0,285.0,292.0,98.631,R
OCO,Alpine,HARD,23.0,True,31.023,42.181,23.941,235.0,258.0,279.0,313.0,97.145,R
OCO,Alpine,HARD,24.0,True,32.402,42.373,23.932,234.0,258.0,279.0,294.0,98.707,R
OCO,Alpine,HARD,25.0,True,31.146,42.266,23.981,235.0,257.0,278.0,294.0,97.393,R
OCO,Alpine,HARD,26.0,True,31.133,42.224,24.058,237.0,257.0,278.0,294.0,97.415,R
GAS,Alpine,SOFT,2.0,True,31.86,42.743,24.456,229.0,245.0,284.0,266.0,99.059,R
GAS,Alpine,SOFT,3.0,True,31.254,42.848,24.642,229.0,245.0,283.0,302.0,98.744,R
GAS,Alpine,SOFT,4.0,True,31.305,42.705,24.493,228.0,249.0,284.0,302.0,98.503,R
GAS,Alpine,SOFT,5.0,True,31.344,42.718,24.602,227.0,247.0,285.0,301.0,98.664,R
GAS,Alpine,SOFT,6.0,True,31.457,42.995,24.647,226.0,246.0,283.0,297.0,99.099,R
GAS,Alpine,SOFT,7.0,True,31.353,43.11,24.615,227.0,240.0,283.0,297.0,99.078,R
GAS,Alpine,SOFT,8.0,True,31.21,43.311,24.766,230.0,248.0,284.0,304.0,99.287,R
GAS,Alpine,SOFT,9.0,True,31.4,43.321,24.731,228.0,245.0,283.0,310.0,99.452,R
GAS,Alpine,SOFT,10.0,True,31.383,43.016,24.53,229.0,252.0,279.0,300.0,98.929,R
GAS,Alpine,SOFT,11.0,True,31.329,42.886,24.441,229.0,245.0,278.0,296.0,98.656,R
GAS,Alpine,HARD,2.0,True,31.44,42.233,24.016,235.0,255.0,281.0,296.0,97.689,R
GAS,Alpine,HARD,3.0,True,30.978,42.383,24.131,227.0,254.0,282.0,311.0,97.492,R
GAS,Alpine,HARD,4.0,True,30.874,42.396,24.251,228.0,255.0,282.0,309.0,97.521,R
GAS,Alpine,HARD,5.0,True,31.153,42.548,24.248,228.0,250.0,282.0,310.0,97.949,R
GAS,Alpine,HARD,6.0,True,30.98,42.45,24.361,229.0,251.0,283.0,312.0,97.791,R
GAS,Alpine,HARD,7.0,True,30.968,42.47,24.264,230.0,255.0,284.0,311.0,97.702,R
GAS,Alpine,HARD,8.0,True,31.193,42.487,24.356,231.0,254.0,282.0,303.0,98.036,R
GAS,Alpine,HARD,9.0,True,31.173,42.541,24.38,229.0,255.0,281.0,300.0,98.094,R
GAS,Alpine,HARD,10.0,True,31.145,42.536,24.187,230.0,254.0,282.0,308.0,97.868,R
GAS,Alpine,HARD,11.0,True,31.195,42.586,24.323,230.0,254.0,282.0,305.0,98.104,R
GAS,Alpine,HARD,12.0,True,31.232,42.57,24.39,232.0,253.0,281.0,303.0,98.192,R
GAS,Alpine,HARD,13.0,True,31.096,42.716,24.348,231.0,255.0,281.0,308.0,98.16,R
GAS,Alpine,HARD,14.0,True,31.256,42.673,24.45,230.0,254.0,283.0,309.0,98.379,R
GAS,Alpine,HARD,15.0,True,31.171,42.747,24.482,230.0,253.0,282.0,308.0,98.4,R
GAS,Alpine,HARD,16.0,True,31.351,42.788,24.476,232.0,253.0,282.0,299.0,98.615,R
GAS,Alpine,HARD,17.0,True,31.301,42.807,24.442,233.0,255.0,282.0,306.0,98.55,R
GAS,Alpine,HARD,18.0,True,31.368,42.942,24.522,231.0,256.0,280.0,302.0,98.832,R
GAS,Alpine,HARD,2.0,True,30.887,41.506,23.719,236.0,253.0,276.0,290.0,96.112,R
GAS,Alpine,HARD,3.0,True,31.142,41.747,23.733,229.0,255.0,277.0,287.0,96.622,R
GAS,Alpine,HARD,4.0,True,31.058,41.573,23.682,230.0,256.0,276.0,290.0,96.313,R
GAS,Alpine,HARD,5.0,True,31.034,41.612,23.804,232.0,255.0,277.0,290.0,96.45,R
GAS,Alpine,HARD,6.0,True,31.148,41.595,23.886,232.0,255.0,277.0,291.0,96.629,R
GAS,Alpine,HARD,7.0,True,31.122,41.764,23.916,231.0,256.0,277.0,289.0,96.802,R
GAS,Alpine,HARD,8.0,True,31.022,41.7,23.815,230.0,257.0,277.0,291.0,96.537,R
GAS,Alpine,HARD,9.0,True,31.023,41.793,23.926,232.0,256.0,277.0,290.0,96.742,R
GAS,Alpine,HARD,10.0,True,30.968,41.751,23.852,234.0,256.0,278.0,293.0,96.571,R
GAS,Alpine,HARD,11.0,True,30.98,41.74,23.911,233.0,256.0,277.0,292.0,96.631,R
GAS,Alpine,SOFT,2.0,True,30.509,40.913,23.383,237.0,254.0,278.0,295.0,94.805,R
GAS,Alpine,SOFT,3.0,True,30.758,41.137,23.398,234.0,255.0,278.0,289.0,95.293,R
GAS,Alpine,SOFT,4.0,True,30.735,41.065,23.541,230.0,255.0,279.0,290.0,95.341,R
GAS,Alpine,SOFT,5.0,True,30.776,41.156,23.479,232.0,255.0,278.0,290.0,95.411,R
GAS,Alpine,SOFT,6.0,True,30.71,41.288,23.513,229.0,257.0,278.0,291.0,95.511,R
GAS,Alpine,SOFT,7.0,True,30.647,41.016,23.565,231.0,257.0,277.0,293.0,95.228,R
GAS,Alpine,SOFT,8.0,True,30.673,41.111,23.55,233.0,256.0,277.0,292.0,95.334,R
GAS,Alpine,SOFT,9.0,True,30.714,41.158,23.639,233.0,256.0,278.0,291.0,95.511,R
GAS,Alpine,SOFT,10.0,True,30.6,41.223,23.566,234.0,257.0,278.0,294.0,95.389,R
GAS,Alpine,SOFT,11.0,True,30.833,41.349,23.671,234.0,256.0,278.0,291.0,95.853,R
GAS,Alpine,SOFT,12.0,True,30.912,41.329,23.667,234.0,257.0,278.0,293.0,95.908,R
GAS,Alpine,SOFT,13.0,True,30.888,41.288,23.91,234.0,263.0,282.0,295.0,96.086,R
BOT,Kick Sauber,SOFT,2.0,True,31.351,42.663,24.245,232.0,247.0,287.0,299.0,98.259,R
BOT,Kick Sauber,SOFT,3.0,True,31.119,43.321,24.397,233.0,248.0,285.0,305.0,98.837,R
BOT,Kick Sauber,SOFT,4.0,True,31.127,43.121,24.395,229.0,247.0,284.0,300.0,98.643,R
BOT,Kick Sauber,SOFT,5.0,True,31.083,44.295,24.709,231.0,244.0,284.0,323.0,100.087,R
BOT,Kick Sauber,SOFT,6.0,True,31.184,43.504,24.518,233.0,251.0,282.0,314.0,99.206,R
BOT,Kick Sauber,SOFT,7.0,True,31.034,43.072,24.548,231.0,247.0,284.0,318.0,98.654,R
BOT,Kick Sauber,SOFT,8.0,True,30.959,43.356,24.653,230.0,247.0,284.0,320.0,98.968,R
BOT,Kick Sauber,SOFT,9.0,True,31.373,43.349,24.703,229.0,247.0,283.0,319.0,99.425,R
BOT,Kick Sauber,SOFT,10.0,True,31.409,43.189,24.514,224.0,248.0,277.0,318.0,99.112,R
BOT,Kick Sauber,SOFT,11.0,True,31.524,43.182,24.481,232.0,252.0,278.0,301.0,99.187,R
BOT,Kick Sauber,HARD,2.0,True,30.501,42.067,23.886,231.0,257.0,279.0,321.0,96.454,R
BOT,Kick Sauber,HARD,3.0,True,31.063,42.254,23.97,231.0,253.0,280.0,303.0,97.287,R
BOT,Kick Sauber,HARD,4.0,True,31.204,42.422,24.092,231.0,253.0,280.0,295.0,97.718,R
BOT,Kick Sauber,HARD,5.0,True,31.183,42.454,24.128,232.0,253.0,280.0,297.0,97.765,R
BOT,Kick Sauber,HARD,6.0,True,31.142,42.597,24.179,232.0,247.0,285.0,299.0,97.918,R
BOT,Kick Sauber,HARD,7.0,True,30.897,42.483,24.282,232.0,252.0,285.0,315.0,97.662,R
BOT,Kick Sauber,HARD,8.0,True,31.078,42.852,24.355,233.0,251.0,282.0,315.0,98.285,R
BOT,Kick Sauber,HARD,9.0,True,31.02,42.534,24.176,230.0,253.0,278.0,315.0,97.73,R
BOT,Kick Sauber,HARD,10.0,True,31.34,42.454,24.204,233.0,250.0,279.0,298.0,97.998,R
BOT,Kick Sauber,HARD,11.0,True,31.375,42.575,24.23,234.0,251.0,279.0,299.0,98.18,R
BOT,Kick Sauber,HARD,12.0,True,31.186,42.705,24.255,234.0,250.0,279.0,299.0,98.146,R
BOT,Kick Sauber,HARD,13.0,True,31.299,42.697,24.266,235.0,248.0,279.0,301.0,98.262,R
BOT,Kick Sauber,HARD,14.0,True,31.266,42.752,24.29,234.0,254.0,280.0,303.0,98.308,R
BOT,Kick Sauber,HARD,15.0,True,31.325,42.741,24.36,235.0,252.0,280.0,302.0,98.426,R
BOT,Kick Sauber,HARD,16.0,True,31.285,42.889,24.421,234.0,250.0,280.0,302.0,98.595,R
BOT,Kick Sauber,HARD,17.0,True,31.344,42.981,24.329,233.0,253.0,280.0,299.0,98.654,R
BOT,Kick Sauber,HARD,2.0,True,30.988,42.106,23.669,233.0,252.0,281.0,295.0,96.763,R
BOT,Kick Sauber,HARD,3.0,True,30.95,41.558,23.694,236.0,254.0,281.0,298.0,96.202,R
BOT,Kick Sauber,HARD,4.0,True,32.25,42.108,23.651,236.0,258.0,281.0,299.0,98.009,R
BOT,Kick Sauber,HARD,5.0,True,30.892,41.986,23.7,235.0,253.0,282.0,300.0,96.578,R
BOT,Kick Sauber,HARD,6.0,True,30.8,41.963,24.029,237.0,252.0,281.0,303.0,96.792,R
BOT,Kick Sauber,HARD,7.0,True,31.511,42.24,24.257,236.0,251.0,281.0,264.0,98.008,R
BOT,Kick Sauber,HARD,8.0,True,31.497,42.346,23.931,238.0,255.0,281.0,259.0,97.774,R
BOT,Kick Sauber,HARD,9.0,True,31.047,42.287,23.855,235.0,253.0,282.0,302.0,97.189,R
BOT,Kick Sauber,HARD,10.0,True,30.903,42.672,23.818,235.0,250.0,280.0,301.0,97.393,R
BOT,Kick Sauber,HARD,11.0,True,30.804,41.851,23.782,235.0,258.0,280.0,298.0,96.437,R
BOT,Kick Sauber,HARD,12.0,True,30.9,41.717,23.757,235.0,256.0,280.0,297.0,96.374,R
BOT,Kick Sauber,HARD,13.0,True,30.907,41.761,23.901,236.0,258.0,280.0,298.0,96.569,R
BOT,Kick Sauber,HARD,14.0,True,30.844,41.917,23.869,235.0,255.0,280.0,295.0,96.63,R
BOT,Kick Sauber,HARD,15.0,True,30.916,41.985,23.762,234.0,257.0,280.0,296.0,96.663,R
BOT,Kick Sauber,HARD,16.0,True,30.825,41.72,23.752,237.0,261.0,281.0,298.0,96.297,R
BOT,Kick Sauber,HARD,17.0,True,30.873,41.907,23.824,236.0,259.0,280.0,296.0,96.604,R
BOT,Kick Sauber,HARD,18.0,True,30.913,41.993,23.859,236.0,256.0,280.0,297.0,96.765,R
BOT,Kick Sauber,HARD,19.0,True,31.028,42.029,23.853,236.0,261.0,280.0,299.0,96.91,R
BOT,Kick Sauber,HARD,20.0,True,31.025,41.997,23.888,234.0,258.0,280.0,296.0,96.91,R
BOT,Kick Sauber,HARD,21.0,True,31.019,41.936,23.864,236.0,257.0,280.0,297.0,96.819,R
BOT,Kick Sauber,HARD,22.0,True,30.997,41.98,23.972,237.0,259.0,280.0,298.0,96.949,R
BOT,Kick Sauber,HARD,23.0,True,30.979,42.128,25.928,237.0,258.0,287.0,299.0,99.035,R
BOT,Kick Sauber,HARD,24.0,True,30.705,42.292,24.098,237.0,256.0,281.0,322.0,97.095,R
BOT,Kick Sauber,HARD,25.0,True,31.026,42.195,23.984,236.0,260.0,280.0,303.0,97.205,R
BOT,Kick Sauber,HARD,26.0,True,31.235,42.521,24.2,237.0,259.0,280.0,301.0,97.956,R
SAR,Williams,SOFT,2.0,True,31.096,43.005,24.38,231.0,248.0,282.0,308.0,98.481,R
SAR,Williams,SOFT,3.0,True,31.105,43.155,24.447,229.0,245.0,285.0,308.0,98.707,R
SAR,Williams,SOFT,4.0,True,31.044,42.904,24.442,228.0,249.0,283.0,309.0,98.39,R
SAR,Williams,SOFT,5.0,True,31.048,43.209,24.5,227.0,248.0,281.0,312.0,98.757,R
SAR,Williams,SOFT,6.0,True,31.037,42.981,24.564,227.0,251.0,282.0,308.0,98.582,R
SAR,Williams,SOFT,7.0,True,31.373,43.491,24.6,227.0,251.0,281.0,313.0,99.464,R
SAR,Williams,SOFT,8.0,True,31.566,43.336,24.678,227.0,252.0,280.0,313.0,99.58,R
SAR,Williams,SOFT,9.0,True,31.398,43.299,24.669,228.0,252.0,277.0,310.0,99.366,R
SAR,Williams,HARD,2.0,True,31.666,42.766,24.061,233.0,255.0,278.0,297.0,98.493,R
SAR,Williams,HARD,3.0,True,31.427,43.601,25.961,231.0,253.0,249.0,298.0,100.989,R
SAR,Williams,HARD,4.0,True,34.301,43.043,24.126,215.0,258.0,279.0,255.0,101.47,R
SAR,Williams,HARD,5.0,True,31.044,42.414,24.136,228.0,259.0,279.0,303.0,97.594,R
SAR,Williams,HARD,6.0,True,34.383,42.896,24.091,232.0,256.0,279.0,227.0,101.37,R
SAR,Williams,HARD,7.0,True,31.181,42.77,25.807,230.0,256.0,281.0,294.0,99.758,R
SAR,Williams,HARD,8.0,True,31.257,42.709,24.111,232.0,260.0,279.0,291.0,98.077,R
SAR,Williams,HARD,9.0,True,31.201,42.532,24.009,232.0,259.0,279.0,295.0,97.742,R
SAR,Williams,HARD,10.0,True,31.11,42.663,24.047,231.0,256.0,279.0,297.0,97.82,R
SAR,Williams,HARD,11.0,True,31.167,42.681,24.161,229.0,254.0,278.0,293.0,98.009,R
SAR,Williams,HARD,12.0,True,31.115,42.516,24.097,232.0,258.0,279.0,296.0,97.728,R
SAR,Williams,HARD,13.0,True,31.065,42.487,24.069,232.0,258.0,279.0,295.0,97.621,R
SAR,Williams,HARD,14.0,True,31.076,42.618,25.743,230.0,253.0,283.0,296.0,99.437,R
SAR,Williams,HARD,15.0,True,32.025,42.881,24.187,213.0,259.0,279.0,290.0,99.093,R
SAR,Williams,HARD,16.0,True,31.152,42.533,24.174,230.0,255.0,279.0,297.0,97.859,R
SAR,Williams,HARD,17.0,True,31.178,42.806,24.304,230.0,256.0,278.0,294.0,98.288,R
SAR,Williams,HARD,2.0,True,30.623,41.483,23.609,234.0,263.0,283.0,298.0,95.715,R
SAR,Williams,HARD,3.0,True,30.539,42.489,23.685,232.0,258.0,281.0,299.0,96.713,R
SAR,Williams,HARD,4.0,True,30.82,41.868,23.875,232.0,257.0,282.0,297.0,96.563,R
SAR,Williams,HARD,5.0,True,30.732,42.718,23.983,233.0,258.0,281.0,295.0,97.433,R
SAR,Williams,HARD,6.0,True,30.708,41.944,23.823,231.0,258.0,280.0,296.0,96.475,R
SAR,Williams,HARD,7.0,True,31.015,42.023,23.821,232.0,260.0,281.0,293.0,96.859,R
SAR,Williams,HARD,8.0,True,30.805,41.808,23.849,232.0,259.0,281.0,295.0,96.462,R
SAR,Williams,HARD,9.0,True,30.826,42.127,23.832,233.0,258.0,281.0,296.0,96.785,R
SAR,Williams,HARD,10.0,True,30.786,42.026,23.92,232.0,259.0,281.0,298.0,96.732,R
SAR,Williams,HARD,11.0,True,30.987,42.097,23.932,231.0,261.0,281.0,296.0,97.016,R
SAR,Williams,SOFT,2.0,True,30.316,40.966,23.453,236.0,260.0,282.0,295.0,94.735,R
SAR,Williams,SOFT,3.0,True,30.462,41.076,23.463,234.0,259.0,282.0,297.0,95.001,R
SAR,Williams,SOFT,4.0,True,30.599,41.146,23.385,234.0,261.0,281.0,295.0,95.13,R
SAR,Williams,SOFT,5.0,True,30.587,41.272,23.474,235.0,261.0,281.0,292.0,95.333,R
SAR,Williams,SOFT,6.0,True,30.872,41.469,23.598,234.0,260.0,287.0,286.0,95.939,R
SAR,Williams,SOFT,7.0,True,30.667,42.237,23.825,233.0,260.0,288.0,313.0,96.729,R
SAR,Williams,SOFT,8.0,True,30.357,41.593,23.738,231.0,257.0,281.0,325.0,95.688,R
SAR,Williams,SOFT,9.0,True,30.638,41.303,23.649,234.0,258.0,281.0,297.0,95.59,R
SAR,Williams,SOFT,10.0,True,30.671,41.368,23.621,234.0,259.0,281.0,293.0,95.66,R
SAR,Williams,SOFT,11.0,True,30.781,41.539,23.652,233.0,261.0,281.0,291.0,95.972,R
SAR,Williams,SOFT,12.0,True,30.775,41.44,23.772,233.0,262.0,281.0,292.0,95.987,R
SAR,Williams,SOFT,13.0,True,30.798,41.61,23.68,232.0,261.0,281.0,292.0,96.088,R
SAR,Williams,SOFT,14.0,True,32.179,43.748,23.687,185.0,261.0,282.0,292.0,99.614,R
SAR,Williams,SOFT,15.0,True,30.671,41.782,23.756,232.0,260.0,281.0,296.0,96.209,R
LEC,Ferrari,SOFT,2.0,True,19.297,34.137,19.405,216.0,199.0,268.0,279.0,72.839,Q
LEC,Ferrari,SOFT,3.0,True,27.498,43.667,25.868,183.0,172.0,269.0,254.0,97.033,Q
LEC,Ferrari,SOFT,4.0,True,18.794,34.388,19.27,222.0,200.0,269.0,281.0,72.452,Q
LEC,Ferrari,SOFT,7.0,False,18.702,33.831,19.12,222.0,207.0,269.0,280.0,71.653,Q
LEC,Ferrari,SOFT,8.0,False,22.608,40.264,36.92,168.0,171.0,269.0,244.0,99.792,Q
LEC,Ferrari,SOFT,9.0,False,18.597,33.825,19.162,220.0,205.0,269.0,281.0,71.584,Q
LEC,Ferrari,SOFT,2.0,True,18.703,33.591,19.062,221.0,205.0,270.0,281.0,71.356,Q
LEC,Ferrari,SOFT,3.0,True,24.641,44.923,26.17,133.0,135.0,270.0,222.0,95.734,Q
LEC,Ferrari,SOFT,4.0,True,18.567,33.634,19.088,221.0,205.0,268.0,282.0,71.289,Q
LEC,Ferrari,SOFT,2.0,True,18.48,33.44,18.905,222.0,209.0,269.0,280.0,70.825,Q
LEC,Ferrari,SOFT,3.0,True,21.544,41.146,27.964,152.0,149.0,269.0,236.0,90.654,Q
LEC,Ferrari,SOFT,4.0,True,18.533,33.523,19.018,222.0,203.0,269.0,283.0,71.074,Q
LEC,Ferrari,SOFT,2.0,True,18.438,33.185,18.795,224.0,205.0,269.0,279.0,70.418,Q
LEC,Ferrari,SOFT,2.0,True,18.386,33.174,18.71,222.0,208.0,269.0,280.0,70.27,Q
PIA,McLaren,SOFT,2.0,True,21.443,39.154,23.335,183.0,175.0,267.0,268.0,83.932,Q
PIA,McLaren,SOFT,3.0,True,19.022,34.213,19.409,223.0,203.0,266.0,281.0,72.644,Q
PIA,McLaren,SOFT,4.0,True,28.625,45.465,40.126,140.0,92.0,267.0,247.0,114.216,Q
PIA,McLaren,SOFT,5.0,True,18.771,33.733,19.377,221.0,205.0,265.0,278.0,71.881,Q
PIA,McLaren,SOFT,6.0,True,25.594,44.648,24.449,135.0,142.0,268.0,221.0,94.691,Q
PIA,McLaren,SOFT,2.0,True,18.872,33.472,19.755,223.0,208.0,266.0,278.0,72.099,Q
PIA,McLaren,SOFT,3.0,True,24.951,44.928,29.596,162.0,134.0,268.0,246.0,99.475,Q
PIA,McLaren,SOFT,4.0,True,18.614,33.707,19.179,224.0,206.0,268.0,280.0,71.5,Q
PIA,McLaren,SOFT,5.0,False,18.665,33.562,19.146,222.0,209.0,268.0,279.0,71.373,Q
PIA,McLaren,SOFT,2.0,True,18.471,33.291,18.994,224.0,210.0,266.0,277.0,70.756,Q
PIA,McLaren,SOFT,2.0,True,18.524,33.156,18.764,225.0,210.0,267.0,279.0,70.444,Q
PIA,McLaren,SOFT,2.0,True,18.303,33.38,18.741,225.0,211.0,269.0,278.0,70.424,Q
SAI,Ferrari,SOFT,2.0,True,20.643,36.56,23.152,206.0,184.0,268.0,280.0,80.355,Q
SAI,Ferrari,SOFT,3.0,True,18.977,34.081,19.233,216.0,203.0,268.0,280.0,72.291,Q
SAI,Ferrari,SOFT,4.0,True,29.379,42.369,27.901,101.0,156.0,147.0,246.0,99.649,Q
SAI,Ferrari,SOFT,5.0,True,31.027,49.287,24.517,97.0,162.0,267.0,256.0,104.831,Q
SAI,Ferrari,SOFT,6.0,True,18.846,34.013,19.083,217.0,203.0,268.0,280.0,71.942,Q
SAI,Ferrari,SOFT,2.0,True,19.998,37.898,31.898,204.0,181.0,270.0,256.0,89.794,Q
SAI,Ferrari,SOFT,3.0,True,18.679,33.614,19.25,220.0,205.0,266.0,281.0,71.543,Q
SAI,Ferrari,SOFT,4.0,False,18.621,33.616,18.94,221.0,205.0,269.0,280.0,71.177,Q
SAI,Ferrari,SOFT,2.0,True,18.669,33.543,18.863,218.0,208.0,268.0,279.0,71.075,Q
SAI,Ferrari,SOFT,3.0,True,27.232,44.616,32.03,114.0,168.0,131.0,199.0,103.878,Q
SAI,Ferrari,SOFT,4.0,True,29.9,45.469,32.787,87.0,171.0,268.0,255.0,108.156,Q
SAI,Ferrari,SOFT,5.0,True,18.666,33.548,18.966,219.0,207.0,268.0,281.0,71.18,Q
SAI,Ferrari,SOFT,2.0,True,19.839,39.686,22.428,183.0,175.0,269.0,271.0,81.953,Q
SAI,Ferrari,SOFT,3.0,True,18.521,33.356,18.796,220.0,206.0,270.0,279.0,70.673,Q
SAI,Ferrari,SOFT,2.0,True,19.997,38.202,24.87,179.0,173.0,270.0,275.0,83.069,Q
SAI,Ferrari,SOFT,3.0,True,18.494,33.241,18.783,223.0,208.0,266.0,280.0,70.518,Q
NOR,McLaren,SOFT,2.0,True,19.409,34.926,19.751,212.0,198.0,265.0,280.0,74.086,Q
NOR,McLaren,SOFT,3.0,True,28.686,45.023,25.468,78.0,176.0,269.0,248.0,99.177,Q
NOR,McLaren,SOFT,4.0,True,19.127,34.184,19.298,218.0,203.0,266.0,279.0,72.609,Q
NOR,McLaren,SOFT,5.0,True,27.317,48.311,24.085,88.0,171.0,268.0,240.0,99.713,Q
NOR,McLaren,SOFT,6.0,True,18.885,34.196,19.298,220.0,202.0,265.0,279.0,72.379,Q
NOR,McLaren,SOFT,7.0,True,27.532,44.796,30.505,78.0,174.0,266.0,247.0,102.833,Q
NOR,McLaren,SOFT,4.0,False,18.756,33.793,19.211,221.0,204.0,265.0,279.0,71.76,Q
NOR,McLaren,SOFT,2.0,True,18.716,33.72,18.936,221.0,206.0,266.0,280.0,71.372,Q
NOR,McLaren,SOFT,3.0,True,25.287,46.849,22.704,90.0,148.0,268.0,237.0,94.84,Q
NOR,McLaren,SOFT,4.0,True,18.612,33.805,19.012,221.0,207.0,268.0,279.0,71.429,Q
NOR,McLaren,SOFT,2.0,True,18.432,33.415,18.885,224.0,208.0,266.0,277.0,70.732,Q
NOR,McLaren,SOFT,5.0,False,18.57,33.473,18.897,221.0,207.0,266.0,279.0,70.94,Q
NOR,McLaren,SOFT,2.0,True,18.466,33.34,18.736,224.0,209.0,267.0,279.0,70.542,Q
RUS,Mercedes,SOFT,2.0,True,21.633,37.514,25.297,194.0,183.0,270.0,257.0,84.444,Q
RUS,Mercedes,SOFT,3.0,True,18.998,34.621,19.619,214.0,200.0,270.0,281.0,73.238,Q
RUS,Mercedes,SOFT,4.0,True,25.805,47.342,24.332,144.0,126.0,269.0,191.0,97.479,Q
RUS,Mercedes,SOFT,5.0,True,18.787,34.08,19.4,221.0,206.0,271.0,280.0,72.267,Q
RUS,Mercedes,SOFT,6.0,True,28.815,56.883,26.737,103.0,103.0,269.0,157.0,112.435,Q
RUS,Mercedes,SOFT,7.0,True,18.73,34.022,19.187,224.0,206.0,270.0,280.0,71.939,Q
RUS,Mercedes,SOFT,2.0,True,18.544,33.894,19.054,221.0,207.0,271.0,281.0,71.492,Q
RUS,Mercedes,SOFT,3.0,True,29.349,60.29,29.164,99.0,91.0,271.0,209.0,118.803,Q
RUS,Mercedes,SOFT,5.0,False,23.358,40.719,29.647,186.0,95.0,270.0,260.0,93.724,Q
RUS,Mercedes,SOFT,6.0,False,18.611,33.739,19.167,223.0,206.0,271.0,282.0,71.517,Q
RUS,Mercedes,SOFT,2.0,True,18.461,33.498,18.97,224.0,207.0,270.0,279.0,70.929,Q
RUS,Mercedes,SOFT,2.0,True,18.438,45.542,21.461,222.0,152.0,270.0,207.0,85.441,Q
RUS,Mercedes,SOFT,3.0,True,18.416,33.548,18.954,224.0,208.0,270.0,280.0,70.918,Q
RUS,Mercedes,SOFT,2.0,True,18.244,33.462,18.837,227.0,210.0,272.0,280.0,70.543,Q
VER,Red Bull Racing,SOFT,2.0,True,18.936,34.604,19.25,218.0,199.0,268.0,280.0,72.79,Q
VER,Red Bull Racing,SOFT,3.0,True,29.88,46.045,35.721,115.0,147.0,268.0,224.0,111.646,Q
VER,Red Bull Racing,SOFT,4.0,True,18.672,34.163,19.249,221.0,201.0,268.0,280.0,72.084,Q
VER,Red Bull Racing,SOFT,5.0,True,27.654,46.936,26.955,115.0,168.0,268.0,197.0,101.545,Q
VER,Red Bull Racing,SOFT,6.0,True,18.524,34.075,19.371,223.0,205.0,268.0,280.0,71.97,Q
VER,Red Bull Racing,SOFT,7.0,True,28.609,44.457,25.937,104.0,152.0,233.0,229.0,99.003,Q
VER,Red Bull Racing,SOFT,8.0,True,26.925,44.342,31.836,164.0,173.0,268.0,236.0,103.103,Q
VER,Red Bull Racing,SOFT,9.0,True,18.612,33.97,19.129,222.0,207.0,269.0,280.0,71.711,Q
VER,Red Bull Racing,SOFT,10.0,True,26.578,47.224,28.375,117.0,151.0,270.0,212.0,102.177,Q
VER,Red Bull Racing,SOFT,11.0,True,18.579,33.965,19.379,222.0,206.0,239.0,281.0,71.923,Q
VER,Red Bull Racing,SOFT,2.0,True,18.481,33.751,18.964,224.0,199.0,270.0,281.0,71.196,Q
VER,Red Bull Racing,SOFT,3.0,True,25.321,43.591,25.967,99.0,163.0,269.0,208.0,94.879,Q
VER,Red Bull Racing,SOFT,4.0,True,18.352,33.673,18.994,224.0,209.0,268.0,282.0,71.019,Q
VER,Red Bull Racing,SOFT,2.0,True,20.542,41.15,25.258,181.0,134.0,270.0,243.0,86.95,Q
VER,Red Bull Racing,SOFT,3.0,True,18.292,33.502,18.951,223.0,210.0,269.0,281.0,70.745,Q
VER,Red Bull Racing,SOFT,2.0,True,20.441,48.644,21.624,174.0,139.0,269.0,228.0,90.709,Q
VER,Red Bull Racing,SOFT,3.0,True,18.255,33.424,18.888,223.0,208.0,267.0,279.0,70.567,Q
VER,Red Bull Racing,SOFT,2.0,True,20.646,44.25,26.516,183.0,143.0,270.0,265.0,91.412,Q
HAM,Mercedes,SOFT,2.0,True,21.174,37.522,20.854,191.0,186.0,268.0,260.0,79.55,Q
HAM,Mercedes,SOFT,3.0,True,19.067,34.529,19.358,218.0,198.0,270.0,279.0,72.954,Q
HAM,Mercedes,SOFT,4.0,True,36.914,52.869,28.003,83.0,148.0,269.0,229.0,117.786,Q
HAM,Mercedes,SOFT,5.0,True,18.792,34.084,19.585,222.0,203.0,272.0,280.0,72.461,Q
HAM,Mercedes,SOFT,6.0,True,23.617,56.074,27.071,156.0,137.0,202.0,163.0,106.762,Q
HAM,Mercedes,SOFT,7.0,True,29.155,46.789,20.799,131.0,183.0,270.0,193.0,96.743,Q
HAM,Mercedes,SOFT,8.0,True,18.735,33.964,19.217,223.0,204.0,268.0,277.0,71.916,Q
HAM,Mercedes,SOFT,2.0,True,18.689,33.784,19.055,225.0,205.0,271.0,283.0,71.528,Q
HAM,Mercedes,SOFT,4.0,False,20.68,37.134,20.31,193.0,194.0,270.0,264.0,78.124,Q
HAM,Mercedes,SOFT,5.0,False,18.659,33.85,18.993,219.0,205.0,270.0,280.0,71.502,Q
HAM,Mercedes,SOFT,2.0,True,18.601,33.493,19.016,224.0,205.0,268.0,279.0,71.11,Q
HAM,Mercedes,SOFT,5.0,False,18.479,33.6,18.977,224.0,206.0,270.0,279.0,71.056,Q
HAM,Mercedes,SOFT,2.0,True,18.407,33.649,18.919,223.0,201.0,271.0,282.0,70.975,Q
HAM,Mercedes,SOFT,2.0,True,18.372,33.439,18.81,225.0,207.0,269.0,282.0,70.621,Q
TSU,RB,SOFT,2.0,True,19.056,34.369,19.662,220.0,197.0,267.0,278.0,73.087,Q
TSU,RB,SOFT,3.0,True,28.329,45.163,23.739,120.0,159.0,266.0,249.0,97.231,Q
TSU,RB,SOFT,4.0,True,19.057,34.135,19.56,221.0,200.0,268.0,281.0,72.752,Q
TSU,RB,SOFT,2.0,True,18.845,33.582,19.425,223.0,203.0,266.0,281.0,71.852,Q
TSU,RB,SOFT,3.0,True,27.419,44.156,36.211,151.0,157.0,263.0,245.0,107.786,Q
TSU,RB,SOFT,4.0,True,18.971,33.868,19.374,223.0,202.0,266.0,279.0,72.213,Q
TSU,RB,SOFT,2.0,True,18.711,33.551,18.995,222.0,204.0,267.0,277.0,71.257,Q
TSU,RB,SOFT,3.0,True,23.557,45.543,29.197,149.0,146.0,113.0,192.0,98.297,Q
TSU,RB,SOFT,4.0,True,27.597,44.961,22.21,161.0,135.0,265.0,199.0,94.768,Q
TSU,RB,SOFT,5.0,True,18.825,33.69,19.168,223.0,201.0,265.0,275.0,71.683,Q
TSU,RB,SOFT,2.0,True,18.611,33.501,18.994,223.0,206.0,266.0,279.0,71.106,Q
TSU,RB,SOFT,7.0,False,18.777,33.743,19.085,221.0,203.0,267.0,277.0,71.605,Q
TSU,RB,SOFT,2.0,True,18.595,33.47,18.793,223.0,205.0,264.0,275.0,70.858,Q
ALB,Williams,SOFT,2.0,True,20.288,39.293,27.554,173.0,181.0,267.0,262.0,87.135,Q
ALB,Williams,SOFT,3.0,True,18.96,34.638,19.73,218.0,201.0,267.0,281.0,73.328,Q
ALB,Williams,SOFT,4.0,True,35.425,47.148,33.226,91.0,155.0,263.0,252.0,115.799,Q
ALB,Williams,SOFT,5.0,True,19.007,34.544,19.151,217.0,202.0,267.0,277.0,72.702,Q
ALB,Williams,SOFT,6.0,True,26.453,47.291,25.411,81.0,121.0,268.0,208.0,99.155,Q
ALB,Williams,SOFT,7.0,True,18.765,34.482,19.231,219.0,198.0,268.0,280.0,72.478,Q
ALB,Williams,SOFT,2.0,True,18.748,33.94,19.065,219.0,204.0,270.0,279.0,71.753,Q
ALB,Williams,SOFT,3.0,True,26.335,46.569,29.476,127.0,129.0,267.0,176.0,102.38,Q
ALB,Williams,SOFT,4.0,True,18.635,33.925,19.063,217.0,205.0,268.0,280.0,71.623,Q
ALB,Williams,SOFT,2.0,True,18.843,44.279,21.638,184.0,166.0,267.0,232.0,84.76,Q
ALB,Williams,SOFT,3.0,True,18.823,33.833,19.004,213.0,205.0,268.0,278.0,71.66,Q
ALB,Williams,SOFT,4.0,True,27.284,46.844,24.286,135.0,139.0,268.0,221.0,98.414,Q
ALB,Williams,SOFT,5.0,True,18.709,33.899,18.999,219.0,206.0,268.0,277.0,71.607,Q
ALB,Williams,SOFT,2.0,True,18.594,33.684,18.938,221.0,206.0,267.0,277.0,71.216,Q
ALB,Williams,SOFT,3.0,True,24.394,46.933,25.465,136.0,152.0,268.0,205.0,96.792,Q
ALB,Williams,SOFT,6.0,False,18.718,34.052,19.035,217.0,204.0,267.0,276.0,71.805,Q
ALB,Williams,SOFT,2.0,True,18.487,33.597,18.864,220.0,207.0,266.0,273.0,70.948,Q
GAS,Alpine,SOFT,2.0,True,19.57,34.729,19.733,213.0,196.0,266.0,278.0,74.032,Q
GAS,Alpine,SOFT,3.0,True,25.751,46.39,22.881,124.0,159.0,266.0,212.0,95.022,Q
GAS,Alpine,SOFT,4.0,True,19.029,34.291,19.416,217.0,205.0,266.0,278.0,72.736,Q
GAS,Alpine,SOFT,5.0,True,30.253,47.172,23.54,86.0,149.0,266.0,249.0,100.965,Q
GAS,Alpine,SOFT,6.0,True,19.032,33.806,19.275,219.0,208.0,266.0,279.0,72.113,Q
GAS,Alpine,SOFT,2.0,True,18.681,33.819,22.208,224.0,186.0,227.0,282.0,74.708,Q
GAS,Alpine,SOFT,3.0,True,27.955,42.323,34.582,133.0,147.0,267.0,258.0,104.86,Q
GAS,Alpine,SOFT,4.0,True,18.649,33.684,19.381,222.0,206.0,266.0,281.0,71.714,Q
GAS,Alpine,SOFT,2.0,True,18.923,33.883,19.689,220.0,201.0,266.0,279.0,72.495,Q
GAS,Alpine,SOFT,3.0,True,28.82,44.427,24.439,138.0,131.0,178.0,204.0,97.686,Q
GAS,Alpine,SOFT,4.0,True,27.22,42.32,22.076,124.0,158.0,268.0,224.0,91.616,Q
GAS,Alpine,SOFT,5.0,True,18.688,33.593,19.053,221.0,208.0,265.0,278.0,71.334,Q
GAS,Alpine,SOFT,2.0,True,23.233,42.406,25.414,177.0,168.0,268.0,261.0,91.053,Q
GAS,Alpine,SOFT,3.0,True,18.481,33.453,18.962,223.0,207.0,267.0,278.0,70.896,Q
GAS,Alpine,SOFT,6.0,False,24.884,38.65,22.778,180.0,172.0,268.0,272.0,86.312,Q
GAS,Alpine,SOFT,7.0,False,18.637,33.599,19.075,223.0,206.0,266.0,280.0,71.311,Q
GAS,Alpine,SOFT,2.0,True,22.968,41.64,24.133,171.0,170.0,268.0,273.0,88.741,Q
GAS,Alpine,SOFT,3.0,True,18.533,33.401,19.571,223.0,204.0,242.0,277.0,71.505,Q
OCO,Alpine,SOFT,2.0,True,19.598,34.537,19.524,209.0,197.0,268.0,280.0,73.659,Q
OCO,Alpine,SOFT,3.0,True,25.582,45.133,27.354,162.0,150.0,267.0,184.0,98.069,Q
OCO,Alpine,SOFT,4.0,True,19.055,34.104,19.347,215.0,202.0,269.0,280.0,72.506,Q
OCO,Alpine,SOFT,5.0,True,26.348,44.537,22.92,161.0,152.0,267.0,210.0,93.805,Q
OCO,Alpine,SOFT,6.0,True,18.882,34.155,19.193,219.0,203.0,268.0,280.0,72.23,Q
OCO,Alpine,SOFT,2.0,True,18.848,33.81,19.248,221.0,204.0,270.0,282.0,71.906,Q
OCO,Alpine,SOFT,3.0,True,26.239,44.516,37.551,153.0,145.0,266.0,215.0,108.306,Q
OCO,Alpine,SOFT,4.0,True,18.761,33.802,19.324,217.0,204.0,267.0,281.0,71.887,Q
OCO,Alpine,SOFT,2.0,True,19.417,42.084,22.028,187.0,161.0,267.0,204.0,83.529,Q
OCO,Alpine,SOFT,3.0,True,18.701,33.539,19.045,218.0,206.0,267.0,278.0,71.285,Q
OCO,Alpine,SOFT,4.0,True,27.583,42.887,24.95,143.0,155.0,266.0,200.0,95.42,Q
OCO,Alpine,SOFT,2.0,True,21.718,37.613,27.763,158.0,173.0,268.0,279.0,87.094,Q
RIC,RB,SOFT,2.0,True,19.478,35.06,19.799,215.0,197.0,267.0,279.0,74.337,Q
RIC,RB,SOFT,3.0,True,29.241,50.958,26.471,87.0,156.0,267.0,134.0,106.67,Q
RIC,RB,SOFT,4.0,True,21.427,41.406,34.72,172.0,149.0,265.0,245.0,97.553,Q
RIC,RB,SOFT,5.0,True,19.208,34.21,19.348,220.0,198.0,267.0,279.0,72.766,Q
RIC,RB,SOFT,2.0,True,18.992,33.97,19.16,221.0,204.0,266.0,278.0,72.122,Q
RIC,RB,SOFT,3.0,True,29.34,51.409,25.54,62.0,143.0,214.0,135.0,106.289,Q
RIC,RB,SOFT,4.0,True,28.49,42.749,34.96,164.0,160.0,268.0,259.0,106.199,Q
RIC,RB,SOFT,5.0,True,18.895,33.708,19.182,221.0,206.0,266.0,278.0,71.785,Q
RIC,RB,SOFT,2.0,True,18.975,33.801,19.418,221.0,205.0,266.0,278.0,72.194,Q
RIC,RB,SOFT,3.0,True,27.171,41.527,26.101,147.0,151.0,207.0,240.0,94.799,Q
RIC,RB,SOFT,5.0,True,19.041,33.811,19.212,221.0,205.0,266.0,279.0,72.064,Q
RIC,RB,SOFT,2.0,True,18.77,33.705,19.007,222.0,208.0,266.0,275.0,71.482,Q
STR,Aston Martin,SOFT,2.0,True,19.998,36.339,24.036,209.0,191.0,271.0,273.0,80.373,Q
STR,Aston Martin,SOFT,3.0,True,18.953,34.384,19.489,222.0,202.0,272.0,282.0,72.826,Q
STR,Aston Martin,SOFT,4.0,True,26.775,44.588,44.396,149.0,144.0,269.0,207.0,115.759,Q
STR,Aston Martin,SOFT,5.0,True,18.869,34.043,19.327,220.0,204.0,270.0,281.0,72.239,Q
STR,Aston Martin,SOFT,2.0,True,18.643,33.85,19.235,222.0,201.0,272.0,281.0,71.728,Q
STR,Aston Martin,SOFT,3.0,True,32.864,54.255,24.536,77.0,119.0,271.0,145.0,111.655,Q
STR,Aston Martin,SOFT,4.0,True,18.695,34.111,19.22,221.0,205.0,271.0,281.0,72.026,Q
STR,Aston Martin,SOFT,2.0,True,18.687,33.774,19.102,218.0,205.0,270.0,280.0,71.563,Q
STR,Aston Martin,SOFT,2.0,True,18.542,33.773,19.303,223.0,206.0,270.0,282.0,71.618,Q
HUL,Haas F1 Team,SOFT,2.0,True,18.951,34.118,19.347,220.0,202.0,272.0,285.0,72.416,Q
HUL,Haas F1 Team,SOFT,3.0,True,30.79,46.633,36.173,90.0,111.0,271.0,232.0,113.596,Q
HUL,Haas F1 Team,SOFT,4.0,True,19.22,33.785,19.281,218.0,205.0,271.0,285.0,72.286,Q
HUL,Haas F1 Team,SOFT,2.0,True,18.824,33.857,19.195,220.0,203.0,271.0,284.0,71.876,Q
HUL,Haas F1 Team,SOFT,3.0,True,28.573,50.467,22.552,87.0,152.0,271.0,203.0,101.592,Q
HUL,Haas F1 Team,SOFT,4.0,True,18.967,34.066,19.324,217.0,203.0,262.0,283.0,72.357,Q
HUL,Haas F1 Team,SOFT,2.0,True,18.903,33.847,19.178,219.0,203.0,271.0,283.0,71.928,Q
HUL,Haas F1 Team,SOFT,3.0,True,24.697,48.708,22.278,128.0,167.0,229.0,212.0,95.683,Q
HUL,Haas F1 Team,SOFT,4.0,True,27.505,43.806,21.837,158.0,146.0,269.0,183.0,93.148,Q
HUL,Haas F1 Team,SOFT,5.0,True,18.879,33.922,19.279,218.0,202.0,270.0,282.0,72.08,Q
HUL,Haas F1 Team,SOFT,2.0,True,22.706,43.037,24.09,135.0,184.0,271.0,267.0,89.833,Q
HUL,Haas F1 Team,SOFT,3.0,True,18.67,33.631,19.139,219.0,207.0,272.0,284.0,71.44,Q
ALO,Aston Martin,SOFT,2.0,True,19.246,47.026,24.142,208.0,163.0,272.0,246.0,90.414,Q
ALO,Aston Martin,SOFT,3.0,True,19.211,34.444,19.272,219.0,200.0,269.0,279.0,72.927,Q
ALO,Aston Martin,SOFT,4.0,True,26.047,45.202,32.982,158.0,161.0,269.0,235.0,104.231,Q
ALO,Aston Martin,SOFT,5.0,True,18.866,34.003,19.249,221.0,202.0,271.0,282.0,72.118,Q
ALO,Aston Martin,SOFT,2.0,True,18.941,33.959,19.119,222.0,203.0,273.0,281.0,72.019,Q
ALO,Aston Martin,SOFT,3.0,True,28.799,41.788,24.769,179.0,156.0,271.0,254.0,95.356,Q
ALO,Aston Martin,SOFT,4.0,True,18.784,34.046,19.257,224.0,205.0,271.0,285.0,72.087,Q
SAR,Williams,SOFT,2.0,True,20.113,35.895,28.042,209.0,189.0,269.0,277.0,84.05,Q
SAR,Williams,SOFT,3.0,True,19.179,34.57,19.448,214.0,199.0,269.0,280.0,73.197,Q
SAR,Williams,SOFT,4.0,True,24.254,49.549,37.59,140.0,150.0,268.0,225.0,111.393,Q
SAR,Williams,SOFT,5.0,True,19.006,34.437,19.353,217.0,201.0,269.0,281.0,72.796,Q
SAR,Williams,SOFT,2.0,True,20.18,39.141,33.115,206.0,175.0,269.0,274.0,92.436,Q
SAR,Williams,SOFT,3.0,True,18.856,34.087,19.151,221.0,203.0,270.0,280.0,72.094,Q
SAR,Williams,SOFT,4.0,True,25.4,48.96,27.402,146.0,156.0,270.0,210.0,101.762,Q
SAR,Williams,SOFT,5.0,True,18.8,34.068,19.152,221.0,205.0,269.0,280.0,72.02,Q
MAG,Haas F1 Team,SOFT,2.0,True,19.019,34.237,19.316,218.0,198.0,274.0,285.0,72.572,Q
MAG,Haas F1 Team,SOFT,3.0,True,28.935,48.565,35.692,51.0,180.0,272.0,256.0,113.192,Q
MAG,Haas F1 Team,SOFT,4.0,True,18.833,33.979,19.592,221.0,199.0,272.0,285.0,72.404,Q
MAG,Haas F1 Team,SOFT,2.0,True,18.696,33.969,19.167,220.0,202.0,272.0,283.0,71.832,Q
MAG,Haas F1 Team,SOFT,3.0,True,23.701,39.489,25.046,145.0,145.0,235.0,259.0,88.236,Q
MAG,Haas F1 Team,SOFT,4.0,True,26.966,43.925,24.318,87.0,41.0,272.0,260.0,95.209,Q
MAG,Haas F1 Team,SOFT,5.0,True,18.658,33.849,19.338,221.0,202.0,272.0,284.0,71.845,Q
MAG,Haas F1 Team,SOFT,2.0,True,18.82,33.812,19.093,218.0,204.0,271.0,284.0,71.725,Q
MAG,Haas F1 Team,SOFT,2.0,True,22.062,44.509,24.124,155.0,126.0,271.0,256.0,90.695,Q
MAG,Haas F1 Team,SOFT,3.0,True,18.902,33.903,19.161,220.0,205.0,270.0,284.0,71.966,Q
PER,Red Bull Racing,SOFT,2.0,True,19.526,34.705,19.75,213.0,200.0,266.0,281.0,73.981,Q
PER,Red Bull Racing,SOFT,3.0,True,27.316,50.313,32.784,150.0,166.0,266.0,253.0,110.413,Q
PER,Red Bull Racing,SOFT,4.0,True,19.373,34.512,19.474,217.0,201.0,270.0,281.0,73.359,Q
PER,Red Bull Racing,SOFT,5.0,True,27.715,45.535,26.945,127.0,164.0,270.0,217.0,100.195,Q
PER,Red Bull Racing,SOFT,6.0,True,19.014,34.363,19.321,215.0,206.0,266.0,278.0,72.698,Q
PER,Red Bull Racing,SOFT,2.0,True,18.831,33.993,19.236,220.0,207.0,268.0,280.0,72.06,Q
PER,Red Bull Racing,SOFT,3.0,True,29.527,45.333,29.127,96.0,162.0,269.0,238.0,103.987,Q
PER,Red Bull Racing,SOFT,4.0,True,18.83,33.948,19.289,216.0,208.0,268.0,281.0,72.067,Q
BOT,Kick Sauber,SOFT,2.0,True,19.687,34.679,19.57,217.0,196.0,269.0,280.0,73.936,Q
BOT,Kick Sauber,SOFT,3.0,True,32.903,50.54,34.155,69.0,167.0,269.0,247.0,117.598,Q
BOT,Kick Sauber,SOFT,4.0,True,19.462,34.607,19.615,219.0,196.0,269.0,282.0,73.684,Q
BOT,Kick Sauber,SOFT,5.0,True,27.468,42.112,30.07,180.0,129.0,269.0,252.0,99.65,Q
BOT,Kick Sauber,SOFT,2.0,True,19.052,34.366,19.323,220.0,199.0,268.0,280.0,72.741,Q
BOT,Kick Sauber,SOFT,3.0,True,24.71,49.322,35.307,103.0,168.0,269.0,245.0,109.339,Q
BOT,Kick Sauber,SOFT,4.0,True,19.1,34.008,19.404,222.0,203.0,267.0,280.0,72.512,Q
ZHO,Kick Sauber,SOFT,2.0,True,19.783,35.335,19.954,217.0,194.0,267.0,279.0,75.072,Q
ZHO,Kick Sauber,SOFT,3.0,True,28.097,46.19,32.311,101.0,154.0,267.0,249.0,106.598,Q
ZHO,Kick Sauber,SOFT,4.0,True,19.66,34.717,19.774,212.0,200.0,267.0,281.0,74.151,Q
ZHO,Kick Sauber,SOFT,5.0,True,25.976,44.767,28.217,135.0,153.0,268.0,242.0,98.96,Q
ZHO,Kick Sauber,SOFT,2.0,True,19.409,34.27,19.568,219.0,203.0,267.0,280.0,73.247,Q
ZHO,Kick Sauber,SOFT,3.0,True,23.069,45.782,30.842,157.0,150.0,269.0,240.0,99.693,Q
ZHO,Kick Sauber,SOFT,4.0,True,19.387,34.172,19.469,219.0,203.0,268.0,280.0,73.028,Q
LEC,Ferrari,HARD,2.0,True,24.007,38.235,22.382,199.0,167.0,250.0,269.0,84.624,R
LEC,Ferrari,HARD,3.0,True,21.892,38.779,21.954,192.0,173.0,252.0,269.0,82.625,R
LEC,Ferrari,HARD,4.0,True,21.314,38.513,21.968,196.0,175.0,253.0,271.0,81.795,R
LEC,Ferrari,HARD,5.0,True,21.568,38.168,21.409,190.0,179.0,252.0,271.0,81.145,R
LEC,Ferrari,HARD,6.0,True,21.37,38.056,21.554,193.0,175.0,253.0,271.0,80.98,R
LEC,Ferrari,HARD,7.0,True,21.25,38.171,21.609,190.0,178.0,252.0,270.0,81.03,R
LEC,Ferrari,HARD,8.0,True,21.092,37.612,21.41,197.0,177.0,252.0,271.0,80.114,R
LEC,Ferrari,HARD,9.0,True,21.036,37.886,21.853,196.0,175.0,252.0,271.0,80.775,R
LEC,Ferrari,HARD,10.0,True,21.279,38.236,21.531,192.0,178.0,253.0,271.0,81.046,R
LEC,Ferrari,HARD,11.0,True,20.949,37.73,21.573,196.0,176.0,252.0,271.0,80.252,R
LEC,Ferrari,HARD,12.0,True,20.818,36.898,21.301,200.0,180.0,253.0,272.0,79.017,R
LEC,Ferrari,HARD,13.0,True,20.847,38.003,21.063,198.0,182.0,253.0,270.0,79.913,R
LEC,Ferrari,HARD,14.0,True,20.763,37.77,21.305,202.0,180.0,252.0,272.0,79.838,R
LEC,Ferrari,HARD,15.0,True,21.139,37.516,21.501,195.0,177.0,253.0,272.0,80.156,R
LEC,Ferrari,HARD,16.0,True,20.925,37.498,21.856,202.0,175.0,253.0,273.0,80.279,R
LEC,Ferrari,HARD,17.0,True,20.612,37.578,21.39,199.0,181.0,254.0,273.0,79.58,R
LEC,Ferrari,HARD,18.0,True,20.806,36.89,21.146,202.0,179.0,253.0,273.0,78.842,R
LEC,Ferrari,HARD,19.0,True,20.573,37.018,21.133,197.0,180.0,254.0,272.0,78.724,R
LEC,Ferrari,HARD,20.0,True,20.609,36.874,20.989,199.0,184.0,254.0,272.0,78.472,R
LEC,Ferrari,HARD,21.0,True,20.591,37.004,21.025,201.0,184.0,255.0,272.0,78.62,R
LEC,Ferrari,HARD,22.0,True,20.638,36.755,21.065,202.0,184.0,254.0,273.0,78.458,R
LEC,Ferrari,HARD,23.0,True,20.436,37.261,21.028,202.0,182.0,254.0,273.0,78.725,R
LEC,Ferrari,HARD,24.0,True,20.408,37.435,21.13,203.0,181.0,254.0,273.0,78.973,R
LEC,Ferrari,HARD,25.0,True,20.305,37.048,21.092,204.0,185.0,254.0,273.0,78.445,R
LEC,Ferrari,HARD,26.0,True,20.507,36.769,21.075,201.0,182.0,255.0,275.0,78.351,R
LEC,Ferrari,HARD,27.0,True,20.535,37.208,20.967,194.0,185.0,255.0,274.0,78.71,R
LEC,Ferrari,HARD,28.0,True,20.429,37.312,21.312,200.0,176.0,255.0,275.0,79.053,R
LEC,Ferrari,HARD,29.0,True,21.091,37.38,21.464,194.0,180.0,255.0,275.0,79.935,R
LEC,Ferrari,HARD,30.0,True,20.706,36.687,21.0,197.0,185.0,256.0,276.0,78.393,R
LEC,Ferrari,HARD,31.0,True,20.483,37.216,21.426,196.0,178.0,255.0,275.0,79.125,R
LEC,Ferrari,HARD,32.0,True,20.51,36.916,21.068,202.0,185.0,256.0,277.0,78.494,R
LEC,Ferrari,HARD,33.0,True,20.412,37.589,21.318,199.0,181.0,255.0,276.0,79.319,R
LEC,Ferrari,HARD,34.0,True,20.503,36.672,21.355,202.0,180.0,256.0,278.0,78.53,R
LEC,Ferrari,HARD,35.0,True,20.697,36.919,21.073,201.0,184.0,257.0,278.0,78.689,R
LEC,Ferrari,HARD,36.0,True,21.082,36.57,21.273,202.0,180.0,257.0,278.0,78.925,R
LEC,Ferrari,HARD,37.0,True,20.612,36.704,21.212,198.0,184.0,257.0,279.0,78.528,R
LEC,Ferrari,HARD,38.0,True,20.815,36.297,21.069,202.0,183.0,259.0,280.0,78.181,R
LEC,Ferrari,HARD,39.0,True,20.538,37.054,21.141,199.0,183.0,258.0,281.0,78.733,R
LEC,Ferrari,HARD,40.0,True,20.486,36.988,21.22,195.0,185.0,265.0,280.0,78.694,R
LEC,Ferrari,HARD,41.0,True,20.683,37.359,21.235,200.0,184.0,254.0,278.0,79.277,R
LEC,Ferrari,HARD,42.0,True,20.293,36.71,20.862,203.0,183.0,255.0,275.0,77.865,R
LEC,Ferrari,HARD,43.0,True,20.687,36.752,20.837,199.0,185.0,255.0,275.0,78.276,R
LEC,Ferrari,HARD,44.0,True,20.582,36.789,21.17,200.0,182.0,255.0,275.0,78.541,R
LEC,Ferrari,HARD,45.0,True,20.6,37.066,20.901,196.0,185.0,256.0,276.0,78.567,R
LEC,Ferrari,HARD,46.0,True,20.506,37.404,21.275,195.0,183.0,256.0,276.0,79.185,R
LEC,Ferrari,HARD,47.0,True,20.379,36.484,21.078,197.0,188.0,256.0,276.0,77.941,R
LEC,Ferrari,HARD,48.0,True,20.674,36.889,20.943,196.0,184.0,256.0,276.0,78.506,R
LEC,Ferrari,HARD,49.0,True,20.293,36.878,21.014,202.0,183.0,257.0,276.0,78.185,R
LEC,Ferrari,HARD,50.0,True,20.269,36.519,21.002,196.0,186.0,265.0,279.0,77.79,R
LEC,Ferrari,HARD,51.0,True,20.381,36.839,21.091,198.0,188.0,256.0,276.0,78.311,R
LEC,Ferrari,HARD,52.0,True,20.319,36.629,20.8,198.0,185.0,258.0,278.0,77.748,R
LEC,Ferrari,HARD,53.0,True,20.182,36.412,20.763,202.0,188.0,258.0,278.0,77.357,R
LEC,Ferrari,HARD,54.0,True,20.377,36.322,20.745,194.0,188.0,256.0,278.0,77.444,R
LEC,Ferrari,HARD,55.0,True,20.173,36.255,20.838,194.0,188.0,256.0,275.0,77.266,R
LEC,Ferrari,HARD,56.0,True,20.132,36.818,20.69,206.0,189.0,256.0,274.0,77.64,R
LEC,Ferrari,HARD,57.0,True,20.246,36.138,20.644,199.0,191.0,256.0,275.0,77.028,R
LEC,Ferrari,HARD,58.0,True,20.42,36.197,20.417,202.0,192.0,257.0,275.0,77.034,R
LEC,Ferrari,HARD,59.0,True,19.989,36.033,20.392,200.0,190.0,258.0,278.0,76.414,R
LEC,Ferrari,HARD,60.0,True,20.047,36.432,20.384,197.0,189.0,258.0,278.0,76.863,R
LEC,Ferrari,HARD,61.0,True,20.116,36.443,20.895,199.0,184.0,258.0,277.0,77.454,R
LEC,Ferrari,HARD,62.0,True,20.095,36.187,20.689,201.0,190.0,257.0,278.0,76.971,R
LEC,Ferrari,HARD,63.0,True,19.996,35.953,20.611,198.0,189.0,257.0,278.0,76.56,R
LEC,Ferrari,HARD,64.0,True,20.094,35.912,20.601,202.0,187.0,258.0,278.0,76.607,R
LEC,Ferrari,HARD,65.0,True,20.092,36.05,20.347,201.0,192.0,259.0,279.0,76.489,R
LEC,Ferrari,HARD,66.0,True,19.908,35.718,20.315,206.0,190.0,259.0,278.0,75.941,R
LEC,Ferrari,HARD,67.0,True,19.824,35.719,20.539,202.0,190.0,259.0,282.0,76.082,R
LEC,Ferrari,HARD,68.0,True,20.074,35.848,20.451,207.0,189.0,258.0,279.0,76.373,R
LEC,Ferrari,HARD,69.0,True,19.928,35.516,20.323,202.0,192.0,259.0,279.0,75.767,R
LEC,Ferrari,HARD,70.0,True,19.719,35.501,19.942,208.0,195.0,259.0,279.0,75.162,R
LEC,Ferrari,HARD,71.0,True,19.716,35.511,20.32,207.0,192.0,259.0,280.0,75.547,R
LEC,Ferrari,HARD,72.0,True,19.958,35.883,20.378,202.0,189.0,261.0,281.0,76.219,R
LEC,Ferrari,HARD,73.0,True,19.924,35.853,20.328,200.0,191.0,262.0,282.0,76.105,R
LEC,Ferrari,HARD,74.0,True,19.84,36.038,20.509,203.0,188.0,262.0,282.0,76.387,R
LEC,Ferrari,HARD,75.0,True,20.175,36.346,20.287,202.0,187.0,259.0,281.0,76.808,R
LEC,Ferrari,HARD,76.0,True,20.067,36.196,20.67,200.0,188.0,259.0,277.0,76.933,R
LEC,Ferrari,HARD,77.0,True,20.278,36.319,22.039,196.0,184.0,209.0,277.0,78.636,R
PIA,McLaren,HARD,3.0,False,23.96,38.571,22.422,179.0,171.0,252.0,271.0,84.953,R
PIA,McLaren,HARD,4.0,False,21.687,38.788,21.839,170.0,171.0,261.0,275.0,82.314,R
PIA,McLaren,HARD,5.0,False,21.435,38.378,22.206,184.0,175.0,260.0,275.0,82.019,R
PIA,McLaren,HARD,6.0,False,21.409,38.129,21.816,181.0,179.0,262.0,275.0,81.354,R
PIA,McLaren,HARD,7.0,False,21.207,37.68,21.921,185.0,176.0,262.0,276.0,80.808,R
PIA,McLaren,HARD,8.0,False,21.425,37.957,21.676,181.0,181.0,262.0,274.0,81.058,R
PIA,McLaren,HARD,9.0,False,21.181,37.382,21.343,189.0,181.0,262.0,273.0,79.906,R
PIA,McLaren,HARD,10.0,False,21.262,37.97,21.658,179.0,176.0,255.0,275.0,80.89,R
PIA,McLaren,HARD,11.0,False,21.439,37.991,21.468,168.0,181.0,261.0,276.0,80.898,R
PIA,McLaren,HARD,12.0,False,21.21,37.442,21.483,188.0,180.0,262.0,277.0,80.135,R
PIA,McLaren,HARD,13.0,False,20.677,36.996,21.072,189.0,182.0,263.0,276.0,78.745,R
PIA,McLaren,HARD,14.0,False,21.241,37.715,21.058,175.0,185.0,264.0,276.0,80.014,R
PIA,McLaren,HARD,15.0,False,20.828,38.137,21.299,186.0,178.0,255.0,274.0,80.264,R
PIA,McLaren,HARD,16.0,False,20.949,37.351,21.529,190.0,184.0,262.0,278.0,79.829,R
PIA,McLaren,HARD,17.0,False,20.967,37.697,21.364,186.0,179.0,263.0,274.0,80.028,R
PIA,McLaren,HARD,18.0,False,21.157,37.357,21.318,189.0,188.0,262.0,277.0,79.832,R
PIA,McLaren,HARD,19.0,False,20.809,37.085,21.285,195.0,188.0,261.0,277.0,79.179,R
PIA,McLaren,HARD,20.0,False,20.712,37.118,21.225,190.0,186.0,256.0,276.0,79.055,R
PIA,McLaren,HARD,21.0,False,20.387,36.969,21.245,195.0,185.0,255.0,276.0,78.601,R
PIA,McLaren,HARD,22.0,False,20.647,36.89,21.048,194.0,186.0,257.0,276.0,78.585,R
PIA,McLaren,HARD,23.0,False,20.334,37.06,21.264,193.0,185.0,256.0,276.0,78.658,R
PIA,McLaren,HARD,24.0,False,20.402,36.969,21.265,192.0,183.0,256.0,276.0,78.636,R
PIA,McLaren,HARD,25.0,False,20.563,37.104,21.117,194.0,182.0,256.0,277.0,78.784,R
PIA,McLaren,HARD,26.0,False,20.567,37.026,20.847,194.0,189.0,258.0,277.0,78.44,R
PIA,McLaren,HARD,27.0,False,20.578,36.875,21.07,194.0,187.0,257.0,277.0,78.523,R
PIA,McLaren,HARD,28.0,False,20.568,37.127,21.096,192.0,184.0,256.0,278.0,78.791,R
PIA,McLaren,HARD,29.0,False,20.396,37.42,21.194,194.0,186.0,255.0,277.0,79.01,R
PIA,McLaren,HARD,30.0,False,20.878,37.438,21.08,188.0,186.0,257.0,278.0,79.396,R
PIA,McLaren,HARD,31.0,False,20.602,36.817,21.03,192.0,189.0,264.0,279.0,78.449,R
PIA,McLaren,HARD,32.0,False,20.636,37.017,21.316,192.0,184.0,264.0,279.0,78.969,R
PIA,McLaren,HARD,33.0,False,20.753,37.224,21.083,192.0,186.0,257.0,279.0,79.06,R
PIA,McLaren,HARD,34.0,False,20.604,37.316,21.058,194.0,186.0,257.0,279.0,78.978,R
PIA,McLaren,HARD,35.0,False,20.611,36.941,21.053,193.0,187.0,258.0,280.0,78.605,R
PIA,McLaren,HARD,36.0,False,20.535,37.128,21.219,192.0,186.0,258.0,280.0,78.882,R
PIA,McLaren,HARD,37.0,False,20.579,36.889,21.144,191.0,187.0,258.0,282.0,78.612,R
PIA,McLaren,HARD,38.0,False,20.572,37.176,20.983,194.0,187.0,258.0,282.0,78.731,R
PIA,McLaren,HARD,39.0,False,20.4,36.952,21.01,198.0,188.0,260.0,283.0,78.362,R
PIA,McLaren,HARD,40.0,False,20.474,37.163,21.314,192.0,186.0,260.0,283.0,78.951,R
PIA,McLaren,HARD,41.0,False,20.64,36.985,21.221,192.0,187.0,267.0,281.0,78.846,R
PIA,McLaren,HARD,42.0,False,20.515,37.657,21.623,183.0,183.0,263.0,281.0,79.795,R
PIA,McLaren,HARD,43.0,False,20.58,36.779,20.839,196.0,191.0,259.0,278.0,78.198,R
PIA,McLaren,HARD,44.0,False,20.56,36.952,20.765,197.0,191.0,257.0,277.0,78.277,R
PIA,McLaren,HARD,45.0,False,20.433,36.655,20.994,199.0,188.0,258.0,277.0,78.082,R
PIA,McLaren,HARD,46.0,False,20.42,37.147,21.056,197.0,188.0,257.0,278.0,78.623,R
PIA,McLaren,HARD,47.0,False,20.48,36.871,21.048,195.0,190.0,257.0,279.0,78.399,R
PIA,McLaren,HARD,48.0,False,20.406,37.005,20.984,193.0,189.0,258.0,278.0,78.395,R
PIA,McLaren,HARD,49.0,False,20.416,36.774,20.946,196.0,189.0,258.0,279.0,78.136,R
PIA,McLaren,HARD,50.0,False,20.434,36.767,21.149,198.0,189.0,259.0,279.0,78.35,R
PIA,McLaren,HARD,51.0,False,20.289,36.853,20.767,198.0,190.0,262.0,279.0,77.909,R
PIA,McLaren,HARD,52.0,False,20.475,36.918,20.821,188.0,189.0,259.0,279.0,78.214,R
PIA,McLaren,HARD,53.0,False,20.197,36.647,20.765,198.0,191.0,260.0,278.0,77.609,R
PIA,McLaren,HARD,54.0,False,20.138,36.581,20.643,200.0,193.0,261.0,279.0,77.362,R
PIA,McLaren,HARD,55.0,False,20.28,36.42,20.745,201.0,191.0,259.0,279.0,77.445,R
PIA,McLaren,HARD,56.0,False,20.141,36.593,20.722,203.0,192.0,259.0,278.0,77.456,R
PIA,McLaren,HARD,57.0,False,20.171,36.449,20.68,198.0,193.0,259.0,277.0,77.3,R
PIA,McLaren,HARD,58.0,False,20.138,36.58,20.626,204.0,193.0,259.0,278.0,77.344,R
PIA,McLaren,HARD,59.0,False,20.007,36.462,20.573,204.0,194.0,259.0,278.0,77.042,R
PIA,McLaren,HARD,60.0,False,19.928,36.142,20.547,206.0,193.0,260.0,279.0,76.617,R
PIA,McLaren,HARD,61.0,False,19.986,36.265,20.52,202.0,193.0,260.0,280.0,76.771,R
PIA,McLaren,HARD,62.0,False,19.949,36.525,20.621,201.0,192.0,260.0,280.0,77.095,R
PIA,McLaren,HARD,63.0,False,19.929,36.296,20.696,203.0,194.0,259.0,280.0,76.921,R
PIA,McLaren,HARD,64.0,False,19.96,36.311,20.638,206.0,192.0,259.0,280.0,76.909,R
PIA,McLaren,HARD,65.0,False,19.859,36.103,20.429,208.0,195.0,260.0,280.0,76.391,R
PIA,McLaren,HARD,66.0,False,19.873,36.203,20.564,206.0,194.0,261.0,281.0,76.64,R
PIA,McLaren,HARD,67.0,False,19.839,36.084,20.673,207.0,195.0,260.0,280.0,76.596,R
PIA,McLaren,HARD,68.0,False,19.939,36.158,20.504,204.0,193.0,261.0,280.0,76.601,R
PIA,McLaren,HARD,69.0,False,19.897,36.658,20.816,203.0,192.0,267.0,281.0,77.371,R
PIA,McLaren,HARD,70.0,False,20.237,36.385,20.648,206.0,193.0,260.0,278.0,77.27,R
PIA,McLaren,HARD,71.0,False,20.201,36.419,20.564,202.0,195.0,260.0,278.0,77.184,R
PIA,McLaren,HARD,72.0,False,19.997,36.187,20.468,205.0,195.0,260.0,278.0,76.652,R
PIA,McLaren,HARD,73.0,False,19.884,36.018,20.379,209.0,196.0,260.0,279.0,76.281,R
PIA,McLaren,HARD,74.0,False,19.798,36.132,20.426,209.0,194.0,261.0,279.0,76.356,R
PIA,McLaren,HARD,75.0,False,19.912,36.316,20.416,208.0,194.0,261.0,280.0,76.644,R
PIA,McLaren,HARD,76.0,False,19.798,36.224,20.568,211.0,194.0,261.0,280.0,76.59,R
PIA,McLaren,HARD,77.0,False,19.982,36.267,20.485,209.0,194.0,262.0,283.0,76.734,R
PIA,McLaren,HARD,78.0,False,19.954,36.457,20.715,208.0,193.0,263.0,283.0,77.126,R
SAI,Ferrari,HARD,2.0,True,24.363,38.522,22.127,171.0,179.0,256.0,273.0,85.012,R
SAI,Ferrari,HARD,3.0,True,21.84,38.618,21.9,183.0,174.0,264.0,279.0,82.358,R
SAI,Ferrari,HARD,4.0,True,21.567,38.328,22.083,189.0,172.0,264.0,278.0,81.978,R
SAI,Ferrari,HARD,5.0,True,21.397,38.217,21.549,194.0,177.0,266.0,278.0,81.163,R
SAI,Ferrari,HARD,6.0,True,21.283,38.239,21.944,192.0,169.0,256.0,279.0,81.466,R
SAI,Ferrari,HARD,7.0,True,21.208,37.732,21.332,191.0,172.0,266.0,276.0,80.272,R
SAI,Ferrari,HARD,8.0,True,21.329,37.64,21.556,188.0,175.0,263.0,276.0,80.525,R
SAI,Ferrari,HARD,9.0,True,21.237,38.068,21.954,187.0,175.0,256.0,273.0,81.259,R
SAI,Ferrari,HARD,10.0,True,21.233,37.563,21.45,190.0,177.0,265.0,279.0,80.246,R
SAI,Ferrari,HARD,11.0,True,20.951,37.651,21.372,185.0,173.0,265.0,277.0,79.974,R
SAI,Ferrari,HARD,12.0,True,21.101,37.648,21.268,191.0,177.0,255.0,271.0,80.017,R
SAI,Ferrari,HARD,13.0,True,20.8,36.99,21.69,195.0,177.0,257.0,280.0,79.48,R
SAI,Ferrari,HARD,14.0,True,21.023,37.364,21.156,192.0,180.0,264.0,274.0,79.543,R
SAI,Ferrari,HARD,15.0,True,20.922,37.676,21.981,190.0,170.0,256.0,279.0,80.579,R
SAI,Ferrari,HARD,16.0,True,21.006,37.77,21.3,191.0,182.0,257.0,274.0,80.076,R
SAI,Ferrari,HARD,17.0,True,20.684,37.263,21.23,194.0,181.0,265.0,279.0,79.177,R
SAI,Ferrari,HARD,18.0,True,20.957,37.056,21.432,199.0,179.0,264.0,281.0,79.445,R
SAI,Ferrari,HARD,19.0,True,20.741,37.525,21.137,197.0,184.0,257.0,277.0,79.403,R
SAI,Ferrari,HARD,20.0,True,20.528,36.94,21.449,194.0,185.0,256.0,277.0,78.917,R
SAI,Ferrari,HARD,21.0,True,20.713,37.007,21.169,197.0,186.0,256.0,276.0,78.889,R
SAI,Ferrari,HARD,22.0,True,20.638,37.196,21.159,196.0,182.0,256.0,276.0,78.993,R
SAI,Ferrari,HARD,23.0,True,20.629,36.995,20.944,195.0,186.0,256.0,276.0,78.568,R
SAI,Ferrari,HARD,24.0,True,20.608,37.018,20.911,199.0,186.0,257.0,276.0,78.537,R
SAI,Ferrari,HARD,25.0,True,20.525,36.807,20.756,198.0,190.0,256.0,277.0,78.088,R
SAI,Ferrari,HARD,26.0,True,20.585,37.474,21.431,194.0,180.0,255.0,277.0,79.49,R
SAI,Ferrari,HARD,27.0,True,20.863,37.361,21.057,199.0,181.0,257.0,277.0,79.281,R
SAI,Ferrari,HARD,28.0,True,20.751,37.079,20.867,198.0,189.0,256.0,276.0,78.697,R
SAI,Ferrari,HARD,29.0,True,20.109,36.543,20.674,203.0,190.0,267.0,279.0,77.326,R
SAI,Ferrari,HARD,30.0,True,20.766,37.403,21.615,197.0,181.0,256.0,279.0,79.784,R
SAI,Ferrari,HARD,31.0,True,20.736,37.729,21.671,190.0,182.0,257.0,278.0,80.136,R
SAI,Ferrari,HARD,32.0,True,20.462,37.043,21.273,198.0,187.0,257.0,278.0,78.778,R
SAI,Ferrari,HARD,33.0,True,20.661,37.348,21.004,193.0,186.0,256.0,278.0,79.013,R
SAI,Ferrari,HARD,34.0,True,20.407,36.937,21.121,198.0,186.0,256.0,278.0,78.465,R
SAI,Ferrari,HARD,35.0,True,20.65,37.435,21.19,197.0,183.0,257.0,278.0,79.275,R
SAI,Ferrari,HARD,36.0,True,20.308,36.536,20.733,200.0,190.0,259.0,280.0,77.577,R
SAI,Ferrari,HARD,37.0,True,20.426,36.946,21.04,194.0,187.0,259.0,281.0,78.412,R
SAI,Ferrari,HARD,38.0,True,20.442,36.841,21.027,195.0,188.0,258.0,281.0,78.31,R
SAI,Ferrari,HARD,39.0,True,20.481,37.154,21.018,198.0,183.0,259.0,281.0,78.653,R
SAI,Ferrari,HARD,40.0,True,20.53,36.995,21.189,197.0,186.0,260.0,282.0,78.714,R
SAI,Ferrari,HARD,41.0,True,20.582,37.26,21.329,194.0,191.0,267.0,278.0,79.171,R
SAI,Ferrari,HARD,42.0,True,21.039,37.633,20.922,189.0,188.0,257.0,279.0,79.594,R
SAI,Ferrari,HARD,43.0,True,20.543,37.239,20.98,189.0,185.0,257.0,279.0,78.762,R
SAI,Ferrari,HARD,44.0,True,20.411,36.622,20.852,198.0,189.0,257.0,279.0,77.885,R
SAI,Ferrari,HARD,45.0,True,20.497,37.133,21.101,193.0,189.0,256.0,278.0,78.731,R
SAI,Ferrari,HARD,46.0,True,20.298,36.975,20.868,198.0,187.0,257.0,279.0,78.141,R
SAI,Ferrari,HARD,47.0,True,20.338,36.722,20.834,198.0,191.0,259.0,279.0,77.894,R
SAI,Ferrari,HARD,48.0,True,20.341,36.857,21.061,193.0,190.0,258.0,279.0,78.259,R
SAI,Ferrari,HARD,49.0,True,20.355,37.013,21.177,199.0,188.0,258.0,280.0,78.545,R
SAI,Ferrari,HARD,50.0,True,20.188,36.291,21.049,202.0,192.0,260.0,280.0,77.528,R
SAI,Ferrari,HARD,51.0,True,20.201,37.137,20.756,195.0,194.0,259.0,281.0,78.094,R
SAI,Ferrari,HARD,52.0,True,20.157,36.691,20.911,198.0,191.0,259.0,280.0,77.759,R
SAI,Ferrari,HARD,53.0,True,20.413,36.564,20.765,195.0,190.0,259.0,281.0,77.742,R
SAI,Ferrari,HARD,54.0,True,20.576,36.805,21.28,195.0,187.0,258.0,280.0,78.661,R
SAI,Ferrari,HARD,55.0,True,20.216,36.735,21.168,196.0,189.0,258.0,278.0,78.119,R
SAI,Ferrari,HARD,56.0,True,20.374,36.747,20.478,196.0,194.0,258.0,278.0,77.599,R
SAI,Ferrari,HARD,57.0,True,20.149,36.716,20.636,197.0,184.0,258.0,278.0,77.501,R
SAI,Ferrari,HARD,58.0,True,19.939,36.533,20.662,200.0,195.0,258.0,279.0,77.134,R
SAI,Ferrari,HARD,59.0,True,19.647,35.514,19.998,208.0,197.0,259.0,280.0,75.159,R
SAI,Ferrari,HARD,60.0,True,21.31,37.09,20.646,182.0,189.0,259.0,279.0,79.046,R
SAI,Ferrari,HARD,61.0,True,19.553,35.324,19.849,209.0,198.0,262.0,280.0,74.726,R
SAI,Ferrari,HARD,62.0,True,21.06,36.742,20.405,183.0,191.0,258.0,280.0,78.207,R
SAI,Ferrari,HARD,63.0,True,19.53,35.266,20.017,209.0,197.0,260.0,281.0,74.813,R
SAI,Ferrari,HARD,64.0,True,21.154,36.474,20.509,195.0,190.0,260.0,280.0,78.137,R
SAI,Ferrari,HARD,65.0,True,19.569,35.402,20.438,211.0,197.0,260.0,282.0,75.409,R
SAI,Ferrari,HARD,66.0,True,20.114,36.085,20.648,202.0,190.0,260.0,281.0,76.847,R
SAI,Ferrari,HARD,67.0,True,19.608,35.735,20.252,207.0,194.0,261.0,282.0,75.595,R
SAI,Ferrari,HARD,68.0,True,19.774,35.973,20.471,205.0,193.0,271.0,283.0,76.218,R
SAI,Ferrari,HARD,69.0,True,20.617,36.116,20.384,204.0,192.0,267.0,282.0,77.117,R
SAI,Ferrari,HARD,70.0,True,20.273,36.514,20.427,202.0,192.0,269.0,285.0,77.214,R
SAI,Ferrari,HARD,71.0,True,20.165,36.227,20.393,202.0,194.0,268.0,283.0,76.785,R
SAI,Ferrari,HARD,72.0,True,19.958,36.034,20.425,203.0,194.0,268.0,282.0,76.417,R
SAI,Ferrari,HARD,73.0,True,19.809,35.971,20.283,204.0,193.0,270.0,284.0,76.063,R
SAI,Ferrari,HARD,74.0,True,20.098,36.302,20.505,206.0,190.0,269.0,286.0,76.905,R
SAI,Ferrari,HARD,75.0,True,19.844,36.063,20.421,206.0,194.0,271.0,285.0,76.328,R
SAI,Ferrari,HARD,76.0,True,20.059,36.361,20.281,200.0,193.0,271.0,288.0,76.701,R
SAI,Ferrari,HARD,77.0,True,20.086,36.43,20.556,203.0,195.0,267.0,288.0,77.072,R
NOR,McLaren,HARD,3.0,False,24.612,38.686,21.985,168.0,165.0,256.0,274.0,85.283,R
NOR,McLaren,HARD,4.0,False,21.812,38.792,22.178,181.0,159.0,264.0,276.0,82.782,R
NOR,McLaren,HARD,5.0,False,21.499,38.347,22.301,188.0,169.0,261.0,273.0,82.147,R
NOR,McLaren,HARD,6.0,False,21.361,38.233,22.21,191.0,184.0,256.0,272.0,81.804,R
NOR,McLaren,HARD,7.0,False,21.045,37.917,21.866,189.0,182.0,257.0,275.0,80.828,R
NOR,McLaren,HARD,8.0,False,21.342,37.851,21.627,187.0,181.0,256.0,276.0,80.82,R
NOR,McLaren,HARD,9.0,False,20.935,37.902,21.56,185.0,177.0,256.0,275.0,80.397,R
NOR,McLaren,HARD,10.0,False,21.081,37.96,21.931,191.0,181.0,257.0,272.0,80.972,R
NOR,McLaren,HARD,11.0,False,21.308,37.856,21.706,184.0,176.0,257.0,277.0,80.87,R
NOR,McLaren,HARD,12.0,False,20.747,37.678,21.508,192.0,181.0,256.0,276.0,79.933,R
NOR,McLaren,HARD,13.0,False,20.879,37.484,21.457,190.0,183.0,257.0,277.0,79.82,R
NOR,McLaren,HARD,14.0,False,20.774,37.244,21.367,194.0,186.0,256.0,273.0,79.385,R
NOR,McLaren,HARD,15.0,False,20.813,37.537,21.425,188.0,184.0,256.0,272.0,79.775,R
NOR,McLaren,HARD,16.0,False,20.805,37.435,21.397,191.0,187.0,264.0,275.0,79.637,R
NOR,McLaren,HARD,17.0,False,20.956,37.623,21.758,191.0,182.0,263.0,274.0,80.337,R
NOR,McLaren,HARD,18.0,False,20.673,37.371,21.354,188.0,183.0,259.0,274.0,79.398,R
NOR,McLaren,HARD,19.0,False,21.015,37.162,21.103,191.0,188.0,258.0,277.0,79.28,R
NOR,McLaren,HARD,20.0,False,20.623,37.094,21.326,192.0,180.0,264.0,275.0,79.043,R
NOR,McLaren,HARD,21.0,False,20.637,37.096,21.25,198.0,186.0,258.0,271.0,78.983,R
NOR,McLaren,HARD,22.0,False,20.655,37.155,21.171,191.0,183.0,265.0,276.0,78.981,R
NOR,McLaren,HARD,23.0,False,20.562,37.375,21.257,185.0,186.0,264.0,277.0,79.194,R
NOR,McLaren,HARD,24.0,False,20.67,37.148,20.881,189.0,188.0,258.0,278.0,78.699,R
NOR,McLaren,HARD,25.0,False,20.52,37.044,21.076,185.0,184.0,258.0,279.0,78.64,R
NOR,McLaren,HARD,26.0,False,20.574,36.881,20.941,182.0,190.0,258.0,278.0,78.396,R
NOR,McLaren,HARD,27.0,False,20.559,37.023,21.138,192.0,184.0,259.0,278.0,78.72,R
NOR,McLaren,HARD,28.0,False,20.84,37.076,21.322,184.0,182.0,263.0,280.0,79.238,R
NOR,McLaren,HARD,29.0,False,20.681,37.135,20.95,189.0,186.0,265.0,280.0,78.766,R
NOR,McLaren,HARD,30.0,False,20.443,36.93,21.03,196.0,184.0,258.0,279.0,78.403,R
NOR,McLaren,HARD,31.0,False,20.564,36.989,21.227,198.0,185.0,258.0,279.0,78.78,R
NOR,McLaren,HARD,32.0,False,20.794,37.452,21.292,184.0,186.0,266.0,280.0,79.538,R
NOR,McLaren,HARD,33.0,False,20.787,37.216,21.23,192.0,183.0,265.0,281.0,79.233,R
NOR,McLaren,HARD,34.0,False,20.654,37.46,21.129,187.0,190.0,265.0,281.0,79.243,R
NOR,McLaren,HARD,35.0,False,20.645,37.042,21.027,184.0,185.0,259.0,282.0,78.714,R
NOR,McLaren,HARD,36.0,False,20.515,36.884,21.183,187.0,184.0,266.0,282.0,78.582,R
NOR,McLaren,HARD,37.0,False,20.529,36.582,20.847,195.0,189.0,266.0,282.0,77.958,R
NOR,McLaren,HARD,38.0,False,20.448,36.698,20.848,191.0,188.0,267.0,283.0,77.994,R
NOR,McLaren,HARD,39.0,False,20.503,36.943,20.857,192.0,192.0,267.0,283.0,78.303,R
NOR,McLaren,HARD,40.0,False,20.624,37.212,20.988,188.0,190.0,263.0,283.0,78.824,R
NOR,McLaren,HARD,41.0,False,20.62,36.852,21.047,194.0,189.0,266.0,284.0,78.519,R
NOR,McLaren,HARD,42.0,False,20.641,37.424,21.371,197.0,186.0,266.0,273.0,79.436,R
NOR,McLaren,HARD,43.0,False,21.634,37.118,21.044,195.0,190.0,262.0,281.0,79.796,R
NOR,McLaren,HARD,44.0,False,20.681,37.207,21.018,195.0,191.0,259.0,281.0,78.906,R
NOR,McLaren,HARD,45.0,False,20.452,36.759,20.686,192.0,191.0,259.0,280.0,77.897,R
NOR,McLaren,HARD,46.0,False,20.386,36.887,20.942,196.0,190.0,266.0,281.0,78.215,R
NOR,McLaren,HARD,47.0,False,20.326,36.968,20.847,190.0,191.0,267.0,282.0,78.141,R
NOR,McLaren,HARD,48.0,False,20.359,36.876,20.74,194.0,192.0,267.0,281.0,77.975,R
NOR,McLaren,HARD,49.0,False,20.308,36.873,20.996,199.0,188.0,266.0,282.0,78.177,R
NOR,McLaren,HARD,50.0,False,20.358,36.795,21.065,198.0,190.0,266.0,281.0,78.218,R
NOR,McLaren,HARD,51.0,False,20.602,36.511,20.659,196.0,191.0,267.0,281.0,77.772,R
NOR,McLaren,HARD,52.0,False,20.309,36.901,21.013,194.0,190.0,266.0,279.0,78.223,R
NOR,McLaren,HARD,53.0,False,20.228,36.625,20.717,199.0,190.0,267.0,281.0,77.57,R
NOR,McLaren,HARD,54.0,False,20.436,36.848,20.554,195.0,191.0,268.0,282.0,77.838,R
NOR,McLaren,HARD,55.0,False,20.468,36.569,21.345,195.0,188.0,268.0,281.0,78.382,R
NOR,McLaren,HARD,56.0,False,20.564,36.639,20.952,195.0,191.0,265.0,280.0,78.155,R
NOR,McLaren,HARD,57.0,False,20.436,36.71,20.669,196.0,189.0,266.0,281.0,77.815,R
NOR,McLaren,HARD,58.0,False,20.149,36.565,20.681,200.0,192.0,268.0,281.0,77.395,R
NOR,McLaren,HARD,59.0,False,20.101,36.446,20.575,198.0,192.0,268.0,280.0,77.122,R
NOR,McLaren,HARD,60.0,False,20.115,36.273,20.307,194.0,194.0,260.0,280.0,76.695,R
NOR,McLaren,HARD,61.0,False,20.212,36.655,20.747,197.0,191.0,268.0,281.0,77.614,R
NOR,McLaren,HARD,62.0,False,20.07,35.877,20.079,202.0,194.0,262.0,281.0,76.026,R
NOR,McLaren,HARD,63.0,False,19.861,36.42,20.595,200.0,191.0,267.0,282.0,76.876,R
NOR,McLaren,HARD,64.0,False,19.893,35.837,20.012,201.0,195.0,260.0,281.0,75.742,R
NOR,McLaren,HARD,65.0,False,20.02,36.521,20.602,193.0,192.0,269.0,283.0,77.143,R
NOR,McLaren,HARD,66.0,False,19.996,36.01,20.208,205.0,193.0,261.0,281.0,76.214,R
NOR,McLaren,HARD,67.0,False,19.815,35.946,20.354,201.0,194.0,269.0,282.0,76.115,R
NOR,McLaren,HARD,68.0,False,19.939,35.981,20.252,205.0,189.0,261.0,282.0,76.172,R
NOR,McLaren,HARD,69.0,False,19.811,36.121,20.382,201.0,193.0,262.0,283.0,76.314,R
NOR,McLaren,HARD,70.0,False,20.769,36.312,20.132,190.0,195.0,262.0,281.0,77.213,R
NOR,McLaren,HARD,71.0,False,19.882,36.249,20.478,202.0,191.0,270.0,283.0,76.609,R
NOR,McLaren,HARD,72.0,False,20.136,36.204,20.461,202.0,194.0,269.0,283.0,76.801,R
NOR,McLaren,HARD,73.0,False,19.895,35.987,20.403,203.0,193.0,270.0,283.0,76.285,R
NOR,McLaren,HARD,74.0,False,19.859,36.285,20.285,205.0,192.0,264.0,284.0,76.429,R
NOR,McLaren,HARD,75.0,False,19.886,36.194,20.437,204.0,192.0,269.0,285.0,76.517,R
NOR,McLaren,HARD,76.0,False,19.986,36.421,20.264,204.0,196.0,263.0,284.0,76.671,R
NOR,McLaren,HARD,77.0,False,19.842,36.153,20.517,204.0,192.0,270.0,285.0,76.512,R
NOR,McLaren,HARD,78.0,False,20.08,36.74,20.476,201.0,190.0,264.0,285.0,77.296,R
RUS,Mercedes,MEDIUM,2.0,True,24.518,38.667,22.134,168.0,178.0,258.0,281.0,85.319,R
RUS,Mercedes,MEDIUM,3.0,True,21.853,38.884,22.131,177.0,166.0,268.0,277.0,82.868,R
RUS,Mercedes,MEDIUM,4.0,True,22.046,38.571,22.428,179.0,170.0,257.0,264.0,83.045,R
RUS,Mercedes,MEDIUM,5.0,True,21.79,39.146,22.076,178.0,164.0,255.0,254.0,83.012,R
RUS,Mercedes,MEDIUM,6.0,True,21.818,38.119,21.478,187.0,173.0,256.0,255.0,81.415,R
RUS,Mercedes,MEDIUM,7.0,True,21.689,38.104,21.819,188.0,167.0,255.0,253.0,81.612,R
RUS,Mercedes,MEDIUM,8.0,True,21.68,38.177,21.576,189.0,170.0,256.0,261.0,81.433,R
RUS,Mercedes,MEDIUM,9.0,True,21.973,37.733,21.825,184.0,172.0,257.0,262.0,81.531,R
RUS,Mercedes,MEDIUM,10.0,True,21.765,38.04,21.647,182.0,170.0,256.0,257.0,81.452,R
RUS,Mercedes,MEDIUM,11.0,True,21.458,37.547,21.311,190.0,177.0,257.0,259.0,80.316,R
RUS,Mercedes,MEDIUM,12.0,True,21.414,37.77,21.341,195.0,174.0,257.0,259.0,80.525,R
RUS,Mercedes,MEDIUM,13.0,True,21.224,37.519,21.529,193.0,172.0,257.0,266.0,80.272,R
RUS,Mercedes,MEDIUM,14.0,True,21.203,37.551,21.448,196.0,176.0,256.0,266.0,80.202,R
RUS,Mercedes,MEDIUM,15.0,True,21.301,37.484,21.128,193.0,175.0,257.0,265.0,79.913,R
RUS,Mercedes,MEDIUM,16.0,True,21.408,37.437,21.305,195.0,177.0,256.0,266.0,80.15,R
RUS,Mercedes,MEDIUM,17.0,True,21.248,36.992,21.198,196.0,178.0,257.0,268.0,79.438,R
RUS,Mercedes,MEDIUM,18.0,True,21.402,37.398,21.357,195.0,177.0,257.0,260.0,80.157,R
RUS,Mercedes,MEDIUM,19.0,True,21.161,37.471,21.421,195.0,177.0,257.0,267.0,80.053,R
RUS,Mercedes,MEDIUM,20.0,True,21.174,37.427,21.187,196.0,177.0,257.0,263.0,79.788,R
RUS,Mercedes,MEDIUM,21.0,True,21.336,37.159,21.196,197.0,176.0,257.0,268.0,79.691,R
RUS,Mercedes,MEDIUM,22.0,True,21.109,37.08,21.208,196.0,176.0,257.0,270.0,79.397,R
RUS,Mercedes,MEDIUM,23.0,True,21.193,37.075,21.216,199.0,176.0,257.0,267.0,79.484,R
RUS,Mercedes,MEDIUM,24.0,True,20.91,36.745,20.996,198.0,183.0,257.0,268.0,78.651,R
RUS,Mercedes,MEDIUM,25.0,True,21.449,36.653,20.904,193.0,180.0,257.0,270.0,79.006,R
RUS,Mercedes,MEDIUM,26.0,True,21.081,36.831,21.015,197.0,183.0,257.0,261.0,78.927,R
RUS,Mercedes,MEDIUM,27.0,True,21.106,36.676,20.897,197.0,180.0,257.0,261.0,78.679,R
RUS,Mercedes,MEDIUM,28.0,True,21.067,36.636,20.921,196.0,184.0,258.0,273.0,78.624,R
RUS,Mercedes,MEDIUM,29.0,True,21.195,36.618,20.998,197.0,182.0,257.0,268.0,78.811,R
RUS,Mercedes,MEDIUM,30.0,True,21.076,36.695,21.33,198.0,183.0,257.0,271.0,79.101,R
RUS,Mercedes,MEDIUM,31.0,True,20.993,37.092,21.037,199.0,181.0,258.0,268.0,79.122,R
RUS,Mercedes,MEDIUM,32.0,True,20.991,36.737,21.182,197.0,178.0,258.0,271.0,78.91,R
RUS,Mercedes,MEDIUM,33.0,True,21.252,36.937,21.19,197.0,184.0,257.0,269.0,79.379,R
RUS,Mercedes,MEDIUM,34.0,True,21.603,37.625,21.22,190.0,172.0,258.0,271.0,80.448,R
RUS,Mercedes,MEDIUM,35.0,True,21.254,37.243,21.231,199.0,176.0,258.0,269.0,79.728,R
RUS,Mercedes,MEDIUM,36.0,True,21.135,36.783,20.839,198.0,190.0,259.0,270.0,78.757,R
RUS,Mercedes,MEDIUM,37.0,True,21.051,36.54,20.855,196.0,183.0,258.0,272.0,78.446,R
RUS,Mercedes,MEDIUM,38.0,True,21.063,36.681,20.706,197.0,184.0,259.0,274.0,78.45,R
RUS,Mercedes,MEDIUM,39.0,True,21.011,36.308,20.82,199.0,186.0,258.0,275.0,78.139,R
RUS,Mercedes,MEDIUM,40.0,True,20.912,36.558,20.838,202.0,188.0,258.0,272.0,78.308,R
RUS,Mercedes,MEDIUM,41.0,True,20.877,36.481,20.846,201.0,186.0,258.0,273.0,78.204,R
RUS,Mercedes,MEDIUM,42.0,True,20.878,36.662,21.144,199.0,180.0,259.0,280.0,78.684,R
RUS,Mercedes,MEDIUM,43.0,True,20.798,36.462,20.917,200.0,181.0,259.0,276.0,78.177,R
RUS,Mercedes,MEDIUM,44.0,True,20.914,36.74,20.795,195.0,185.0,260.0,276.0,78.449,R
RUS,Mercedes,MEDIUM,45.0,True,20.904,36.537,20.946,197.0,183.0,260.0,275.0,78.387,R
RUS,Mercedes,MEDIUM,46.0,True,20.768,36.519,21.027,196.0,183.0,261.0,281.0,78.314,R
RUS,Mercedes,MEDIUM,47.0,True,20.917,36.851,20.934,196.0,186.0,262.0,277.0,78.702,R
RUS,Mercedes,MEDIUM,48.0,True,20.975,36.845,21.165,191.0,185.0,261.0,280.0,78.985,R
RUS,Mercedes,MEDIUM,49.0,True,21.009,36.565,20.873,194.0,183.0,260.0,280.0,78.447,R
RUS,Mercedes,MEDIUM,50.0,True,20.754,36.461,20.834,196.0,188.0,261.0,274.0,78.049,R
RUS,Mercedes,MEDIUM,51.0,True,20.742,36.669,21.191,194.0,175.0,261.0,283.0,78.602,R
RUS,Mercedes,MEDIUM,52.0,True,21.524,38.227,21.14,190.0,184.0,259.0,278.0,80.891,R
RUS,Mercedes,MEDIUM,53.0,True,20.753,36.599,20.849,197.0,183.0,260.0,273.0,78.201,R
RUS,Mercedes,MEDIUM,54.0,True,20.747,36.05,20.508,202.0,190.0,259.0,275.0,77.305,R
RUS,Mercedes,MEDIUM,55.0,True,20.49,36.009,20.572,207.0,193.0,260.0,276.0,77.071,R
RUS,Mercedes,MEDIUM,56.0,True,20.542,35.88,20.488,203.0,191.0,261.0,278.0,76.91,R
RUS,Mercedes,MEDIUM,57.0,True,20.435,36.079,20.628,206.0,191.0,259.0,278.0,77.142,R
RUS,Mercedes,MEDIUM,58.0,True,20.416,35.875,20.551,204.0,193.0,261.0,281.0,76.842,R
RUS,Mercedes,MEDIUM,59.0,True,20.034,36.124,20.446,204.0,191.0,260.0,282.0,76.604,R
RUS,Mercedes,MEDIUM,60.0,True,20.384,35.786,20.527,204.0,193.0,262.0,280.0,76.697,R
RUS,Mercedes,MEDIUM,61.0,True,20.251,36.072,20.464,201.0,189.0,262.0,281.0,76.787,R
RUS,Mercedes,MEDIUM,62.0,True,20.073,35.838,20.67,202.0,195.0,263.0,281.0,76.581,R
RUS,Mercedes,MEDIUM,63.0,True,20.219,35.53,20.384,206.0,194.0,259.0,279.0,76.133,R
RUS,Mercedes,MEDIUM,64.0,True,19.764,35.606,20.281,200.0,191.0,262.0,279.0,75.651,R
RUS,Mercedes,MEDIUM,65.0,True,19.709,35.781,20.358,205.0,194.0,260.0,279.0,75.848,R
RUS,Mercedes,MEDIUM,66.0,True,20.043,35.724,20.39,204.0,192.0,260.0,279.0,76.157,R
RUS,Mercedes,MEDIUM,67.0,True,19.945,35.671,20.315,205.0,192.0,261.0,280.0,75.931,R
RUS,Mercedes,MEDIUM,68.0,True,19.91,35.697,20.262,204.0,193.0,260.0,279.0,75.869,R
RUS,Mercedes,MEDIUM,69.0,True,19.673,35.416,20.162,209.0,196.0,261.0,281.0,75.251,R
RUS,Mercedes,MEDIUM,70.0,True,19.69,35.736,20.401,206.0,193.0,262.0,282.0,75.827,R
RUS,Mercedes,MEDIUM,71.0,True,19.735,35.841,20.263,207.0,195.0,260.0,282.0,75.839,R
RUS,Mercedes,MEDIUM,72.0,True,19.584,35.408,20.236,210.0,197.0,262.0,281.0,75.228,R
RUS,Mercedes,MEDIUM,73.0,True,19.7,35.512,20.164,206.0,195.0,262.0,282.0,75.376,R
RUS,Mercedes,MEDIUM,74.0,True,19.694,35.518,20.313,208.0,195.0,262.0,282.0,75.525,R
RUS,Mercedes,MEDIUM,75.0,True,19.783,35.639,20.331,207.0,192.0,262.0,283.0,75.753,R
RUS,Mercedes,MEDIUM,76.0,True,19.62,35.607,20.305,209.0,194.0,264.0,283.0,75.532,R
RUS,Mercedes,MEDIUM,77.0,True,19.846,35.851,20.606,200.0,193.0,263.0,285.0,76.303,R
VER,Red Bull Racing,MEDIUM,2.0,True,24.715,38.86,22.169,169.0,179.0,256.0,266.0,85.744,R
VER,Red Bull Racing,MEDIUM,3.0,True,21.947,38.888,22.44,166.0,173.0,256.0,262.0,83.275,R
VER,Red Bull Racing,MEDIUM,4.0,True,22.318,38.953,22.129,160.0,172.0,256.0,259.0,83.4,R
VER,Red Bull Racing,MEDIUM,5.0,True,21.761,39.71,22.316,166.0,172.0,254.0,258.0,83.787,R
VER,Red Bull Racing,MEDIUM,6.0,True,21.383,38.2,21.7,168.0,172.0,256.0,263.0,81.283,R
VER,Red Bull Racing,MEDIUM,7.0,True,21.194,38.504,21.959,169.0,176.0,254.0,262.0,81.657,R
VER,Red Bull Racing,MEDIUM,8.0,True,21.492,38.489,21.759,173.0,177.0,254.0,263.0,81.74,R
VER,Red Bull Racing,MEDIUM,9.0,True,21.172,38.177,21.895,168.0,179.0,255.0,263.0,81.244,R
VER,Red Bull Racing,MEDIUM,10.0,True,21.223,38.28,21.989,175.0,174.0,254.0,259.0,81.492,R
VER,Red Bull Racing,MEDIUM,11.0,True,21.27,37.879,21.51,175.0,181.0,254.0,263.0,80.659,R
VER,Red Bull Racing,MEDIUM,12.0,True,20.858,37.533,21.513,176.0,175.0,256.0,261.0,79.904,R
VER,Red Bull Racing,MEDIUM,13.0,True,20.849,37.408,21.466,175.0,181.0,255.0,264.0,79.723,R
VER,Red Bull Racing,MEDIUM,14.0,True,20.949,37.792,21.629,172.0,182.0,255.0,263.0,80.37,R
VER,Red Bull Racing,MEDIUM,15.0,True,21.059,37.755,21.473,166.0,180.0,256.0,260.0,80.287,R
VER,Red Bull Racing,MEDIUM,16.0,True,20.952,37.61,21.336,172.0,182.0,255.0,261.0,79.898,R
VER,Red Bull Racing,MEDIUM,17.0,True,21.012,37.408,21.16,179.0,185.0,256.0,265.0,79.58,R
VER,Red Bull Racing,MEDIUM,18.0,True,21.034,37.869,21.268,172.0,184.0,256.0,264.0,80.171,R
VER,Red Bull Racing,MEDIUM,19.0,True,20.908,37.402,21.576,169.0,181.0,256.0,265.0,79.886,R
VER,Red Bull Racing,MEDIUM,20.0,True,21.039,37.731,21.485,172.0,180.0,256.0,263.0,80.255,R
VER,Red Bull Racing,MEDIUM,21.0,True,21.017,37.631,21.165,170.0,185.0,256.0,264.0,79.813,R
VER,Red Bull Racing,MEDIUM,22.0,True,20.825,36.884,21.27,186.0,184.0,256.0,264.0,78.979,R
VER,Red Bull Racing,MEDIUM,23.0,True,20.83,37.287,21.247,182.0,185.0,257.0,263.0,79.364,R
VER,Red Bull Racing,MEDIUM,24.0,True,20.827,37.328,21.225,177.0,184.0,255.0,263.0,79.38,R
VER,Red Bull Racing,MEDIUM,25.0,True,20.646,37.241,20.931,179.0,189.0,256.0,263.0,78.818,R
VER,Red Bull Racing,MEDIUM,26.0,True,20.592,37.213,20.992,184.0,186.0,256.0,263.0,78.797,R
VER,Red Bull Racing,MEDIUM,27.0,True,21.0,36.851,20.831,194.0,188.0,257.0,263.0,78.682,R
VER,Red Bull Racing,MEDIUM,28.0,True,20.96,36.819,21.016,189.0,188.0,256.0,263.0,78.795,R
VER,Red Bull Racing,MEDIUM,29.0,True,20.983,36.66,20.931,182.0,189.0,255.0,264.0,78.574,R
VER,Red Bull Racing,MEDIUM,30.0,True,20.941,36.674,20.949,194.0,189.0,257.0,264.0,78.564,R
VER,Red Bull Racing,MEDIUM,31.0,True,21.108,36.848,21.027,184.0,187.0,258.0,265.0,78.983,R
VER,Red Bull Racing,MEDIUM,32.0,True,21.185,36.81,21.01,176.0,188.0,256.0,264.0,79.005,R
VER,Red Bull Racing,MEDIUM,33.0,True,21.22,37.043,21.331,184.0,185.0,256.0,264.0,79.594,R
VER,Red Bull Racing,MEDIUM,34.0,True,21.369,37.357,21.481,173.0,184.0,257.0,266.0,80.207,R
VER,Red Bull Racing,MEDIUM,35.0,True,21.105,37.154,21.375,176.0,186.0,257.0,264.0,79.634,R
VER,Red Bull Racing,MEDIUM,36.0,True,21.231,36.992,21.206,187.0,189.0,257.0,263.0,79.429,R
VER,Red Bull Racing,MEDIUM,37.0,True,20.966,36.93,20.948,191.0,187.0,257.0,264.0,78.844,R
VER,Red Bull Racing,MEDIUM,38.0,True,20.844,36.647,20.835,192.0,187.0,258.0,264.0,78.326,R
VER,Red Bull Racing,MEDIUM,39.0,True,20.696,36.874,20.839,190.0,189.0,257.0,264.0,78.409,R
VER,Red Bull Racing,MEDIUM,40.0,True,20.776,36.567,20.74,187.0,191.0,258.0,264.0,78.083,R
VER,Red Bull Racing,MEDIUM,41.0,True,20.728,36.721,20.625,180.0,188.0,257.0,264.0,78.074,R
VER,Red Bull Racing,MEDIUM,42.0,True,20.913,36.517,20.928,187.0,189.0,258.0,266.0,78.358,R
VER,Red Bull Racing,MEDIUM,43.0,True,20.976,36.685,20.744,192.0,189.0,257.0,266.0,78.405,R
VER,Red Bull Racing,MEDIUM,44.0,True,20.742,36.682,20.889,179.0,187.0,258.0,267.0,78.313,R
VER,Red Bull Racing,MEDIUM,45.0,True,20.832,36.559,20.812,179.0,189.0,258.0,268.0,78.203,R
VER,Red Bull Racing,MEDIUM,46.0,True,20.799,36.688,21.05,192.0,189.0,258.0,268.0,78.537,R
VER,Red Bull Racing,MEDIUM,47.0,True,20.716,36.661,20.96,194.0,187.0,259.0,268.0,78.337,R
VER,Red Bull Racing,MEDIUM,48.0,True,20.77,36.778,20.929,184.0,189.0,267.0,268.0,78.477,R
VER,Red Bull Racing,MEDIUM,49.0,True,21.141,36.859,20.88,185.0,193.0,259.0,267.0,78.88,R
VER,Red Bull Racing,MEDIUM,50.0,True,20.787,36.565,20.79,191.0,188.0,260.0,266.0,78.142,R
VER,Red Bull Racing,HARD,3.0,False,19.57,36.049,20.196,197.0,192.0,259.0,271.0,75.815,R
VER,Red Bull Racing,HARD,4.0,False,19.799,35.59,20.009,203.0,197.0,259.0,265.0,75.398,R
VER,Red Bull Racing,HARD,5.0,False,19.655,35.529,20.282,205.0,195.0,259.0,267.0,75.466,R
VER,Red Bull Racing,HARD,6.0,False,20.012,36.173,19.996,198.0,198.0,259.0,266.0,76.181,R
VER,Red Bull Racing,HARD,7.0,False,19.343,35.377,19.849,208.0,198.0,259.0,265.0,74.569,R
VER,Red Bull Racing,HARD,8.0,False,19.543,35.369,19.836,208.0,196.0,259.0,266.0,74.748,R
VER,Red Bull Racing,HARD,9.0,False,19.399,35.421,20.418,208.0,199.0,266.0,268.0,75.238,R
VER,Red Bull Racing,HARD,10.0,False,19.45,35.599,20.072,206.0,198.0,267.0,269.0,75.121,R
VER,Red Bull Racing,HARD,11.0,False,20.077,36.108,20.376,197.0,193.0,270.0,283.0,76.561,R
VER,Red Bull Racing,HARD,12.0,False,20.125,35.973,20.449,205.0,195.0,269.0,284.0,76.547,R
VER,Red Bull Racing,HARD,13.0,False,20.262,36.106,20.251,200.0,193.0,265.0,281.0,76.619,R
VER,Red Bull Racing,HARD,14.0,False,19.616,35.717,20.135,204.0,197.0,267.0,282.0,75.468,R
VER,Red Bull Racing,HARD,15.0,False,19.696,35.898,20.527,202.0,191.0,266.0,281.0,76.121,R
VER,Red Bull Racing,HARD,16.0,False,19.919,35.947,20.41,194.0,194.0,259.0,281.0,76.276,R
VER,Red Bull Racing,HARD,17.0,False,19.716,35.912,20.326,194.0,194.0,260.0,281.0,75.954,R
VER,Red Bull Racing,HARD,18.0,False,19.676,35.698,20.089,195.0,198.0,268.0,282.0,75.463,R
VER,Red Bull Racing,HARD,19.0,False,19.665,35.669,20.115,202.0,198.0,269.0,283.0,75.449,R
VER,Red Bull Racing,HARD,20.0,False,19.597,35.787,20.275,204.0,194.0,268.0,284.0,75.659,R
VER,Red Bull Racing,HARD,21.0,False,19.687,35.888,20.158,205.0,193.0,268.0,284.0,75.733,R
VER,Red Bull Racing,HARD,22.0,False,19.704,35.7,20.032,208.0,193.0,269.0,283.0,75.436,R
VER,Red Bull Racing,HARD,23.0,False,19.602,35.636,20.142,205.0,197.0,269.0,283.0,75.38,R
VER,Red Bull Racing,HARD,24.0,False,19.556,35.638,20.202,207.0,196.0,270.0,284.0,75.396,R
VER,Red Bull Racing,HARD,25.0,False,19.673,35.759,20.209,202.0,195.0,270.0,285.0,75.641,R
VER,Red Bull Racing,HARD,26.0,False,19.644,35.818,20.081,208.0,195.0,270.0,286.0,75.543,R
VER,Red Bull Racing,HARD,27.0,False,19.697,36.263,20.288,207.0,194.0,267.0,286.0,76.248,R
HAM,Mercedes,MEDIUM,2.0,True,24.951,39.492,22.615,160.0,174.0,254.0,271.0,87.058,R
HAM,Mercedes,MEDIUM,3.0,True,21.827,38.943,22.606,172.0,178.0,256.0,269.0,83.376,R
HAM,Mercedes,MEDIUM,4.0,True,22.289,38.824,22.527,173.0,176.0,254.0,269.0,83.64,R
HAM,Mercedes,MEDIUM,5.0,True,21.938,38.711,22.72,189.0,171.0,255.0,276.0,83.369,R
HAM,Mercedes,MEDIUM,6.0,True,21.905,37.709,21.849,185.0,184.0,256.0,277.0,81.463,R
HAM,Mercedes,MEDIUM,7.0,True,21.571,38.073,21.968,189.0,180.0,255.0,272.0,81.612,R
HAM,Mercedes,MEDIUM,8.0,True,21.875,37.949,22.027,182.0,176.0,256.0,276.0,81.851,R
HAM,Mercedes,MEDIUM,9.0,True,21.623,37.776,22.038,189.0,178.0,258.0,272.0,81.437,R
HAM,Mercedes,MEDIUM,10.0,True,21.667,37.807,21.851,185.0,178.0,257.0,272.0,81.325,R
HAM,Mercedes,MEDIUM,11.0,True,21.592,37.746,21.826,184.0,182.0,258.0,273.0,81.164,R
HAM,Mercedes,MEDIUM,12.0,True,21.429,37.188,21.554,190.0,185.0,257.0,271.0,80.171,R
HAM,Mercedes,MEDIUM,13.0,True,21.116,37.471,21.539,184.0,181.0,258.0,273.0,80.126,R
HAM,Mercedes,MEDIUM,14.0,True,21.169,37.268,21.534,189.0,185.0,258.0,272.0,79.971,R
HAM,Mercedes,MEDIUM,15.0,True,21.278,37.545,21.561,185.0,183.0,258.0,276.0,80.384,R
HAM,Mercedes,MEDIUM,16.0,True,20.869,37.534,21.335,188.0,185.0,258.0,271.0,79.738,R
HAM,Mercedes,MEDIUM,17.0,True,21.24,37.431,21.366,190.0,186.0,258.0,272.0,80.037,R
HAM,Mercedes,MEDIUM,18.0,True,21.105,37.383,21.386,190.0,176.0,258.0,274.0,79.874,R
HAM,Mercedes,MEDIUM,19.0,True,21.334,37.659,21.511,180.0,180.0,258.0,273.0,80.504,R
HAM,Mercedes,MEDIUM,20.0,True,21.219,37.123,21.418,193.0,183.0,259.0,272.0,79.76,R
HAM,Mercedes,MEDIUM,21.0,True,21.728,37.543,21.319,186.0,186.0,258.0,269.0,80.59,R
HAM,Mercedes,MEDIUM,22.0,True,21.281,36.887,20.921,194.0,187.0,259.0,269.0,79.089,R
HAM,Mercedes,MEDIUM,23.0,True,20.85,36.635,21.3,196.0,187.0,259.0,272.0,78.785,R
HAM,Mercedes,MEDIUM,24.0,True,21.045,36.894,21.403,188.0,181.0,258.0,273.0,79.342,R
HAM,Mercedes,MEDIUM,25.0,True,21.531,37.064,21.267,193.0,185.0,258.0,275.0,79.862,R
HAM,Mercedes,MEDIUM,26.0,True,20.906,36.554,21.089,197.0,186.0,258.0,273.0,78.549,R
HAM,Mercedes,MEDIUM,27.0,True,21.112,36.631,20.844,192.0,188.0,259.0,275.0,78.587,R
HAM,Mercedes,MEDIUM,28.0,True,21.157,36.794,20.989,193.0,189.0,259.0,276.0,78.94,R
HAM,Mercedes,MEDIUM,29.0,True,20.782,36.586,21.003,192.0,189.0,258.0,276.0,78.371,R
HAM,Mercedes,MEDIUM,30.0,True,21.051,36.534,20.886,196.0,191.0,258.0,276.0,78.471,R
HAM,Mercedes,MEDIUM,31.0,True,20.974,36.599,21.045,194.0,183.0,259.0,275.0,78.618,R
HAM,Mercedes,MEDIUM,32.0,True,20.94,36.588,21.218,190.0,186.0,259.0,274.0,78.746,R
HAM,Mercedes,MEDIUM,33.0,True,21.143,36.668,21.049,192.0,191.0,259.0,274.0,78.86,R
HAM,Mercedes,MEDIUM,34.0,True,21.181,36.979,21.358,183.0,184.0,260.0,275.0,79.518,R
HAM,Mercedes,MEDIUM,35.0,True,21.922,37.249,21.477,189.0,181.0,259.0,275.0,80.648,R
HAM,Mercedes,MEDIUM,36.0,True,21.01,36.681,20.914,188.0,189.0,261.0,277.0,78.605,R
HAM,Mercedes,MEDIUM,37.0,True,21.508,37.283,21.723,184.0,183.0,259.0,272.0,80.514,R
HAM,Mercedes,MEDIUM,38.0,True,20.953,36.947,21.043,191.0,188.0,260.0,275.0,78.943,R
HAM,Mercedes,MEDIUM,39.0,True,20.94,36.732,21.001,196.0,187.0,259.0,275.0,78.673,R
HAM,Mercedes,MEDIUM,40.0,True,21.003,36.721,21.222,193.0,186.0,259.0,275.0,78.946,R
HAM,Mercedes,MEDIUM,41.0,True,20.703,36.11,20.729,201.0,193.0,259.0,276.0,77.542,R
HAM,Mercedes,MEDIUM,42.0,True,20.754,36.418,20.695,198.0,193.0,260.0,276.0,77.867,R
HAM,Mercedes,MEDIUM,43.0,True,20.803,36.511,20.911,198.0,192.0,259.0,275.0,78.225,R
HAM,Mercedes,MEDIUM,44.0,True,20.583,36.597,20.976,196.0,186.0,260.0,275.0,78.156,R
HAM,Mercedes,MEDIUM,45.0,True,20.745,36.466,20.893,197.0,192.0,260.0,277.0,78.104,R
HAM,Mercedes,MEDIUM,46.0,True,20.748,36.783,20.8,189.0,191.0,259.0,276.0,78.331,R
HAM,Mercedes,MEDIUM,47.0,True,20.802,36.424,20.605,196.0,190.0,262.0,280.0,77.831,R
HAM,Mercedes,MEDIUM,48.0,True,20.468,36.146,20.784,200.0,190.0,263.0,282.0,77.398,R
HAM,Mercedes,MEDIUM,49.0,True,20.737,36.831,20.893,186.0,191.0,261.0,280.0,78.461,R
HAM,Mercedes,HARD,3.0,False,20.151,35.889,20.418,197.0,192.0,262.0,283.0,76.458,R
HAM,Mercedes,HARD,4.0,False,20.026,35.636,20.726,204.0,190.0,262.0,285.0,76.388,R
HAM,Mercedes,HARD,5.0,False,20.727,35.648,20.117,195.0,195.0,261.0,281.0,76.492,R
HAM,Mercedes,HARD,6.0,False,19.485,35.057,19.881,209.0,195.0,260.0,281.0,74.423,R
HAM,Mercedes,HARD,7.0,False,20.896,36.389,20.572,187.0,188.0,262.0,280.0,77.857,R
HAM,Mercedes,HARD,8.0,False,20.302,36.102,20.451,198.0,188.0,261.0,282.0,76.855,R
HAM,Mercedes,HARD,9.0,False,19.662,34.842,19.7,213.0,199.0,261.0,280.0,74.204,R
HAM,Mercedes,HARD,10.0,False,20.036,35.591,20.221,203.0,194.0,263.0,280.0,75.848,R
HAM,Mercedes,HARD,11.0,False,19.975,35.321,19.978,206.0,197.0,263.0,282.0,75.274,R
HAM,Mercedes,HARD,12.0,False,19.845,35.58,19.989,198.0,196.0,261.0,280.0,75.414,R
HAM,Mercedes,HARD,13.0,False,19.548,34.854,19.763,210.0,199.0,261.0,282.0,74.165,R
HAM,Mercedes,HARD,14.0,False,20.07,35.964,20.13,198.0,193.0,262.0,284.0,76.164,R
HAM,Mercedes,HARD,15.0,False,19.749,35.463,19.978,204.0,193.0,263.0,282.0,75.19,R
HAM,Mercedes,HARD,16.0,False,19.79,35.241,20.311,206.0,195.0,263.0,281.0,75.342,R
HAM,Mercedes,HARD,17.0,False,20.133,35.744,20.24,196.0,193.0,262.0,283.0,76.117,R
HAM,Mercedes,HARD,18.0,False,19.97,35.592,20.274,202.0,194.0,263.0,283.0,75.836,R
HAM,Mercedes,HARD,19.0,False,19.914,35.491,20.243,201.0,195.0,262.0,282.0,75.648,R
HAM,Mercedes,HARD,20.0,False,19.925,35.469,20.244,204.0,188.0,263.0,283.0,75.638,R
HAM,Mercedes,HARD,21.0,False,19.857,35.584,20.202,201.0,191.0,263.0,284.0,75.643,R
HAM,Mercedes,HARD,22.0,False,19.801,35.562,20.105,206.0,194.0,262.0,284.0,75.468,R
HAM,Mercedes,HARD,23.0,False,19.609,35.432,20.093,210.0,197.0,265.0,284.0,75.134,R
HAM,Mercedes,HARD,24.0,False,19.761,35.473,20.09,205.0,195.0,265.0,285.0,75.324,R
HAM,Mercedes,HARD,25.0,False,19.645,35.508,20.171,207.0,194.0,265.0,285.0,75.324,R
HAM,Mercedes,HARD,26.0,False,19.676,35.493,20.076,207.0,196.0,273.0,286.0,75.245,R
HAM,Mercedes,HARD,27.0,False,19.854,35.59,20.253,207.0,189.0,274.0,288.0,75.697,R
HAM,Mercedes,HARD,28.0,False,19.818,35.947,20.59,204.0,189.0,234.0,289.0,76.355,R
TSU,RB,HARD,3.0,False,25.178,39.894,22.491,158.0,169.0,253.0,271.0,87.563,R
TSU,RB,HARD,4.0,False,21.941,39.033,22.353,180.0,172.0,260.0,272.0,83.327,R
TSU,RB,HARD,5.0,False,22.196,38.966,22.331,180.0,180.0,260.0,276.0,83.493,R
TSU,RB,HARD,6.0,False,21.974,38.856,22.394,186.0,171.0,261.0,266.0,83.224,R
TSU,RB,HARD,7.0,False,22.013,38.129,21.684,187.0,181.0,260.0,274.0,81.826,R
TSU,RB,HARD,8.0,False,21.607,38.301,21.743,178.0,173.0,261.0,276.0,81.651,R
TSU,RB,HARD,9.0,False,21.733,38.258,21.905,180.0,175.0,260.0,274.0,81.896,R
TSU,RB,HARD,10.0,False,21.633,38.094,21.864,177.0,176.0,260.0,276.0,81.591,R
TSU,RB,HARD,11.0,False,21.487,38.23,21.572,180.0,175.0,255.0,275.0,81.289,R
TSU,RB,HARD,12.0,False,21.543,37.878,21.668,185.0,175.0,261.0,276.0,81.089,R
TSU,RB,HARD,13.0,False,21.367,37.807,21.508,184.0,176.0,254.0,275.0,80.682,R
TSU,RB,HARD,14.0,False,21.513,38.1,21.636,173.0,173.0,253.0,274.0,81.249,R
TSU,RB,HARD,15.0,False,20.937,37.501,21.661,184.0,176.0,253.0,275.0,80.099,R
TSU,RB,HARD,16.0,False,21.35,38.002,21.495,175.0,176.0,253.0,274.0,80.847,R
TSU,RB,HARD,17.0,False,21.282,37.659,21.394,181.0,173.0,252.0,274.0,80.335,R
TSU,RB,HARD,18.0,False,21.336,37.629,21.647,181.0,174.0,252.0,273.0,80.612,R
TSU,RB,HARD,19.0,False,21.296,37.813,21.661,177.0,173.0,251.0,273.0,80.77,R
TSU,RB,HARD,20.0,False,21.29,37.392,21.309,189.0,178.0,254.0,274.0,79.991,R
TSU,RB,HARD,21.0,False,21.256,37.782,21.519,185.0,175.0,252.0,273.0,80.557,R
TSU,RB,HARD,22.0,False,21.371,37.821,21.683,183.0,174.0,251.0,272.0,80.875,R
TSU,RB,HARD,23.0,False,21.248,37.823,21.379,188.0,174.0,252.0,272.0,80.45,R
TSU,RB,HARD,24.0,False,21.078,37.672,21.636,187.0,175.0,252.0,271.0,80.386,R
TSU,RB,HARD,25.0,False,21.288,37.466,21.575,184.0,172.0,251.0,273.0,80.329,R
TSU,RB,HARD,26.0,False,21.082,37.707,21.659,184.0,176.0,249.0,272.0,80.448,R
TSU,RB,HARD,27.0,False,21.129,37.549,21.608,181.0,172.0,250.0,270.0,80.286,R
TSU,RB,HARD,28.0,False,21.183,37.528,21.473,185.0,177.0,252.0,271.0,80.184,R
TSU,RB,HARD,29.0,False,21.149,37.32,21.368,180.0,175.0,253.0,274.0,79.837,R
TSU,RB,HARD,30.0,False,21.124,37.673,21.698,181.0,174.0,249.0,271.0,80.495,R
TSU,RB,HARD,31.0,False,21.26,37.446,21.484,182.0,180.0,251.0,272.0,80.19,R
TSU,RB,HARD,32.0,False,21.281,37.967,21.775,177.0,175.0,251.0,269.0,81.023,R
TSU,RB,HARD,33.0,False,21.333,37.827,21.589,178.0,179.0,251.0,270.0,80.749,R
TSU,RB,HARD,34.0,False,20.994,37.077,21.082,191.0,181.0,254.0,271.0,79.153,R
TSU,RB,HARD,35.0,False,20.721,37.12,21.132,192.0,177.0,254.0,272.0,78.973,R
TSU,RB,HARD,36.0,False,20.987,37.275,21.21,192.0,180.0,252.0,272.0,79.472,R
TSU,RB,HARD,37.0,False,20.937,37.456,21.678,186.0,178.0,251.0,271.0,80.071,R
TSU,RB,HARD,38.0,False,21.072,37.534,21.511,186.0,173.0,252.0,270.0,80.117,R
TSU,RB,HARD,39.0,False,20.936,37.401,21.518,186.0,175.0,251.0,271.0,79.855,R
TSU,RB,HARD,40.0,False,20.967,37.353,21.425,186.0,174.0,251.0,271.0,79.745,R
TSU,RB,HARD,41.0,False,20.821,38.018,21.933,183.0,172.0,249.0,264.0,80.772,R
TSU,RB,HARD,42.0,False,21.13,37.58,21.61,182.0,174.0,251.0,269.0,80.32,R
TSU,RB,HARD,43.0,False,21.002,37.553,21.58,183.0,175.0,251.0,270.0,80.135,R
TSU,RB,HARD,44.0,False,20.771,37.723,21.9,187.0,175.0,250.0,268.0,80.394,R
TSU,RB,HARD,45.0,False,20.924,37.506,21.714,187.0,174.0,250.0,269.0,80.144,R
TSU,RB,HARD,46.0,False,20.841,37.681,21.772,189.0,174.0,249.0,270.0,80.294,R
TSU,RB,HARD,47.0,False,20.968,37.592,21.866,186.0,174.0,249.0,270.0,80.426,R
TSU,RB,HARD,48.0,False,20.994,37.876,21.673,187.0,176.0,250.0,268.0,80.543,R
TSU,RB,HARD,49.0,False,20.826,37.5,21.783,186.0,175.0,251.0,269.0,80.109,R
TSU,RB,HARD,50.0,False,21.074,37.375,21.104,186.0,180.0,253.0,271.0,79.553,R
TSU,RB,HARD,51.0,False,20.706,36.933,21.001,187.0,186.0,251.0,272.0,78.64,R
TSU,RB,HARD,52.0,False,20.817,37.528,21.769,182.0,178.0,251.0,270.0,80.114,R
TSU,RB,HARD,53.0,False,20.913,37.43,21.511,188.0,181.0,250.0,270.0,79.854,R
TSU,RB,HARD,54.0,False,21.185,41.211,23.374,185.0,161.0,202.0,269.0,85.77,R
TSU,RB,HARD,55.0,False,21.418,37.189,21.174,185.0,184.0,257.0,278.0,79.781,R
TSU,RB,HARD,56.0,False,20.645,36.898,20.959,192.0,189.0,256.0,276.0,78.502,R
TSU,RB,HARD,57.0,False,20.624,36.856,21.019,187.0,182.0,255.0,276.0,78.499,R
TSU,RB,HARD,58.0,False,20.615,36.951,21.171,193.0,178.0,256.0,276.0,78.737,R
TSU,RB,HARD,59.0,False,20.382,36.572,21.081,191.0,181.0,255.0,276.0,78.035,R
TSU,RB,HARD,60.0,False,21.295,37.031,21.333,191.0,178.0,256.0,276.0,79.659,R
TSU,RB,HARD,61.0,False,21.322,37.502,21.474,194.0,176.0,255.0,274.0,80.298,R
TSU,RB,HARD,62.0,False,20.875,37.089,21.411,195.0,172.0,254.0,275.0,79.375,R
TSU,RB,HARD,63.0,False,22.87,38.824,21.524,182.0,169.0,255.0,275.0,83.218,R
TSU,RB,HARD,64.0,False,20.273,36.546,20.812,199.0,188.0,256.0,276.0,77.631,R
TSU,RB,HARD,65.0,False,20.151,36.176,20.692,200.0,189.0,255.0,276.0,77.019,R
TSU,RB,HARD,66.0,False,20.092,36.571,21.534,198.0,178.0,254.0,276.0,78.197,R
TSU,RB,HARD,67.0,False,20.481,36.615,21.052,196.0,180.0,256.0,275.0,78.148,R
TSU,RB,HARD,68.0,False,20.457,36.685,21.067,197.0,181.0,255.0,276.0,78.209,R
TSU,RB,HARD,69.0,False,21.076,37.805,21.151,192.0,178.0,257.0,273.0,80.032,R
TSU,RB,HARD,70.0,False,20.939,37.082,21.326,187.0,181.0,255.0,273.0,79.347,R
TSU,RB,HARD,71.0,False,21.008,36.627,20.623,188.0,194.0,255.0,274.0,78.258,R
TSU,RB,HARD,72.0,False,20.332,36.338,20.409,191.0,191.0,255.0,273.0,77.079,R
TSU,RB,HARD,73.0,False,19.812,35.754,20.389,210.0,193.0,256.0,273.0,75.955,R
TSU,RB,HARD,74.0,False,19.778,35.445,20.239,207.0,195.0,256.0,274.0,75.462,R
TSU,RB,HARD,75.0,False,19.571,35.257,20.164,210.0,195.0,257.0,275.0,74.992,R
TSU,RB,HARD,76.0,False,19.626,35.387,20.192,213.0,194.0,257.0,275.0,75.205,R
TSU,RB,HARD,77.0,False,19.503,35.233,19.984,214.0,195.0,257.0,275.0,74.72,R
ALB,Williams,HARD,2.0,True,25.399,39.935,22.5,158.0,176.0,255.0,277.0,87.834,R
ALB,Williams,HARD,3.0,True,21.826,39.21,22.25,181.0,166.0,263.0,278.0,83.286,R
ALB,Williams,HARD,4.0,True,22.133,39.122,22.114,167.0,167.0,265.0,281.0,83.369,R
ALB,Williams,HARD,5.0,True,22.168,39.171,22.077,172.0,175.0,261.0,274.0,83.416,R
ALB,Williams,HARD,6.0,True,21.895,38.406,21.612,173.0,173.0,260.0,278.0,81.913,R
ALB,Williams,HARD,7.0,True,21.711,38.18,21.645,178.0,174.0,250.0,279.0,81.536,R
ALB,Williams,HARD,8.0,True,21.83,38.449,21.725,176.0,177.0,253.0,276.0,82.004,R
ALB,Williams,HARD,9.0,True,21.79,38.274,21.498,181.0,175.0,264.0,276.0,81.562,R
ALB,Williams,HARD,10.0,True,21.533,38.313,21.668,177.0,171.0,264.0,278.0,81.514,R
ALB,Williams,HARD,11.0,True,21.144,38.254,21.423,177.0,177.0,264.0,278.0,80.821,R
ALB,Williams,HARD,12.0,True,21.388,38.0,22.032,174.0,174.0,256.0,278.0,81.42,R
ALB,Williams,HARD,13.0,True,21.387,37.838,21.366,171.0,171.0,262.0,278.0,80.591,R
ALB,Williams,HARD,14.0,True,21.041,37.916,21.634,189.0,162.0,256.0,279.0,80.591,R
ALB,Williams,HARD,15.0,True,21.381,38.071,21.341,176.0,175.0,256.0,273.0,80.793,R
ALB,Williams,HARD,16.0,True,21.234,38.326,21.577,177.0,170.0,255.0,272.0,81.137,R
ALB,Williams,HARD,17.0,True,21.154,37.654,21.234,177.0,180.0,256.0,277.0,80.042,R
ALB,Williams,HARD,18.0,True,21.25,37.787,21.208,185.0,174.0,257.0,275.0,80.245,R
ALB,Williams,HARD,19.0,True,21.177,37.505,21.678,183.0,165.0,261.0,281.0,80.36,R
ALB,Williams,HARD,20.0,True,21.465,38.094,21.378,183.0,174.0,257.0,274.0,80.937,R
ALB,Williams,HARD,21.0,True,21.096,38.036,21.41,181.0,171.0,256.0,262.0,80.542,R
ALB,Williams,HARD,22.0,True,21.17,37.722,21.251,180.0,172.0,262.0,272.0,80.143,R
ALB,Williams,HARD,23.0,True,21.307,37.772,21.438,179.0,172.0,257.0,271.0,80.517,R
ALB,Williams,HARD,24.0,True,21.153,37.773,21.397,186.0,174.0,256.0,276.0,80.323,R
ALB,Williams,HARD,25.0,True,21.302,37.698,21.463,183.0,175.0,256.0,275.0,80.463,R
ALB,Williams,HARD,26.0,True,21.314,37.738,21.457,180.0,170.0,256.0,277.0,80.509,R
ALB,Williams,HARD,27.0,True,21.281,37.151,21.078,191.0,179.0,263.0,278.0,79.51,R
ALB,Williams,HARD,28.0,True,21.124,37.342,21.805,186.0,183.0,253.0,278.0,80.271,R
ALB,Williams,HARD,29.0,True,21.906,38.215,21.318,186.0,174.0,255.0,272.0,81.439,R
ALB,Williams,HARD,30.0,True,21.376,37.952,21.613,188.0,173.0,255.0,275.0,80.941,R
ALB,Williams,HARD,31.0,True,21.103,37.794,21.251,189.0,175.0,257.0,276.0,80.148,R
ALB,Williams,HARD,32.0,True,21.117,37.286,21.088,186.0,181.0,264.0,276.0,79.491,R
ALB,Williams,HARD,33.0,True,21.073,37.168,20.893,190.0,183.0,265.0,278.0,79.134,R
ALB,Williams,HARD,34.0,True,20.981,36.918,20.917,190.0,182.0,266.0,278.0,78.816,R
ALB,Williams,HARD,35.0,True,21.372,38.669,21.587,180.0,172.0,255.0,273.0,81.628,R
ALB,Williams,HARD,36.0,True,21.591,37.967,21.217,189.0,175.0,256.0,275.0,80.775,R
ALB,Williams,HARD,37.0,True,21.152,37.677,21.485,187.0,168.0,256.0,276.0,80.314,R
ALB,Williams,HARD,38.0,True,21.367,37.774,21.248,190.0,175.0,256.0,275.0,80.389,R
ALB,Williams,HARD,39.0,True,20.846,37.656,21.31,195.0,166.0,257.0,275.0,79.812,R
ALB,Williams,HARD,40.0,True,20.972,37.375,20.982,192.0,178.0,256.0,275.0,79.329,R
ALB,Williams,HARD,41.0,True,21.403,37.569,21.112,188.0,176.0,256.0,276.0,80.084,R
ALB,Williams,HARD,42.0,True,21.022,37.395,21.079,192.0,177.0,256.0,276.0,79.496,R
ALB,Williams,HARD,43.0,True,21.013,37.472,21.198,194.0,174.0,257.0,276.0,79.683,R
ALB,Williams,HARD,44.0,True,21.867,37.986,21.895,181.0,170.0,255.0,275.0,81.748,R
ALB,Williams,HARD,45.0,True,21.38,37.939,21.275,181.0,178.0,256.0,275.0,80.594,R
ALB,Williams,HARD,46.0,True,21.142,37.705,21.615,192.0,172.0,256.0,274.0,80.462,R
ALB,Williams,HARD,47.0,True,20.659,37.436,21.226,199.0,175.0,256.0,275.0,79.321,R
ALB,Williams,HARD,48.0,True,20.802,37.344,21.232,201.0,176.0,257.0,277.0,79.378,R
ALB,Williams,HARD,49.0,True,20.949,37.161,21.158,197.0,177.0,266.0,278.0,79.268,R
ALB,Williams,HARD,50.0,True,20.82,36.923,21.12,195.0,177.0,263.0,278.0,78.863,R
ALB,Williams,HARD,51.0,True,21.83,38.223,21.501,173.0,173.0,256.0,275.0,81.554,R
ALB,Williams,HARD,52.0,True,21.025,37.229,22.446,191.0,176.0,162.0,276.0,80.7,R
ALB,Williams,HARD,53.0,True,23.983,38.443,21.221,105.0,183.0,260.0,280.0,83.647,R
ALB,Williams,HARD,54.0,True,20.976,37.269,20.84,185.0,179.0,268.0,282.0,79.085,R
ALB,Williams,HARD,55.0,True,20.794,36.963,21.039,193.0,181.0,266.0,283.0,78.796,R
ALB,Williams,HARD,56.0,True,20.807,36.602,20.862,191.0,184.0,267.0,281.0,78.271,R
ALB,Williams,HARD,57.0,True,20.834,36.768,21.088,196.0,181.0,266.0,281.0,78.69,R
ALB,Williams,HARD,58.0,True,20.67,36.641,20.89,191.0,183.0,265.0,280.0,78.201,R
ALB,Williams,HARD,59.0,True,21.272,37.01,21.251,195.0,181.0,265.0,279.0,79.533,R
ALB,Williams,HARD,60.0,True,21.459,37.387,21.376,186.0,180.0,266.0,278.0,80.222,R
ALB,Williams,HARD,61.0,True,21.112,36.897,21.497,190.0,180.0,189.0,278.0,79.506,R
ALB,Williams,HARD,62.0,True,23.087,38.494,21.504,176.0,170.0,266.0,275.0,83.085,R
ALB,Williams,HARD,63.0,True,20.612,36.632,20.667,197.0,186.0,265.0,279.0,77.911,R
ALB,Williams,HARD,64.0,True,20.443,36.207,20.611,197.0,186.0,265.0,279.0,77.261,R
ALB,Williams,HARD,65.0,True,20.553,36.639,20.811,200.0,184.0,258.0,279.0,78.003,R
ALB,Williams,HARD,66.0,True,20.674,36.417,20.783,197.0,183.0,268.0,280.0,77.874,R
ALB,Williams,HARD,67.0,True,20.686,36.629,21.07,198.0,183.0,264.0,281.0,78.385,R
ALB,Williams,HARD,68.0,True,21.155,37.55,21.216,177.0,181.0,267.0,280.0,79.921,R
ALB,Williams,HARD,69.0,True,21.093,37.058,21.219,190.0,178.0,267.0,280.0,79.37,R
ALB,Williams,HARD,70.0,True,21.071,37.128,20.758,197.0,184.0,259.0,279.0,78.957,R
ALB,Williams,HARD,71.0,True,20.554,36.906,20.705,202.0,183.0,258.0,280.0,78.165,R
ALB,Williams,HARD,72.0,True,20.689,36.976,20.767,188.0,183.0,258.0,277.0,78.432,R
ALB,Williams,HARD,73.0,True,20.638,36.686,20.69,195.0,185.0,258.0,276.0,78.014,R
ALB,Williams,HARD,74.0,True,20.713,36.423,20.714,198.0,187.0,258.0,276.0,77.85,R
ALB,Williams,HARD,75.0,True,20.521,36.214,20.544,200.0,190.0,258.0,276.0,77.279,R
ALB,Williams,HARD,76.0,True,20.364,36.196,20.5,202.0,188.0,258.0,275.0,77.06,R
GAS,Alpine,MEDIUM,2.0,True,25.566,40.15,22.553,162.0,177.0,255.0,275.0,88.269,R
GAS,Alpine,MEDIUM,3.0,True,21.656,39.123,22.49,180.0,179.0,263.0,277.0,83.269,R
GAS,Alpine,MEDIUM,4.0,True,21.918,39.228,22.282,181.0,178.0,263.0,278.0,83.428,R
GAS,Alpine,MEDIUM,5.0,True,22.068,38.953,22.085,176.0,177.0,265.0,279.0,83.106,R
GAS,Alpine,MEDIUM,6.0,True,21.836,38.367,22.03,180.0,185.0,263.0,281.0,82.233,R
GAS,Alpine,MEDIUM,7.0,True,21.496,38.116,21.988,178.0,178.0,262.0,279.0,81.6,R
GAS,Alpine,MEDIUM,8.0,True,21.526,38.64,21.905,176.0,179.0,263.0,276.0,82.071,R
GAS,Alpine,MEDIUM,9.0,True,21.479,38.141,21.774,178.0,176.0,265.0,278.0,81.394,R
GAS,Alpine,MEDIUM,10.0,True,21.482,37.922,21.894,181.0,187.0,265.0,280.0,81.298,R
GAS,Alpine,MEDIUM,11.0,True,21.12,38.544,21.625,175.0,182.0,264.0,279.0,81.289,R
GAS,Alpine,MEDIUM,12.0,True,21.219,38.276,22.035,186.0,178.0,256.0,277.0,81.53,R
GAS,Alpine,MEDIUM,13.0,True,21.087,37.364,21.469,191.0,189.0,266.0,280.0,79.92,R
GAS,Alpine,MEDIUM,14.0,True,20.915,38.313,21.838,180.0,176.0,262.0,278.0,81.066,R
GAS,Alpine,MEDIUM,15.0,True,21.548,37.876,21.63,184.0,185.0,262.0,278.0,81.054,R
GAS,Alpine,MEDIUM,16.0,True,21.682,38.296,21.983,187.0,174.0,256.0,277.0,81.961,R
GAS,Alpine,MEDIUM,17.0,True,21.255,38.034,21.508,186.0,177.0,255.0,276.0,80.797,R
GAS,Alpine,MEDIUM,18.0,True,20.839,37.422,21.643,192.0,176.0,256.0,277.0,79.904,R
GAS,Alpine,MEDIUM,19.0,True,21.069,37.547,21.639,194.0,174.0,257.0,278.0,80.255,R
GAS,Alpine,MEDIUM,20.0,True,21.238,37.27,21.368,186.0,184.0,264.0,277.0,79.876,R
GAS,Alpine,MEDIUM,21.0,True,20.982,37.763,21.809,184.0,177.0,263.0,279.0,80.554,R
GAS,Alpine,MEDIUM,22.0,True,21.45,37.844,22.012,177.0,177.0,257.0,277.0,81.306,R
GAS,Alpine,MEDIUM,23.0,True,20.925,38.004,22.02,195.0,172.0,257.0,277.0,80.949,R
GAS,Alpine,MEDIUM,24.0,True,21.103,37.62,21.649,188.0,178.0,256.0,276.0,80.372,R
GAS,Alpine,MEDIUM,25.0,True,21.449,37.447,21.697,176.0,183.0,256.0,276.0,80.593,R
GAS,Alpine,MEDIUM,26.0,True,21.045,37.661,21.815,186.0,174.0,256.0,276.0,80.521,R
GAS,Alpine,MEDIUM,27.0,True,21.024,37.602,21.603,190.0,179.0,256.0,276.0,80.229,R
GAS,Alpine,MEDIUM,28.0,True,20.968,37.002,21.406,194.0,179.0,256.0,276.0,79.376,R
GAS,Alpine,MEDIUM,29.0,True,21.791,38.013,21.96,173.0,172.0,255.0,276.0,81.764,R
GAS,Alpine,MEDIUM,30.0,True,21.441,38.049,21.937,186.0,171.0,256.0,269.0,81.427,R
GAS,Alpine,MEDIUM,31.0,True,21.371,38.018,21.732,190.0,176.0,257.0,276.0,81.121,R
GAS,Alpine,MEDIUM,32.0,True,21.201,37.839,21.925,191.0,174.0,256.0,275.0,80.965,R
GAS,Alpine,MEDIUM,33.0,True,21.309,37.92,21.522,189.0,177.0,257.0,275.0,80.751,R
GAS,Alpine,MEDIUM,34.0,True,20.907,37.118,21.336,190.0,180.0,257.0,275.0,79.361,R
GAS,Alpine,MEDIUM,35.0,True,21.082,37.1,21.394,195.0,179.0,256.0,275.0,79.576,R
GAS,Alpine,MEDIUM,36.0,True,20.888,37.374,21.713,198.0,178.0,257.0,275.0,79.975,R
GAS,Alpine,MEDIUM,37.0,True,21.02,36.956,21.452,199.0,181.0,256.0,275.0,79.428,R
GAS,Alpine,MEDIUM,38.0,True,21.342,37.369,21.609,185.0,174.0,258.0,276.0,80.32,R
GAS,Alpine,MEDIUM,39.0,True,21.321,37.464,21.599,197.0,175.0,257.0,275.0,80.384,R
GAS,Alpine,MEDIUM,40.0,True,21.198,37.359,21.643,197.0,181.0,257.0,275.0,80.2,R
GAS,Alpine,MEDIUM,41.0,True,21.083,37.313,21.581,199.0,179.0,256.0,275.0,79.977,R
GAS,Alpine,MEDIUM,42.0,True,21.159,37.964,21.925,193.0,175.0,256.0,275.0,81.048,R
GAS,Alpine,MEDIUM,43.0,True,21.328,37.58,21.713,189.0,175.0,257.0,275.0,80.621,R
GAS,Alpine,MEDIUM,44.0,True,20.902,37.198,21.282,190.0,179.0,257.0,275.0,79.382,R
GAS,Alpine,MEDIUM,45.0,True,21.139,37.499,21.332,192.0,177.0,257.0,275.0,79.97,R
GAS,Alpine,MEDIUM,46.0,True,20.865,37.294,21.276,198.0,176.0,256.0,275.0,79.435,R
GAS,Alpine,MEDIUM,47.0,True,20.925,37.454,21.486,196.0,181.0,257.0,275.0,79.865,R
GAS,Alpine,MEDIUM,48.0,True,20.805,37.858,21.871,197.0,173.0,257.0,275.0,80.534,R
GAS,Alpine,MEDIUM,49.0,True,21.029,37.509,22.485,189.0,173.0,236.0,275.0,81.023,R
GAS,Alpine,MEDIUM,50.0,True,21.93,40.611,21.932,140.0,175.0,257.0,264.0,84.473,R
GAS,Alpine,MEDIUM,51.0,True,21.148,37.157,21.438,193.0,180.0,258.0,278.0,79.743,R
GAS,Alpine,MEDIUM,52.0,True,20.986,37.411,21.52,188.0,178.0,258.0,279.0,79.917,R
GAS,Alpine,MEDIUM,53.0,True,20.968,36.845,21.278,189.0,178.0,258.0,279.0,79.091,R
GAS,Alpine,MEDIUM,54.0,True,20.714,37.252,21.441,196.0,179.0,258.0,278.0,79.407,R
GAS,Alpine,MEDIUM,55.0,True,20.991,37.282,21.431,194.0,178.0,258.0,278.0,79.704,R
GAS,Alpine,MEDIUM,56.0,True,20.953,37.124,21.371,197.0,181.0,257.0,278.0,79.448,R
GAS,Alpine,MEDIUM,57.0,True,20.943,36.982,21.172,197.0,178.0,257.0,277.0,79.097,R
GAS,Alpine,MEDIUM,58.0,True,20.82,38.54,22.018,191.0,171.0,236.0,277.0,81.378,R
GAS,Alpine,MEDIUM,59.0,True,21.558,37.268,21.411,189.0,177.0,259.0,279.0,80.237,R
GAS,Alpine,MEDIUM,60.0,True,20.827,38.074,21.506,190.0,180.0,259.0,271.0,80.407,R
GAS,Alpine,MEDIUM,61.0,True,20.628,36.697,21.144,191.0,180.0,258.0,279.0,78.469,R
GAS,Alpine,MEDIUM,62.0,True,21.048,36.832,21.275,192.0,179.0,258.0,279.0,79.155,R
GAS,Alpine,MEDIUM,63.0,True,20.752,36.818,21.298,192.0,181.0,259.0,278.0,78.868,R
GAS,Alpine,MEDIUM,64.0,True,20.772,37.149,21.299,197.0,180.0,258.0,277.0,79.22,R
GAS,Alpine,MEDIUM,65.0,True,20.602,36.831,21.293,200.0,181.0,258.0,276.0,78.726,R
GAS,Alpine,MEDIUM,66.0,True,20.646,36.723,21.255,201.0,179.0,258.0,276.0,78.624,R
GAS,Alpine,MEDIUM,67.0,True,20.684,36.715,21.146,201.0,182.0,258.0,276.0,78.545,R
GAS,Alpine,MEDIUM,68.0,True,20.583,36.63,21.15,200.0,181.0,259.0,276.0,78.363,R
GAS,Alpine,MEDIUM,69.0,True,20.552,36.322,20.925,200.0,182.0,259.0,277.0,77.799,R
GAS,Alpine,MEDIUM,70.0,True,20.691,36.423,21.026,196.0,186.0,258.0,277.0,78.14,R
GAS,Alpine,MEDIUM,71.0,True,20.616,36.713,21.053,199.0,187.0,258.0,277.0,78.382,R
GAS,Alpine,MEDIUM,72.0,True,20.63,36.392,20.97,197.0,188.0,259.0,277.0,77.992,R
GAS,Alpine,MEDIUM,73.0,True,20.111,35.963,20.615,204.0,189.0,259.0,278.0,76.689,R
GAS,Alpine,MEDIUM,74.0,True,20.546,36.425,21.149,201.0,186.0,259.0,278.0,78.12,R
GAS,Alpine,MEDIUM,75.0,True,20.297,36.111,21.108,205.0,187.0,259.0,278.0,77.516,R
GAS,Alpine,MEDIUM,76.0,True,19.978,35.327,20.32,210.0,193.0,259.0,278.0,75.625,R
ALO,Aston Martin,MEDIUM,3.0,False,26.223,40.567,22.398,161.0,172.0,256.0,281.0,89.188,R
ALO,Aston Martin,MEDIUM,4.0,False,21.802,39.405,22.529,177.0,162.0,254.0,281.0,83.736,R
ALO,Aston Martin,MEDIUM,5.0,False,22.017,39.329,22.229,184.0,159.0,256.0,278.0,83.575,R
ALO,Aston Martin,MEDIUM,6.0,False,21.899,38.932,21.88,183.0,166.0,257.0,268.0,82.711,R
ALO,Aston Martin,MEDIUM,7.0,False,22.196,38.682,21.988,182.0,158.0,257.0,281.0,82.866,R
ALO,Aston Martin,MEDIUM,8.0,False,21.774,38.297,22.213,189.0,161.0,255.0,281.0,82.284,R
ALO,Aston Martin,MEDIUM,9.0,False,21.431,38.194,22.025,191.0,162.0,256.0,277.0,81.65,R
ALO,Aston Martin,MEDIUM,10.0,False,21.673,38.362,21.829,201.0,166.0,258.0,273.0,81.864,R
ALO,Aston Martin,MEDIUM,11.0,False,21.68,38.074,21.664,200.0,164.0,258.0,275.0,81.418,R
ALO,Aston Martin,MEDIUM,12.0,False,21.601,38.025,21.74,198.0,164.0,257.0,280.0,81.366,R
ALO,Aston Martin,MEDIUM,13.0,False,21.616,37.967,21.845,201.0,164.0,257.0,278.0,81.428,R
ALO,Aston Martin,MEDIUM,14.0,False,21.713,37.752,21.927,199.0,168.0,257.0,281.0,81.392,R
ALO,Aston Martin,MEDIUM,15.0,False,21.355,37.933,21.773,196.0,171.0,254.0,279.0,81.061,R
ALO,Aston Martin,MEDIUM,16.0,False,21.107,38.215,21.996,193.0,168.0,255.0,277.0,81.318,R
ALO,Aston Martin,MEDIUM,17.0,False,21.278,37.763,21.758,189.0,174.0,255.0,279.0,80.799,R
ALO,Aston Martin,MEDIUM,18.0,False,21.516,37.919,21.64,193.0,171.0,255.0,277.0,81.075,R
ALO,Aston Martin,MEDIUM,19.0,False,21.373,37.682,21.55,192.0,180.0,255.0,278.0,80.605,R
ALO,Aston Martin,MEDIUM,20.0,False,21.232,37.966,21.912,187.0,173.0,255.0,274.0,81.11,R
ALO,Aston Martin,MEDIUM,21.0,False,20.942,37.709,21.666,191.0,174.0,255.0,278.0,80.317,R
ALO,Aston Martin,MEDIUM,22.0,False,21.098,38.045,21.894,196.0,172.0,255.0,271.0,81.037,R
ALO,Aston Martin,MEDIUM,23.0,False,21.273,37.462,21.511,196.0,178.0,256.0,278.0,80.246,R
ALO,Aston Martin,MEDIUM,24.0,False,20.99,38.131,22.292,196.0,169.0,256.0,276.0,81.413,R
ALO,Aston Martin,MEDIUM,25.0,False,21.312,38.033,21.746,192.0,165.0,256.0,278.0,81.091,R
ALO,Aston Martin,MEDIUM,26.0,False,21.459,37.846,21.553,207.0,167.0,255.0,272.0,80.858,R
ALO,Aston Martin,MEDIUM,27.0,False,21.592,37.89,21.821,208.0,158.0,255.0,274.0,81.303,R
ALO,Aston Martin,MEDIUM,28.0,False,21.722,37.884,21.938,201.0,169.0,255.0,274.0,81.544,R
ALO,Aston Martin,MEDIUM,29.0,False,21.626,38.024,21.555,205.0,158.0,254.0,275.0,81.205,R
ALO,Aston Martin,MEDIUM,30.0,False,21.707,37.404,21.923,204.0,171.0,254.0,275.0,81.034,R
ALO,Aston Martin,MEDIUM,31.0,False,21.442,37.792,21.408,206.0,163.0,255.0,277.0,80.642,R
ALO,Aston Martin,MEDIUM,32.0,False,21.681,37.433,21.896,203.0,163.0,256.0,277.0,81.01,R
ALO,Aston Martin,MEDIUM,33.0,False,21.174,37.679,21.497,205.0,163.0,254.0,276.0,80.35,R
ALO,Aston Martin,MEDIUM,34.0,False,21.407,37.844,21.626,205.0,170.0,257.0,274.0,80.877,R
ALO,Aston Martin,MEDIUM,35.0,False,21.123,37.814,21.495,202.0,173.0,256.0,276.0,80.432,R
ALO,Aston Martin,MEDIUM,36.0,False,21.543,38.239,21.346,204.0,167.0,255.0,274.0,81.128,R
ALO,Aston Martin,MEDIUM,37.0,False,21.648,38.268,21.596,208.0,166.0,255.0,276.0,81.512,R
ALO,Aston Martin,MEDIUM,38.0,False,21.437,38.207,21.438,203.0,174.0,256.0,276.0,81.082,R
ALO,Aston Martin,MEDIUM,39.0,False,21.464,38.197,21.604,208.0,172.0,256.0,275.0,81.265,R
ALO,Aston Martin,MEDIUM,40.0,False,21.321,38.087,21.347,208.0,177.0,255.0,276.0,80.755,R
ALO,Aston Martin,MEDIUM,41.0,False,21.479,39.423,22.544,199.0,171.0,249.0,269.0,83.446,R
ALO,Aston Martin,MEDIUM,42.0,False,23.949,38.112,21.271,192.0,172.0,258.0,281.0,83.332,R
ALO,Aston Martin,MEDIUM,43.0,False,20.975,37.871,21.44,197.0,179.0,256.0,280.0,80.286,R
ALO,Aston Martin,MEDIUM,44.0,False,20.449,37.16,21.243,205.0,185.0,257.0,279.0,78.852,R
ALO,Aston Martin,MEDIUM,45.0,False,20.812,37.559,21.585,200.0,185.0,257.0,279.0,79.956,R
ALO,Aston Martin,MEDIUM,46.0,False,20.659,37.129,21.14,202.0,182.0,256.0,279.0,78.928,R
ALO,Aston Martin,MEDIUM,47.0,False,20.636,37.285,21.188,198.0,184.0,256.0,279.0,79.109,R
ALO,Aston Martin,MEDIUM,48.0,False,20.454,37.439,22.422,204.0,167.0,257.0,279.0,80.315,R
ALO,Aston Martin,MEDIUM,49.0,False,21.329,37.218,21.29,204.0,174.0,257.0,278.0,79.837,R
ALO,Aston Martin,MEDIUM,50.0,False,21.01,37.161,21.163,205.0,182.0,256.0,278.0,79.334,R
ALO,Aston Martin,MEDIUM,51.0,False,20.839,37.908,21.889,197.0,176.0,255.0,276.0,80.636,R
ALO,Aston Martin,MEDIUM,52.0,False,21.575,40.3,21.502,184.0,171.0,264.0,277.0,83.377,R
ALO,Aston Martin,MEDIUM,53.0,False,20.927,37.618,21.447,206.0,175.0,257.0,279.0,79.992,R
ALO,Aston Martin,MEDIUM,54.0,False,20.821,37.085,21.285,203.0,181.0,256.0,279.0,79.191,R
ALO,Aston Martin,MEDIUM,55.0,False,20.897,37.211,21.303,201.0,181.0,256.0,278.0,79.411,R
ALO,Aston Martin,MEDIUM,56.0,False,20.958,38.563,21.218,197.0,175.0,258.0,275.0,80.739,R
ALO,Aston Martin,MEDIUM,57.0,False,20.709,38.543,21.348,190.0,178.0,258.0,241.0,80.6,R
ALO,Aston Martin,MEDIUM,58.0,False,20.768,37.325,21.136,198.0,182.0,257.0,279.0,79.229,R
ALO,Aston Martin,MEDIUM,59.0,False,20.848,37.175,21.196,199.0,184.0,258.0,279.0,79.219,R
ALO,Aston Martin,MEDIUM,60.0,False,20.95,37.12,21.096,203.0,182.0,257.0,278.0,79.166,R
ALO,Aston Martin,MEDIUM,61.0,False,20.746,36.978,21.028,202.0,181.0,256.0,278.0,78.752,R
ALO,Aston Martin,MEDIUM,62.0,False,20.78,37.033,21.003,206.0,183.0,257.0,277.0,78.816,R
ALO,Aston Martin,MEDIUM,63.0,False,20.52,37.03,21.006,206.0,183.0,257.0,278.0,78.556,R
ALO,Aston Martin,MEDIUM,64.0,False,20.603,37.073,21.06,203.0,184.0,258.0,278.0,78.736,R
ALO,Aston Martin,MEDIUM,65.0,False,20.501,37.104,21.028,203.0,184.0,257.0,277.0,78.633,R
ALO,Aston Martin,MEDIUM,66.0,False,20.477,37.185,20.975,204.0,183.0,258.0,277.0,78.637,R
ALO,Aston Martin,MEDIUM,67.0,False,20.43,36.803,20.893,205.0,186.0,258.0,277.0,78.126,R
ALO,Aston Martin,MEDIUM,68.0,False,20.313,36.659,20.967,206.0,187.0,258.0,277.0,77.939,R
ALO,Aston Martin,MEDIUM,69.0,False,20.291,36.863,21.559,206.0,187.0,258.0,277.0,78.713,R
ALO,Aston Martin,MEDIUM,70.0,False,20.526,37.059,20.888,206.0,187.0,257.0,277.0,78.473,R
ALO,Aston Martin,MEDIUM,71.0,False,20.279,36.942,20.912,206.0,183.0,258.0,277.0,78.133,R
ALO,Aston Martin,MEDIUM,72.0,False,20.306,36.945,20.83,208.0,189.0,258.0,277.0,78.081,R
ALO,Aston Martin,MEDIUM,73.0,False,20.282,37.265,20.957,206.0,183.0,258.0,278.0,78.504,R
ALO,Aston Martin,MEDIUM,74.0,False,20.465,38.628,21.243,201.0,176.0,259.0,277.0,80.336,R
ALO,Aston Martin,MEDIUM,75.0,False,20.459,37.336,20.868,203.0,188.0,259.0,280.0,78.663,R
ALO,Aston Martin,MEDIUM,76.0,False,20.583,37.332,21.138,205.0,186.0,258.0,280.0,79.053,R
RIC,RB,HARD,3.0,False,26.535,40.832,22.289,167.0,171.0,258.0,283.0,89.656,R
RIC,RB,HARD,4.0,False,21.754,39.371,22.399,166.0,164.0,265.0,284.0,83.524,R
RIC,RB,HARD,5.0,False,22.171,39.212,22.361,179.0,173.0,262.0,283.0,83.744,R
RIC,RB,HARD,6.0,False,21.911,38.8,22.037,192.0,165.0,262.0,273.0,82.748,R
RIC,RB,HARD,7.0,False,22.074,38.612,22.061,180.0,164.0,264.0,272.0,82.747,R
RIC,RB,HARD,8.0,False,21.868,38.303,22.262,187.0,164.0,262.0,284.0,82.433,R
RIC,RB,HARD,9.0,False,21.451,38.022,22.055,194.0,165.0,261.0,272.0,81.528,R
RIC,RB,HARD,10.0,False,21.74,38.36,21.876,182.0,163.0,262.0,271.0,81.976,R
RIC,RB,HARD,11.0,False,21.7,37.977,21.853,184.0,164.0,262.0,274.0,81.53,R
RIC,RB,HARD,12.0,False,21.519,37.996,21.762,187.0,164.0,262.0,270.0,81.277,R
RIC,RB,HARD,13.0,False,21.45,38.193,21.773,183.0,167.0,262.0,266.0,81.416,R
RIC,RB,HARD,14.0,False,21.668,37.995,21.728,187.0,170.0,262.0,265.0,81.391,R
RIC,RB,HARD,15.0,False,21.389,38.171,21.617,191.0,171.0,259.0,274.0,81.177,R
RIC,RB,HARD,16.0,False,21.332,38.13,21.663,194.0,171.0,262.0,279.0,81.125,R
RIC,RB,HARD,17.0,False,21.334,37.899,21.629,190.0,169.0,261.0,280.0,80.862,R
RIC,RB,HARD,18.0,False,21.486,38.035,21.587,198.0,173.0,261.0,274.0,81.108,R
RIC,RB,HARD,19.0,False,21.437,38.184,21.689,191.0,175.0,255.0,282.0,81.31,R
RIC,RB,HARD,20.0,False,21.16,38.339,21.443,194.0,170.0,255.0,269.0,80.942,R
RIC,RB,HARD,21.0,False,21.205,37.822,21.79,199.0,174.0,253.0,278.0,80.817,R
RIC,RB,HARD,22.0,False,21.09,38.262,21.497,201.0,167.0,255.0,260.0,80.849,R
RIC,RB,HARD,23.0,False,21.236,37.948,21.478,196.0,179.0,254.0,266.0,80.662,R
RIC,RB,HARD,24.0,False,20.907,37.885,21.556,195.0,172.0,260.0,269.0,80.348,R
RIC,RB,HARD,25.0,False,21.168,37.992,21.869,191.0,173.0,261.0,271.0,81.029,R
RIC,RB,HARD,26.0,False,21.346,37.729,21.616,197.0,176.0,261.0,271.0,80.691,R
RIC,RB,HARD,27.0,False,21.579,37.917,21.869,194.0,167.0,260.0,272.0,81.365,R
RIC,RB,HARD,28.0,False,21.734,38.034,21.798,197.0,173.0,261.0,271.0,81.566,R
RIC,RB,HARD,29.0,False,21.618,37.943,21.704,200.0,173.0,262.0,272.0,81.265,R
RIC,RB,HARD,30.0,False,21.548,37.756,21.596,199.0,172.0,262.0,269.0,80.9,R
RIC,RB,HARD,31.0,False,21.417,37.636,21.65,200.0,177.0,261.0,273.0,80.703,R
RIC,RB,HARD,32.0,False,21.516,37.91,21.514,200.0,168.0,263.0,266.0,80.94,R
RIC,RB,HARD,33.0,False,21.207,37.445,21.743,199.0,171.0,262.0,277.0,80.395,R
RIC,RB,HARD,34.0,False,21.215,37.682,21.943,184.0,183.0,261.0,277.0,80.84,R
RIC,RB,HARD,35.0,False,21.105,37.755,21.68,205.0,172.0,262.0,276.0,80.54,R
RIC,RB,HARD,36.0,False,21.513,38.035,21.578,196.0,169.0,262.0,272.0,81.126,R
RIC,RB,HARD,37.0,False,21.582,38.074,21.702,198.0,171.0,264.0,272.0,81.358,R
RIC,RB,HARD,38.0,False,21.613,37.83,21.656,199.0,175.0,264.0,271.0,81.099,R
RIC,RB,HARD,39.0,False,21.466,38.163,21.626,197.0,175.0,264.0,270.0,81.255,R
RIC,RB,HARD,40.0,False,21.292,38.038,21.54,199.0,183.0,263.0,268.0,80.87,R
RIC,RB,HARD,41.0,False,22.294,38.546,24.378,161.0,154.0,262.0,268.0,85.218,R
RIC,RB,HARD,42.0,False,21.932,38.194,21.401,175.0,181.0,264.0,273.0,81.527,R
RIC,RB,HARD,43.0,False,21.041,38.257,21.755,188.0,175.0,257.0,256.0,81.053,R
RIC,RB,HARD,44.0,False,20.37,36.746,20.887,195.0,192.0,265.0,279.0,78.003,R
RIC,RB,HARD,45.0,False,21.241,38.59,21.93,192.0,170.0,255.0,266.0,81.761,R
RIC,RB,HARD,46.0,False,20.128,36.366,20.678,200.0,191.0,265.0,279.0,77.172,R
RIC,RB,HARD,47.0,False,21.023,37.949,22.099,191.0,171.0,255.0,269.0,81.071,R
RIC,RB,HARD,48.0,False,20.173,36.242,21.867,204.0,181.0,264.0,278.0,78.282,R
RIC,RB,HARD,49.0,False,21.326,37.163,21.348,197.0,183.0,265.0,280.0,79.837,R
RIC,RB,HARD,50.0,False,21.024,37.197,21.575,196.0,183.0,262.0,280.0,79.796,R
RIC,RB,HARD,51.0,False,20.96,38.146,23.577,189.0,168.0,262.0,259.0,82.683,R
RIC,RB,HARD,52.0,False,20.643,38.536,21.517,189.0,170.0,270.0,280.0,80.696,R
RIC,RB,HARD,53.0,False,21.237,37.601,21.241,187.0,177.0,267.0,280.0,80.079,R
RIC,RB,HARD,54.0,False,20.964,37.136,21.076,203.0,183.0,267.0,280.0,79.176,R
RIC,RB,HARD,55.0,False,21.059,37.324,21.074,201.0,185.0,266.0,278.0,79.457,R
RIC,RB,HARD,56.0,False,21.726,37.908,22.373,154.0,173.0,226.0,271.0,82.007,R
RIC,RB,HARD,57.0,False,21.529,37.023,21.12,200.0,182.0,263.0,278.0,79.672,R
RIC,RB,HARD,58.0,False,20.707,37.181,21.231,200.0,188.0,264.0,280.0,79.119,R
RIC,RB,HARD,59.0,False,20.851,37.117,20.968,197.0,190.0,268.0,279.0,78.936,R
RIC,RB,HARD,60.0,False,21.09,37.077,21.063,204.0,184.0,265.0,279.0,79.23,R
RIC,RB,HARD,61.0,False,20.756,37.022,20.993,203.0,187.0,265.0,280.0,78.771,R
RIC,RB,HARD,62.0,False,20.906,37.002,21.069,204.0,181.0,264.0,280.0,78.977,R
RIC,RB,HARD,63.0,False,20.639,36.954,21.212,204.0,182.0,264.0,279.0,78.805,R
RIC,RB,HARD,64.0,False,20.598,37.056,20.983,206.0,183.0,265.0,273.0,78.637,R
RIC,RB,HARD,65.0,False,20.594,36.983,21.153,201.0,184.0,264.0,273.0,78.73,R
RIC,RB,HARD,66.0,False,20.435,36.938,20.875,202.0,185.0,267.0,280.0,78.248,R
RIC,RB,HARD,67.0,False,20.633,36.902,20.684,199.0,189.0,266.0,274.0,78.219,R
RIC,RB,HARD,68.0,False,20.473,36.811,20.832,202.0,191.0,265.0,275.0,78.116,R
RIC,RB,HARD,69.0,False,20.405,36.982,20.999,202.0,189.0,267.0,279.0,78.386,R
RIC,RB,HARD,70.0,False,20.715,36.965,21.026,201.0,190.0,264.0,279.0,78.706,R
RIC,RB,HARD,71.0,False,20.438,36.822,20.848,203.0,191.0,266.0,279.0,78.108,R
RIC,RB,HARD,72.0,False,20.507,36.906,20.655,204.0,188.0,266.0,273.0,78.068,R
RIC,RB,HARD,73.0,False,20.501,36.922,21.089,200.0,186.0,266.0,276.0,78.512,R
RIC,RB,HARD,74.0,False,21.82,37.37,21.168,143.0,180.0,266.0,280.0,80.358,R
RIC,RB,HARD,75.0,False,20.617,37.121,20.907,199.0,186.0,267.0,282.0,78.645,R
RIC,RB,HARD,76.0,False,20.56,37.196,21.174,202.0,182.0,265.0,281.0,78.93,R
BOT,Kick Sauber,MEDIUM,2.0,True,26.404,41.019,22.32,170.0,170.0,257.0,282.0,89.743,R
BOT,Kick Sauber,MEDIUM,3.0,True,21.552,39.408,22.426,174.0,174.0,266.0,282.0,83.386,R
BOT,Kick Sauber,MEDIUM,4.0,True,22.024,39.36,22.252,178.0,176.0,267.0,283.0,83.636,R
BOT,Kick Sauber,MEDIUM,5.0,True,22.058,38.681,22.129,179.0,173.0,267.0,284.0,82.868,R
BOT,Kick Sauber,MEDIUM,6.0,True,22.041,38.592,22.199,180.0,176.0,267.0,283.0,82.832,R
BOT,Kick Sauber,MEDIUM,7.0,True,21.812,38.218,22.219,177.0,174.0,269.0,284.0,82.249,R
BOT,Kick Sauber,MEDIUM,8.0,True,21.618,37.945,22.152,194.0,174.0,264.0,281.0,81.715,R
BOT,Kick Sauber,MEDIUM,9.0,True,21.679,38.267,22.001,175.0,176.0,265.0,283.0,81.947,R
BOT,Kick Sauber,MEDIUM,10.0,True,21.731,37.814,22.002,171.0,175.0,265.0,282.0,81.547,R
BOT,Kick Sauber,MEDIUM,11.0,True,21.655,37.769,21.904,185.0,176.0,266.0,281.0,81.328,R
BOT,Kick Sauber,MEDIUM,12.0,True,21.584,37.888,22.068,181.0,174.0,264.0,282.0,81.54,R
BOT,Kick Sauber,MEDIUM,13.0,True,21.574,37.928,21.719,185.0,178.0,265.0,283.0,81.221,R
BOT,Kick Sauber,HARD,3.0,False,20.39,35.884,20.287,203.0,188.0,255.0,275.0,76.561,R
BOT,Kick Sauber,HARD,4.0,False,20.228,35.938,20.401,203.0,188.0,255.0,277.0,76.567,R
BOT,Kick Sauber,HARD,5.0,False,20.158,36.855,20.816,205.0,183.0,256.0,279.0,77.829,R
BOT,Kick Sauber,HARD,6.0,False,20.653,37.12,21.351,198.0,179.0,264.0,280.0,79.124,R
BOT,Kick Sauber,HARD,7.0,False,20.932,37.656,21.874,187.0,179.0,266.0,282.0,80.462,R
BOT,Kick Sauber,HARD,8.0,False,21.302,38.132,21.588,187.0,179.0,266.0,278.0,81.022,R
BOT,Kick Sauber,HARD,9.0,False,21.34,37.86,21.55,186.0,178.0,266.0,281.0,80.75,R
BOT,Kick Sauber,HARD,10.0,False,21.134,37.742,21.688,184.0,176.0,265.0,279.0,80.564,R
BOT,Kick Sauber,HARD,11.0,False,21.287,37.715,21.781,184.0,180.0,265.0,280.0,80.783,R
BOT,Kick Sauber,HARD,12.0,False,21.321,38.06,21.47,181.0,179.0,265.0,280.0,80.851,R
BOT,Kick Sauber,HARD,13.0,False,21.378,38.235,21.757,181.0,177.0,264.0,275.0,81.37,R
BOT,Kick Sauber,HARD,14.0,False,21.32,38.759,21.686,185.0,175.0,258.0,267.0,81.765,R
BOT,Kick Sauber,HARD,15.0,False,21.182,38.157,21.518,177.0,178.0,267.0,280.0,80.857,R
BOT,Kick Sauber,HARD,16.0,False,21.597,38.18,21.693,181.0,179.0,264.0,276.0,81.47,R
BOT,Kick Sauber,HARD,17.0,False,21.297,37.99,21.465,176.0,179.0,259.0,279.0,80.752,R
BOT,Kick Sauber,HARD,18.0,False,21.194,38.049,21.415,183.0,181.0,267.0,278.0,80.658,R
BOT,Kick Sauber,HARD,19.0,False,21.168,37.732,21.625,183.0,179.0,266.0,279.0,80.525,R
BOT,Kick Sauber,HARD,20.0,False,21.158,37.737,22.008,181.0,180.0,264.0,279.0,80.903,R
BOT,Kick Sauber,HARD,21.0,False,21.49,37.533,21.231,180.0,181.0,266.0,280.0,80.254,R
BOT,Kick Sauber,HARD,22.0,False,21.252,38.201,21.743,176.0,178.0,265.0,278.0,81.196,R
BOT,Kick Sauber,HARD,23.0,False,21.278,38.735,21.373,176.0,177.0,260.0,272.0,81.386,R
BOT,Kick Sauber,HARD,24.0,False,21.29,38.072,21.586,176.0,179.0,267.0,274.0,80.948,R
BOT,Kick Sauber,HARD,25.0,False,21.351,38.707,23.114,178.0,172.0,232.0,278.0,83.172,R
BOT,Kick Sauber,HARD,26.0,False,25.699,36.982,20.91,184.0,184.0,261.0,281.0,83.591,R
BOT,Kick Sauber,HARD,27.0,False,20.84,37.609,21.781,184.0,176.0,267.0,282.0,80.23,R
BOT,Kick Sauber,HARD,28.0,False,21.522,38.992,21.595,166.0,177.0,267.0,280.0,82.109,R
BOT,Kick Sauber,HARD,29.0,False,21.295,37.891,21.726,185.0,178.0,266.0,282.0,80.912,R
BOT,Kick Sauber,HARD,30.0,False,20.988,37.634,21.15,191.0,182.0,259.0,282.0,79.772,R
BOT,Kick Sauber,HARD,31.0,False,20.596,37.595,21.852,199.0,177.0,268.0,283.0,80.043,R
BOT,Kick Sauber,HARD,32.0,False,21.056,38.04,21.321,180.0,180.0,267.0,278.0,80.417,R
BOT,Kick Sauber,HARD,33.0,False,21.815,40.364,20.79,96.0,186.0,267.0,281.0,82.969,R
BOT,Kick Sauber,HARD,34.0,False,20.614,36.907,23.041,189.0,185.0,266.0,282.0,80.562,R
BOT,Kick Sauber,HARD,35.0,False,21.0,38.43,21.388,166.0,176.0,268.0,286.0,80.818,R
BOT,Kick Sauber,HARD,36.0,False,21.11,37.782,21.347,187.0,181.0,266.0,284.0,80.239,R
BOT,Kick Sauber,HARD,37.0,False,20.383,36.319,20.503,198.0,187.0,257.0,278.0,77.205,R
BOT,Kick Sauber,HARD,38.0,False,20.149,36.375,20.678,203.0,187.0,259.0,278.0,77.202,R
BOT,Kick Sauber,HARD,39.0,False,20.365,36.897,21.194,199.0,180.0,269.0,281.0,78.456,R
BOT,Kick Sauber,HARD,40.0,False,21.01,37.292,21.101,185.0,183.0,268.0,282.0,79.403,R
BOT,Kick Sauber,HARD,41.0,False,20.934,37.504,21.937,189.0,183.0,215.0,281.0,80.375,R
BOT,Kick Sauber,HARD,42.0,False,20.934,39.91,20.813,184.0,175.0,261.0,284.0,81.657,R
BOT,Kick Sauber,HARD,43.0,False,20.852,37.066,21.076,192.0,184.0,268.0,283.0,78.994,R
BOT,Kick Sauber,HARD,44.0,False,20.765,37.415,21.1,194.0,183.0,267.0,282.0,79.28,R
BOT,Kick Sauber,HARD,45.0,False,20.786,37.292,20.921,191.0,184.0,268.0,282.0,78.999,R
BOT,Kick Sauber,HARD,46.0,False,20.849,37.273,20.947,188.0,184.0,269.0,282.0,79.069,R
BOT,Kick Sauber,HARD,47.0,False,20.646,37.139,20.838,195.0,184.0,270.0,283.0,78.623,R
BOT,Kick Sauber,HARD,48.0,False,20.844,37.164,20.956,191.0,181.0,269.0,283.0,78.964,R
BOT,Kick Sauber,HARD,49.0,False,20.788,36.997,21.239,200.0,183.0,269.0,282.0,79.024,R
BOT,Kick Sauber,HARD,50.0,False,20.483,36.993,21.055,203.0,183.0,269.0,281.0,78.531,R
BOT,Kick Sauber,HARD,51.0,False,20.564,37.167,20.911,191.0,183.0,270.0,281.0,78.642,R
BOT,Kick Sauber,HARD,52.0,False,20.511,36.989,20.883,192.0,182.0,269.0,281.0,78.383,R
BOT,Kick Sauber,HARD,53.0,False,20.673,37.024,20.77,189.0,185.0,268.0,280.0,78.467,R
BOT,Kick Sauber,HARD,54.0,False,20.418,36.904,20.73,194.0,187.0,269.0,280.0,78.052,R
BOT,Kick Sauber,HARD,55.0,False,20.388,36.787,20.913,197.0,183.0,268.0,282.0,78.088,R
BOT,Kick Sauber,HARD,56.0,False,20.81,37.145,20.823,193.0,183.0,269.0,281.0,78.778,R
BOT,Kick Sauber,HARD,57.0,False,20.559,36.926,20.619,194.0,183.0,270.0,281.0,78.104,R
BOT,Kick Sauber,HARD,58.0,False,20.615,36.905,20.827,198.0,182.0,268.0,281.0,78.347,R
BOT,Kick Sauber,HARD,59.0,False,20.643,38.66,20.765,196.0,177.0,269.0,280.0,80.068,R
BOT,Kick Sauber,HARD,60.0,False,20.309,36.981,21.028,189.0,180.0,271.0,285.0,78.318,R
BOT,Kick Sauber,HARD,61.0,False,20.906,37.135,20.738,195.0,180.0,272.0,284.0,78.779,R
BOT,Kick Sauber,HARD,62.0,False,20.593,37.242,20.939,193.0,184.0,270.0,283.0,78.774,R
STR,Aston Martin,MEDIUM,3.0,False,25.677,40.557,22.069,165.0,177.0,262.0,270.0,88.303,R
STR,Aston Martin,MEDIUM,4.0,False,22.061,39.219,22.074,170.0,178.0,269.0,278.0,83.354,R
STR,Aston Martin,MEDIUM,5.0,False,22.635,39.111,21.985,164.0,176.0,266.0,270.0,83.731,R
STR,Aston Martin,MEDIUM,6.0,False,22.27,38.549,22.158,167.0,175.0,266.0,285.0,82.977,R
STR,Aston Martin,MEDIUM,7.0,False,22.108,38.619,21.907,165.0,180.0,259.0,277.0,82.634,R
STR,Aston Martin,MEDIUM,8.0,False,21.713,38.133,21.807,170.0,179.0,259.0,268.0,81.653,R
STR,Aston Martin,MEDIUM,9.0,False,21.688,38.358,22.044,168.0,181.0,265.0,268.0,82.09,R
STR,Aston Martin,MEDIUM,10.0,False,21.646,38.242,21.837,172.0,176.0,259.0,272.0,81.725,R
STR,Aston Martin,MEDIUM,11.0,False,21.36,38.334,21.823,175.0,176.0,257.0,275.0,81.517,R
STR,Aston Martin,MEDIUM,12.0,False,21.177,38.425,21.869,169.0,164.0,258.0,268.0,81.471,R
STR,Aston Martin,MEDIUM,13.0,False,21.223,38.017,22.074,170.0,172.0,256.0,268.0,81.314,R
STR,Aston Martin,MEDIUM,14.0,False,20.801,37.389,22.237,193.0,182.0,256.0,267.0,80.427,R
STR,Aston Martin,MEDIUM,15.0,False,21.07,37.758,21.953,181.0,170.0,257.0,275.0,80.781,R
STR,Aston Martin,MEDIUM,16.0,False,21.576,37.784,21.829,168.0,182.0,255.0,276.0,81.189,R
STR,Aston Martin,MEDIUM,17.0,False,21.68,38.423,21.867,156.0,182.0,255.0,271.0,81.97,R
STR,Aston Martin,MEDIUM,18.0,False,21.328,37.86,21.51,177.0,182.0,255.0,273.0,80.698,R
STR,Aston Martin,MEDIUM,19.0,False,21.281,37.134,21.938,182.0,181.0,255.0,279.0,80.353,R
STR,Aston Martin,MEDIUM,20.0,False,20.88,37.147,21.371,186.0,183.0,257.0,279.0,79.398,R
STR,Aston Martin,MEDIUM,21.0,False,20.854,37.059,21.103,186.0,184.0,250.0,281.0,79.016,R
STR,Aston Martin,MEDIUM,22.0,False,21.677,37.718,21.912,170.0,181.0,260.0,277.0,81.307,R
STR,Aston Martin,MEDIUM,23.0,False,21.372,38.086,21.73,175.0,176.0,259.0,262.0,81.188,R
STR,Aston Martin,MEDIUM,24.0,False,21.615,38.073,21.933,184.0,179.0,259.0,274.0,81.621,R
STR,Aston Martin,MEDIUM,25.0,False,21.01,37.97,21.526,189.0,181.0,257.0,279.0,80.506,R
STR,Aston Martin,MEDIUM,26.0,False,21.064,37.845,21.68,183.0,179.0,258.0,279.0,80.589,R
STR,Aston Martin,MEDIUM,27.0,False,20.676,37.768,21.863,189.0,175.0,258.0,276.0,80.307,R
STR,Aston Martin,MEDIUM,28.0,False,21.068,37.569,21.494,187.0,174.0,259.0,277.0,80.131,R
STR,Aston Martin,MEDIUM,29.0,False,20.986,37.085,21.393,190.0,185.0,257.0,279.0,79.464,R
STR,Aston Martin,MEDIUM,30.0,False,21.242,37.987,22.193,167.0,172.0,259.0,278.0,81.422,R
STR,Aston Martin,MEDIUM,31.0,False,22.064,38.602,21.869,166.0,177.0,258.0,274.0,82.535,R
STR,Aston Martin,MEDIUM,32.0,False,21.475,37.876,21.901,177.0,177.0,258.0,276.0,81.252,R
STR,Aston Martin,MEDIUM,33.0,False,21.06,37.742,21.734,179.0,178.0,258.0,276.0,80.536,R
STR,Aston Martin,MEDIUM,34.0,False,20.814,37.648,21.327,183.0,185.0,259.0,274.0,79.789,R
STR,Aston Martin,MEDIUM,35.0,False,20.895,37.055,21.547,177.0,184.0,260.0,280.0,79.497,R
STR,Aston Martin,MEDIUM,36.0,False,20.785,37.112,21.4,191.0,180.0,259.0,280.0,79.297,R
STR,Aston Martin,MEDIUM,37.0,False,20.936,37.247,21.455,185.0,185.0,266.0,278.0,79.638,R
STR,Aston Martin,MEDIUM,38.0,False,21.191,37.187,21.328,186.0,185.0,258.0,279.0,79.706,R
STR,Aston Martin,MEDIUM,39.0,False,21.184,37.236,21.447,182.0,184.0,266.0,279.0,79.867,R
STR,Aston Martin,MEDIUM,40.0,False,21.374,37.532,21.544,190.0,184.0,266.0,277.0,80.45,R
STR,Aston Martin,MEDIUM,41.0,False,21.21,37.513,21.477,190.0,186.0,266.0,278.0,80.2,R
STR,Aston Martin,HARD,4.0,False,20.552,37.005,20.994,182.0,186.0,260.0,278.0,78.551,R
STR,Aston Martin,HARD,5.0,False,20.484,37.023,21.299,187.0,188.0,259.0,279.0,78.806,R
STR,Aston Martin,HARD,6.0,False,20.529,36.671,21.096,192.0,184.0,259.0,281.0,78.296,R
STR,Aston Martin,HARD,7.0,False,20.222,36.815,21.025,187.0,185.0,260.0,279.0,78.062,R
STR,Aston Martin,SOFT,2.0,True,20.305,36.497,20.986,195.0,184.0,259.0,280.0,77.788,R
STR,Aston Martin,SOFT,3.0,True,20.155,36.191,20.636,201.0,188.0,258.0,280.0,76.982,R
STR,Aston Martin,SOFT,4.0,True,20.008,36.517,20.825,196.0,189.0,260.0,281.0,77.35,R
STR,Aston Martin,SOFT,5.0,True,20.14,38.505,22.902,198.0,181.0,267.0,250.0,81.547,R
STR,Aston Martin,SOFT,6.0,True,20.602,38.634,21.335,178.0,179.0,272.0,273.0,80.571,R
STR,Aston Martin,SOFT,7.0,True,21.262,37.584,21.117,186.0,185.0,260.0,262.0,79.963,R
STR,Aston Martin,SOFT,8.0,True,20.547,35.89,20.842,200.0,188.0,259.0,278.0,77.279,R
STR,Aston Martin,SOFT,9.0,True,20.106,35.937,20.871,202.0,188.0,261.0,281.0,76.914,R
STR,Aston Martin,SOFT,10.0,True,20.193,36.244,20.719,198.0,191.0,260.0,281.0,77.156,R
STR,Aston Martin,SOFT,11.0,True,19.891,35.991,20.828,200.0,189.0,263.0,281.0,76.71,R
STR,Aston Martin,SOFT,12.0,True,20.162,36.547,20.617,196.0,189.0,271.0,278.0,77.326,R
STR,Aston Martin,SOFT,13.0,True,20.494,36.945,20.859,190.0,185.0,274.0,283.0,78.298,R
STR,Aston Martin,SOFT,14.0,True,20.936,37.065,21.069,189.0,186.0,273.0,283.0,79.07,R
STR,Aston Martin,SOFT,15.0,True,20.758,36.95,21.392,194.0,184.0,272.0,283.0,79.1,R
STR,Aston Martin,SOFT,16.0,True,20.463,36.961,21.001,194.0,187.0,273.0,282.0,78.425,R
STR,Aston Martin,SOFT,17.0,True,20.644,37.021,21.067,196.0,187.0,270.0,282.0,78.732,R
STR,Aston Martin,SOFT,18.0,True,20.611,37.007,21.13,199.0,189.0,271.0,281.0,78.748,R
STR,Aston Martin,SOFT,19.0,True,20.703,36.929,21.004,196.0,186.0,270.0,281.0,78.636,R
STR,Aston Martin,SOFT,20.0,True,20.359,36.667,21.031,198.0,187.0,270.0,281.0,78.057,R
STR,Aston Martin,SOFT,21.0,True,20.38,36.796,21.099,197.0,186.0,264.0,281.0,78.275,R
STR,Aston Martin,SOFT,22.0,True,20.529,37.064,20.964,194.0,191.0,271.0,281.0,78.557,R
STR,Aston Martin,SOFT,23.0,True,20.412,36.958,21.094,200.0,189.0,263.0,281.0,78.464,R
STR,Aston Martin,SOFT,24.0,True,20.367,37.025,20.94,197.0,189.0,262.0,280.0,78.332,R
STR,Aston Martin,SOFT,25.0,True,20.332,39.233,21.144,199.0,189.0,262.0,281.0,80.709,R
STR,Aston Martin,SOFT,26.0,True,20.371,36.747,21.112,195.0,189.0,263.0,280.0,78.23,R
STR,Aston Martin,SOFT,27.0,True,20.386,37.011,21.114,197.0,187.0,264.0,282.0,78.511,R
STR,Aston Martin,SOFT,28.0,True,20.405,37.002,21.216,194.0,188.0,243.0,281.0,78.623,R
SAR,Williams,HARD,3.0,False,26.856,40.929,22.292,168.0,172.0,258.0,281.0,90.077,R
SAR,Williams,HARD,4.0,False,21.741,39.183,22.758,180.0,169.0,265.0,277.0,83.682,R
SAR,Williams,HARD,5.0,False,21.831,39.228,22.615,177.0,172.0,266.0,279.0,83.674,R
SAR,Williams,HARD,6.0,False,21.755,38.678,22.306,177.0,165.0,264.0,276.0,82.739,R
SAR,Williams,HARD,7.0,False,21.942,38.54,22.417,182.0,167.0,266.0,275.0,82.899,R
SAR,Williams,HARD,8.0,False,21.582,38.156,22.483,178.0,170.0,265.0,277.0,82.221,R
SAR,Williams,HARD,9.0,False,21.538,37.874,22.267,188.0,168.0,266.0,281.0,81.679,R
SAR,Williams,HARD,10.0,False,21.541,38.354,22.049,172.0,172.0,267.0,282.0,81.944,R
SAR,Williams,HARD,11.0,False,21.574,37.832,22.086,175.0,170.0,267.0,283.0,81.492,R
SAR,Williams,HARD,12.0,False,21.621,37.875,21.908,182.0,174.0,267.0,284.0,81.404,R
SAR,Williams,HARD,13.0,False,21.43,37.879,22.19,189.0,171.0,267.0,279.0,81.499,R
SAR,Williams,HARD,14.0,False,21.48,37.897,21.842,187.0,173.0,266.0,285.0,81.219,R
SAR,Williams,HARD,15.0,False,21.472,38.159,21.709,188.0,171.0,263.0,280.0,81.34,R
SAR,Williams,HARD,16.0,False,20.927,37.89,21.829,197.0,173.0,264.0,280.0,80.646,R
SAR,Williams,HARD,17.0,False,21.263,37.825,21.928,191.0,175.0,263.0,280.0,81.016,R
SAR,Williams,HARD,18.0,False,21.234,37.936,21.861,193.0,173.0,263.0,281.0,81.031,R
SAR,Williams,HARD,19.0,False,21.335,38.02,21.866,194.0,167.0,263.0,281.0,81.221,R
SAR,Williams,HARD,20.0,False,21.147,38.153,21.553,191.0,167.0,264.0,280.0,80.853,R
SAR,Williams,HARD,21.0,False,21.285,37.812,21.752,193.0,169.0,264.0,281.0,80.849,R
SAR,Williams,HARD,22.0,False,21.237,38.089,21.571,193.0,167.0,263.0,281.0,80.897,R
SAR,Williams,HARD,23.0,False,21.24,37.907,21.446,193.0,171.0,264.0,280.0,80.593,R
SAR,Williams,HARD,24.0,False,21.011,37.72,21.664,199.0,172.0,264.0,281.0,80.395,R
SAR,Williams,HARD,25.0,False,21.186,37.918,21.799,192.0,169.0,265.0,281.0,80.903,R
SAR,Williams,HARD,26.0,False,21.388,37.795,21.746,190.0,172.0,265.0,282.0,80.929,R
SAR,Williams,HARD,27.0,False,21.389,37.969,21.873,192.0,173.0,265.0,280.0,81.231,R
SAR,Williams,HARD,28.0,False,21.725,38.047,21.832,187.0,169.0,265.0,281.0,81.604,R
SAR,Williams,HARD,29.0,False,21.525,37.905,21.904,197.0,172.0,265.0,280.0,81.334,R
SAR,Williams,HARD,30.0,False,21.438,37.701,21.701,190.0,178.0,264.0,280.0,80.84,R
SAR,Williams,HARD,31.0,False,21.304,37.708,21.763,193.0,175.0,265.0,280.0,80.775,R
SAR,Williams,HARD,32.0,False,21.346,37.737,21.714,193.0,175.0,265.0,281.0,80.797,R
SAR,Williams,HARD,33.0,False,21.295,37.569,21.666,193.0,176.0,265.0,280.0,80.53,R
SAR,Williams,HARD,34.0,False,21.107,37.635,21.996,197.0,174.0,268.0,282.0,80.738,R
SAR,Williams,HARD,35.0,False,21.221,37.6,21.763,196.0,170.0,267.0,282.0,80.584,R
SAR,Williams,HARD,36.0,False,21.506,37.834,21.794,196.0,172.0,267.0,282.0,81.134,R
SAR,Williams,HARD,37.0,False,21.501,38.001,21.902,197.0,169.0,266.0,282.0,81.404,R
SAR,Williams,HARD,38.0,False,21.462,37.841,21.828,200.0,170.0,267.0,281.0,81.131,R
SAR,Williams,HARD,39.0,False,21.384,38.043,21.846,197.0,171.0,266.0,281.0,81.273,R
SAR,Williams,HARD,40.0,False,21.227,37.878,22.675,194.0,173.0,233.0,280.0,81.78,R
SAR,Williams,HARD,41.0,False,21.524,40.94,21.914,189.0,175.0,260.0,249.0,84.378,R
SAR,Williams,HARD,42.0,False,21.73,38.385,21.755,192.0,174.0,265.0,281.0,81.87,R
SAR,Williams,HARD,43.0,False,21.033,37.794,21.725,197.0,173.0,266.0,282.0,80.552,R
SAR,Williams,HARD,44.0,False,20.889,37.323,21.299,199.0,182.0,258.0,282.0,79.511,R
SAR,Williams,HARD,45.0,False,20.922,38.046,21.752,194.0,175.0,258.0,282.0,80.72,R
SAR,Williams,HARD,46.0,False,20.964,37.598,21.562,201.0,178.0,253.0,279.0,80.124,R
SAR,Williams,HARD,47.0,False,20.969,37.668,21.251,200.0,179.0,256.0,278.0,79.888,R
SAR,Williams,HARD,48.0,False,20.941,37.593,22.436,201.0,178.0,184.0,278.0,80.97,R
SAR,Williams,HARD,49.0,False,23.115,39.299,21.552,186.0,176.0,255.0,280.0,83.966,R
SAR,Williams,HARD,50.0,False,21.048,37.75,21.494,198.0,178.0,256.0,278.0,80.292,R
SAR,Williams,HARD,51.0,False,21.035,39.022,21.76,190.0,173.0,255.0,279.0,81.817,R
SAR,Williams,HARD,52.0,False,21.105,38.055,21.62,200.0,177.0,255.0,277.0,80.78,R
SAR,Williams,HARD,53.0,False,20.956,37.797,22.565,201.0,179.0,263.0,277.0,81.318,R
SAR,Williams,HARD,54.0,False,21.983,38.675,21.631,167.0,177.0,256.0,279.0,82.289,R
SAR,Williams,HARD,55.0,False,21.022,37.718,21.602,205.0,178.0,258.0,279.0,80.342,R
SAR,Williams,HARD,56.0,False,21.793,38.053,21.628,198.0,176.0,256.0,281.0,81.474,R
SAR,Williams,MEDIUM,2.0,True,19.801,35.692,20.101,212.0,190.0,259.0,278.0,75.594,R
SAR,Williams,MEDIUM,3.0,True,19.777,35.627,20.176,210.0,190.0,259.0,278.0,75.58,R
SAR,Williams,MEDIUM,4.0,True,19.89,35.556,20.112,212.0,191.0,258.0,278.0,75.558,R
SAR,Williams,MEDIUM,5.0,True,19.733,35.631,20.161,212.0,191.0,259.0,278.0,75.525,R
SAR,Williams,MEDIUM,6.0,True,19.671,35.794,20.223,212.0,190.0,259.0,278.0,75.688,R
SAR,Williams,MEDIUM,7.0,True,19.927,35.952,21.016,206.0,183.0,269.0,280.0,76.895,R
SAR,Williams,MEDIUM,8.0,True,20.922,37.545,21.402,198.0,179.0,267.0,285.0,79.869,R
SAR,Williams,MEDIUM,9.0,True,20.93,37.695,22.174,192.0,178.0,215.0,288.0,80.799,R
SAR,Williams,MEDIUM,10.0,True,20.519,37.497,22.331,184.0,180.0,213.0,285.0,80.347,R
SAR,Williams,MEDIUM,11.0,True,22.775,36.827,20.402,175.0,187.0,261.0,282.0,80.004,R
SAR,Williams,MEDIUM,12.0,True,19.786,35.869,20.422,212.0,187.0,268.0,283.0,76.077,R
SAR,Williams,MEDIUM,13.0,True,20.177,36.262,20.427,203.0,190.0,269.0,284.0,76.866,R
SAR,Williams,MEDIUM,14.0,True,19.937,35.991,20.398,207.0,188.0,269.0,284.0,76.326,R
SAR,Williams,MEDIUM,15.0,True,19.872,36.122,20.408,205.0,186.0,268.0,284.0,76.402,R
SAR,Williams,MEDIUM,16.0,True,19.871,36.033,20.466,209.0,186.0,271.0,286.0,76.37,R
SAR,Williams,MEDIUM,17.0,True,20.047,36.521,20.295,204.0,181.0,268.0,285.0,76.863,R
SAR,Williams,MEDIUM,18.0,True,19.872,35.946,20.506,209.0,187.0,269.0,286.0,76.324,R
SAR,Williams,MEDIUM,19.0,True,20.107,36.716,20.374,206.0,182.0,260.0,286.0,77.197,R
ZHO,Kick Sauber,HARD,2.0,True,26.896,41.393,22.107,158.0,178.0,255.0,277.0,90.396,R
ZHO,Kick Sauber,HARD,3.0,True,21.765,39.055,22.878,177.0,175.0,264.0,278.0,83.698,R
ZHO,Kick Sauber,HARD,4.0,True,21.829,39.045,22.62,167.0,178.0,268.0,277.0,83.494,R
ZHO,Kick Sauber,HARD,5.0,True,21.728,38.731,22.19,168.0,180.0,266.0,281.0,82.649,R
ZHO,Kick Sauber,HARD,6.0,True,22.206,38.439,22.289,161.0,178.0,268.0,282.0,82.934,R
ZHO,Kick Sauber,HARD,7.0,True,21.642,38.286,22.254,175.0,179.0,267.0,279.0,82.182,R
ZHO,Kick Sauber,HARD,8.0,True,21.629,37.916,22.265,167.0,175.0,263.0,279.0,81.81,R
ZHO,Kick Sauber,HARD,9.0,True,21.518,38.27,22.156,162.0,177.0,266.0,280.0,81.944,R
ZHO,Kick Sauber,HARD,10.0,True,21.747,37.966,21.85,179.0,169.0,265.0,278.0,81.563,R
ZHO,Kick Sauber,HARD,11.0,True,21.595,37.756,21.842,174.0,183.0,266.0,282.0,81.193,R
ZHO,Kick Sauber,HARD,12.0,True,21.767,37.831,21.931,187.0,183.0,266.0,281.0,81.529,R
ZHO,Kick Sauber,HARD,13.0,True,21.602,37.891,21.771,174.0,180.0,266.0,280.0,81.264,R
ZHO,Kick Sauber,HARD,14.0,True,21.425,38.247,21.775,170.0,181.0,264.0,280.0,81.447,R
ZHO,Kick Sauber,HARD,15.0,True,21.128,37.569,21.784,193.0,176.0,267.0,283.0,80.481,R
ZHO,Kick Sauber,HARD,16.0,True,21.477,37.6,21.902,176.0,182.0,266.0,282.0,80.979,R
ZHO,Kick Sauber,HARD,17.0,True,21.373,37.878,21.66,183.0,183.0,269.0,282.0,80.911,R
ZHO,Kick Sauber,HARD,18.0,True,21.577,37.827,22.016,182.0,172.0,266.0,282.0,81.42,R
ZHO,Kick Sauber,HARD,19.0,True,21.275,37.894,21.735,184.0,181.0,267.0,282.0,80.904,R
ZHO,Kick Sauber,HARD,20.0,True,21.235,37.764,21.67,181.0,177.0,268.0,283.0,80.669,R
ZHO,Kick Sauber,HARD,21.0,True,21.441,37.938,21.704,185.0,175.0,266.0,282.0,81.083,R
ZHO,Kick Sauber,HARD,22.0,True,21.275,37.842,21.675,187.0,175.0,264.0,282.0,80.792,R
ZHO,Kick Sauber,HARD,23.0,True,21.064,37.587,21.696,186.0,175.0,266.0,281.0,80.347,R
ZHO,Kick Sauber,HARD,24.0,True,21.13,37.799,21.834,190.0,179.0,267.0,283.0,80.763,R
ZHO,Kick Sauber,HARD,25.0,True,21.433,37.643,21.793,176.0,180.0,265.0,281.0,80.869,R
ZHO,Kick Sauber,HARD,26.0,True,21.425,37.959,21.909,179.0,178.0,266.0,281.0,81.293,R
ZHO,Kick Sauber,HARD,27.0,True,21.616,38.121,21.779,168.0,180.0,266.0,281.0,81.516,R
ZHO,Kick Sauber,HARD,28.0,True,21.519,37.991,21.828,165.0,180.0,266.0,279.0,81.338,R
ZHO,Kick Sauber,HARD,29.0,True,21.481,37.892,21.671,172.0,180.0,265.0,280.0,81.044,R
ZHO,Kick Sauber,HARD,30.0,True,21.3,37.787,21.719,189.0,180.0,264.0,270.0,80.806,R
ZHO,Kick Sauber,HARD,31.0,True,21.184,37.828,21.77,179.0,180.0,265.0,281.0,80.782,R
ZHO,Kick Sauber,HARD,32.0,True,21.2,37.618,21.859,175.0,182.0,264.0,280.0,80.677,R
ZHO,Kick Sauber,HARD,33.0,True,21.114,37.666,21.956,182.0,183.0,265.0,278.0,80.736,R
ZHO,Kick Sauber,HARD,34.0,True,21.313,37.346,21.713,190.0,182.0,266.0,280.0,80.372,R
ZHO,Kick Sauber,HARD,35.0,True,21.386,37.814,21.786,177.0,182.0,267.0,278.0,80.986,R
ZHO,Kick Sauber,HARD,36.0,True,21.447,38.116,21.886,177.0,176.0,268.0,281.0,81.449,R
ZHO,Kick Sauber,HARD,37.0,True,21.375,37.829,21.886,181.0,181.0,267.0,282.0,81.09,R
ZHO,Kick Sauber,HARD,38.0,True,21.442,37.886,21.905,175.0,171.0,267.0,282.0,81.233,R
ZHO,Kick Sauber,HARD,39.0,True,21.459,39.432,24.078,185.0,183.0,193.0,279.0,84.969,R
ZHO,Kick Sauber,HARD,40.0,True,21.806,37.565,21.756,187.0,182.0,268.0,280.0,81.127,R
ZHO,Kick Sauber,HARD,41.0,True,21.693,38.58,21.684,165.0,181.0,267.0,277.0,81.957,R
ZHO,Kick Sauber,HARD,42.0,True,21.195,37.699,21.684,188.0,175.0,268.0,283.0,80.578,R
ZHO,Kick Sauber,HARD,43.0,True,21.049,37.22,21.341,188.0,181.0,266.0,282.0,79.61,R
ZHO,Kick Sauber,HARD,44.0,True,20.876,38.074,21.736,191.0,171.0,265.0,287.0,80.686,R
ZHO,Kick Sauber,HARD,45.0,True,21.067,37.671,21.408,185.0,182.0,263.0,275.0,80.146,R
ZHO,Kick Sauber,HARD,46.0,True,21.026,37.569,21.48,194.0,176.0,264.0,281.0,80.075,R
ZHO,Kick Sauber,HARD,47.0,True,20.79,39.009,22.682,190.0,179.0,260.0,283.0,82.481,R
ZHO,Kick Sauber,HARD,48.0,True,22.503,38.311,21.32,191.0,179.0,266.0,283.0,82.134,R
ZHO,Kick Sauber,HARD,49.0,True,21.094,37.718,22.134,185.0,182.0,244.0,282.0,80.946,R
ZHO,Kick Sauber,HARD,50.0,True,20.966,38.513,21.483,188.0,178.0,266.0,285.0,80.962,R
ZHO,Kick Sauber,HARD,51.0,True,21.347,38.108,21.515,183.0,180.0,264.0,285.0,80.97,R
ZHO,Kick Sauber,HARD,52.0,True,21.048,38.84,21.487,190.0,178.0,261.0,278.0,81.375,R
ZHO,Kick Sauber,HARD,53.0,True,22.0,38.781,21.372,175.0,179.0,266.0,284.0,82.153,R
ZHO,Kick Sauber,HARD,54.0,True,21.11,38.647,21.642,191.0,181.0,266.0,256.0,81.399,R
ZHO,Kick Sauber,HARD,55.0,True,21.051,37.87,21.394,183.0,182.0,267.0,284.0,80.315,R
ZHO,Kick Sauber,HARD,56.0,True,21.3,38.386,21.433,182.0,179.0,263.0,281.0,81.119,R
ZHO,Kick Sauber,HARD,57.0,True,20.885,36.909,21.001,190.0,187.0,256.0,276.0,78.795,R
ZHO,Kick Sauber,HARD,58.0,True,20.562,36.428,20.946,195.0,188.0,257.0,275.0,77.936,R
ZHO,Kick Sauber,HARD,59.0,True,20.685,36.745,21.115,203.0,185.0,256.0,276.0,78.545,R
ZHO,Kick Sauber,HARD,60.0,True,20.763,36.697,21.247,197.0,185.0,255.0,276.0,78.707,R
ZHO,Kick Sauber,HARD,61.0,True,20.796,36.763,21.258,204.0,185.0,256.0,276.0,78.817,R
ZHO,Kick Sauber,HARD,62.0,True,20.657,36.919,21.213,198.0,186.0,256.0,276.0,78.789,R
ZHO,Kick Sauber,HARD,63.0,True,20.765,37.309,21.221,194.0,182.0,258.0,275.0,79.295,R
ZHO,Kick Sauber,HARD,64.0,True,20.799,37.532,21.388,196.0,180.0,257.0,277.0,79.719,R
ZHO,Kick Sauber,HARD,65.0,True,20.941,37.572,21.236,198.0,184.0,256.0,277.0,79.749,R
ZHO,Kick Sauber,HARD,66.0,True,21.547,37.546,21.264,174.0,179.0,256.0,278.0,80.357,R
ZHO,Kick Sauber,HARD,67.0,True,23.989,39.102,22.126,175.0,180.0,256.0,277.0,85.217,R
ZHO,Kick Sauber,HARD,68.0,True,21.261,37.817,21.406,193.0,182.0,257.0,277.0,80.484,R
ZHO,Kick Sauber,SOFT,2.0,True,20.37,36.805,23.41,199.0,164.0,258.0,278.0,80.585,R
ZHO,Kick Sauber,SOFT,3.0,True,19.94,35.135,20.158,212.0,194.0,260.0,277.0,75.233,R
ZHO,Kick Sauber,SOFT,4.0,True,21.051,37.048,22.374,196.0,177.0,258.0,275.0,80.473,R
ZHO,Kick Sauber,SOFT,5.0,True,19.751,34.99,19.977,214.0,197.0,260.0,276.0,74.718,R
ZHO,Kick Sauber,SOFT,6.0,True,20.46,35.927,20.786,205.0,188.0,258.0,278.0,77.173,R
NOR,McLaren,SOFT,2.0,True,26.484,26.898,26.529,325.0,337.0,307.0,346.0,79.911,Q
NOR,McLaren,SOFT,2.0,True,26.395,26.865,26.467,325.0,337.0,314.0,349.0,79.727,Q
NOR,McLaren,SOFT,2.0,True,26.4,26.748,26.253,324.0,338.0,315.0,346.0,79.401,Q
NOR,McLaren,SOFT,2.0,True,26.492,26.579,26.256,324.0,338.0,315.0,346.0,79.327,Q
PIA,McLaren,SOFT,2.0,True,35.502,41.647,33.162,154.0,294.0,317.0,343.0,110.311,Q
PIA,McLaren,SOFT,3.0,True,26.735,26.969,26.784,325.0,334.0,310.0,345.0,80.488,Q
PIA,McLaren,SOFT,6.0,False,26.529,26.915,26.632,324.0,338.0,314.0,346.0,80.076,Q
PIA,McLaren,SOFT,2.0,True,26.434,26.822,26.552,325.0,337.0,314.0,346.0,79.808,Q
PIA,McLaren,SOFT,5.0,False,26.399,26.847,26.599,327.0,339.0,317.0,348.0,79.845,Q
PIA,McLaren,SOFT,2.0,True,26.407,26.643,26.386,323.0,337.0,315.0,345.0,79.436,Q
PIA,McLaren,SOFT,2.0,True,26.439,26.796,26.426,324.0,338.0,314.0,346.0,79.661,Q
RUS,Mercedes,SOFT,2.0,True,26.615,27.078,26.627,323.0,336.0,315.0,345.0,80.32,Q
RUS,Mercedes,SOFT,5.0,False,26.437,27.055,26.677,323.0,339.0,315.0,348.0,80.169,Q
RUS,Mercedes,SOFT,2.0,True,26.463,26.881,26.533,325.0,337.0,316.0,345.0,79.877,Q
RUS,Mercedes,SOFT,5.0,False,26.507,26.954,26.646,324.0,337.0,313.0,344.0,80.107,Q
RUS,Mercedes,SOFT,2.0,True,26.349,26.836,26.384,323.0,337.0,316.0,348.0,79.569,Q
RUS,Mercedes,SOFT,2.0,True,26.296,26.844,26.3,324.0,337.0,315.0,347.0,79.44,Q
LEC,Ferrari,SOFT,2.0,True,26.468,26.967,26.639,327.0,340.0,314.0,350.0,80.074,Q
LEC,Ferrari,SOFT,5.0,False,26.529,27.001,26.748,328.0,339.0,317.0,349.0,80.278,Q
LEC,Ferrari,SOFT,8.0,False,26.667,26.992,26.637,328.0,339.0,314.0,348.0,80.296,Q
LEC,Ferrari,SOFT,2.0,True,26.475,26.921,26.611,329.0,338.0,317.0,348.0,80.007,Q
LEC,Ferrari,SOFT,5.0,False,26.509,26.941,26.626,326.0,341.0,313.0,350.0,80.076,Q
LEC,Ferrari,SOFT,2.0,True,26.438,26.822,26.444,326.0,340.0,314.0,350.0,79.704,Q
LEC,Ferrari,SOFT,2.0,True,26.373,26.732,26.356,327.0,341.0,318.0,350.0,79.461,Q
SAI,Ferrari,SOFT,2.0,True,26.404,29.185,27.915,327.0,305.0,316.0,349.0,83.504,Q
SAI,Ferrari,SOFT,5.0,False,26.403,27.034,26.712,328.0,338.0,315.0,349.0,80.149,Q
SAI,Ferrari,SOFT,8.0,False,26.427,27.16,26.741,327.0,337.0,317.0,346.0,80.328,Q
SAI,Ferrari,SOFT,2.0,True,26.348,26.942,26.509,326.0,337.0,314.0,348.0,79.799,Q
SAI,Ferrari,SOFT,2.0,True,26.258,26.934,26.509,327.0,339.0,317.0,349.0,79.701,Q
SAI,Ferrari,SOFT,2.0,True,26.223,26.823,26.421,328.0,341.0,313.0,350.0,79.467,Q
HAM,Mercedes,SOFT,2.0,True,26.633,27.078,26.766,326.0,334.0,314.0,344.0,80.477,Q
HAM,Mercedes,SOFT,5.0,False,26.883,27.065,26.594,322.0,337.0,315.0,346.0,80.542,Q
HAM,Mercedes,SOFT,2.0,True,26.407,26.855,26.379,326.0,340.0,316.0,348.0,79.641,Q
HAM,Mercedes,SOFT,5.0,False,26.422,26.89,26.677,324.0,338.0,311.0,348.0,79.989,Q
HAM,Mercedes,SOFT,2.0,True,26.381,26.765,26.455,323.0,338.0,316.0,347.0,79.601,Q
HAM,Mercedes,SOFT,2.0,True,26.428,26.672,26.413,325.0,338.0,316.0,348.0,79.513,Q
VER,Red Bull Racing,SOFT,2.0,True,26.605,26.993,26.628,324.0,335.0,315.0,342.0,80.226,Q
VER,Red Bull Racing,SOFT,5.0,False,26.51,26.882,29.42,323.0,338.0,160.0,346.0,82.812,Q
VER,Red Bull Racing,SOFT,2.0,True,26.442,26.853,26.579,324.0,335.0,315.0,343.0,79.874,Q
VER,Red Bull Racing,SOFT,5.0,False,26.389,26.656,26.617,326.0,338.0,317.0,347.0,79.662,Q
VER,Red Bull Racing,SOFT,2.0,True,26.391,26.798,26.883,324.0,337.0,316.0,346.0,80.072,Q
VER,Red Bull Racing,SOFT,2.0,True,26.392,26.947,26.683,325.0,338.0,315.0,344.0,80.022,Q
PER,Red Bull Racing,SOFT,2.0,True,26.64,27.352,27.118,325.0,336.0,311.0,343.0,81.11,Q
PER,Red Bull Racing,SOFT,2.0,True,26.693,27.181,26.724,325.0,340.0,315.0,344.0,80.598,Q
PER,Red Bull Racing,SOFT,5.0,False,26.533,27.091,26.778,325.0,337.0,314.0,346.0,80.402,Q
PER,Red Bull Racing,SOFT,2.0,True,26.498,27.034,26.684,326.0,338.0,314.0,346.0,80.216,Q
PER,Red Bull Racing,SOFT,5.0,False,26.488,27.042,26.532,324.0,337.0,313.0,346.0,80.062,Q
ALB,Williams,SOFT,2.0,True,26.608,27.255,26.957,324.0,338.0,313.0,347.0,80.82,Q
ALB,Williams,SOFT,2.0,True,26.502,27.271,26.769,322.0,334.0,310.0,345.0,80.542,Q
ALB,Williams,SOFT,5.0,False,26.485,27.128,26.847,323.0,338.0,315.0,345.0,80.46,Q
ALB,Williams,SOFT,2.0,True,26.436,27.071,26.807,322.0,338.0,314.0,348.0,80.314,Q
ALB,Williams,SOFT,5.0,False,26.553,27.261,27.056,322.0,338.0,314.0,344.0,80.87,Q
ALB,Williams,SOFT,2.0,True,26.395,27.12,26.784,324.0,339.0,314.0,347.0,80.299,Q
HUL,Haas F1 Team,SOFT,2.0,True,26.513,27.363,26.905,328.0,341.0,311.0,351.0,80.781,Q
HUL,Haas F1 Team,SOFT,2.0,True,26.428,27.262,27.588,331.0,342.0,308.0,350.0,81.278,Q
HUL,Haas F1 Team,SOFT,5.0,False,26.423,27.175,26.836,328.0,339.0,311.0,347.0,80.434,Q
HUL,Haas F1 Team,SOFT,2.0,True,26.341,27.16,26.91,328.0,341.0,316.0,349.0,80.411,Q
HUL,Haas F1 Team,SOFT,5.0,False,26.481,27.238,26.763,326.0,338.0,313.0,346.0,80.482,Q
HUL,Haas F1 Team,SOFT,2.0,True,26.479,27.074,26.786,328.0,339.0,317.0,347.0,80.339,Q
ALO,Aston Martin,SOFT,2.0,True,26.537,27.143,26.937,325.0,338.0,309.0,349.0,80.617,Q
ALO,Aston Martin,SOFT,4.0,False,26.424,27.261,26.885,325.0,340.0,312.0,350.0,80.57,Q
ALO,Aston Martin,SOFT,2.0,True,26.463,27.131,26.827,322.0,337.0,310.0,353.0,80.421,Q
RIC,RB,SOFT,2.0,True,26.646,27.292,27.121,325.0,338.0,314.0,348.0,81.059,Q
RIC,RB,SOFT,2.0,True,26.52,27.427,26.954,326.0,341.0,315.0,351.0,80.901,Q
RIC,RB,SOFT,5.0,False,26.615,27.457,27.201,326.0,341.0,314.0,349.0,81.273,Q
RIC,RB,SOFT,2.0,True,26.363,27.141,26.975,327.0,342.0,313.0,353.0,80.479,Q
MAG,Haas F1 Team,SOFT,2.0,True,26.784,27.203,26.869,326.0,341.0,315.0,350.0,80.856,Q
MAG,Haas F1 Team,SOFT,5.0,False,26.466,27.107,27.125,328.0,341.0,313.0,350.0,80.698,Q
MAG,Haas F1 Team,SOFT,2.0,True,26.508,27.332,27.093,325.0,336.0,313.0,349.0,80.933,Q
GAS,Alpine,SOFT,2.0,True,26.99,27.843,27.075,327.0,339.0,315.0,348.0,81.908,Q
GAS,Alpine,SOFT,5.0,False,26.473,27.364,26.911,328.0,340.0,317.0,348.0,80.748,Q
GAS,Alpine,SOFT,4.0,False,32.921,32.964,33.076,292.0,316.0,318.0,255.0,98.961,Q
GAS,Alpine,SOFT,5.0,False,26.563,27.263,26.912,325.0,337.0,316.0,346.0,80.738,Q
GAS,Alpine,SOFT,2.0,True,41.304,35.418,31.706,195.0,323.0,319.0,127.0,108.428,Q
GAS,Alpine,SOFT,3.0,True,26.645,27.372,26.992,327.0,342.0,314.0,352.0,81.009,Q
OCO,Alpine,SOFT,2.0,True,26.66,27.595,27.091,326.0,338.0,312.0,346.0,81.346,Q
OCO,Alpine,SOFT,5.0,False,26.504,27.264,26.996,328.0,341.0,316.0,348.0,80.764,Q
OCO,Alpine,SOFT,4.0,False,32.52,33.346,31.017,293.0,309.0,318.0,239.0,96.883,Q
OCO,Alpine,SOFT,5.0,False,26.61,27.315,26.959,326.0,339.0,317.0,348.0,80.884,Q
OCO,Alpine,SOFT,2.0,True,42.314,34.811,30.694,144.0,322.0,319.0,140.0,107.819,Q
OCO,Alpine,SOFT,3.0,True,26.436,27.418,26.912,327.0,341.0,316.0,351.0,80.766,Q
TSU,RB,SOFT,2.0,True,26.54,27.386,27.142,325.0,339.0,309.0,348.0,81.068,Q
TSU,RB,SOFT,2.0,True,26.572,27.406,26.967,325.0,339.0,314.0,348.0,80.945,Q
STR,Aston Martin,SOFT,2.0,True,26.648,27.18,27.185,322.0,336.0,307.0,345.0,81.013,Q
STR,Aston Martin,SOFT,2.0,True,26.575,27.244,27.374,322.0,338.0,312.0,351.0,81.193,Q
COL,Williams,SOFT,2.0,True,26.613,27.42,27.028,325.0,338.0,314.0,348.0,81.061,Q
COL,Williams,SOFT,2.0,True,26.614,27.637,28.28,327.0,339.0,311.0,347.0,82.531,Q
BOT,Kick Sauber,SOFT,2.0,True,26.706,27.446,26.949,328.0,341.0,311.0,352.0,81.101,Q
BOT,Kick Sauber,SOFT,2.0,True,26.572,27.491,29.404,328.0,342.0,274.0,352.0,83.467,Q
ZHO,Kick Sauber,SOFT,2.0,True,26.931,27.756,27.281,324.0,337.0,308.0,346.0,81.968,Q
ZHO,Kick Sauber,SOFT,2.0,True,26.838,27.624,27.052,326.0,338.0,315.0,348.0,81.514,Q
ZHO,Kick Sauber,SOFT,2.0,True,26.5,27.485,27.46,327.0,344.0,316.0,352.0,81.445,Q
LEC,Ferrari,MEDIUM,2.0,True,27.707,29.265,28.424,315.0,325.0,312.0,325.0,85.396,R
LEC,Ferrari,MEDIUM,3.0,True,27.679,29.001,28.499,313.0,324.0,313.0,328.0,85.179,R
LEC,Ferrari,MEDIUM,4.0,True,27.653,28.883,28.274,314.0,324.0,312.0,327.0,84.81,R
LEC,Ferrari,MEDIUM,5.0,True,27.63,28.79,28.183,313.0,325.0,312.0,321.0,84.603,R
LEC,Ferrari,MEDIUM,6.0,True,27.596,28.945,28.122,315.0,325.0,312.0,325.0,84.663,R
LEC,Ferrari,MEDIUM,7.0,True,27.645,28.701,28.088,314.0,326.0,312.0,329.0,84.434,R
LEC,Ferrari,MEDIUM,8.0,True,27.557,28.771,28.241,314.0,325.0,313.0,333.0,84.569,R
LEC,Ferrari,MEDIUM,9.0,True,27.542,28.781,28.039,314.0,326.0,312.0,333.0,84.362,R
LEC,Ferrari,MEDIUM,10.0,True,27.515,28.84,28.077,314.0,325.0,311.0,334.0,84.432,R
LEC,Ferrari,MEDIUM,11.0,True,27.633,28.951,28.262,313.0,316.0,311.0,323.0,84.846,R
LEC,Ferrari,MEDIUM,12.0,True,27.68,28.971,28.265,312.0,316.0,311.0,321.0,84.916,R
LEC,Ferrari,MEDIUM,13.0,True,27.812,29.177,28.54,311.0,315.0,309.0,321.0,85.529,R
LEC,Ferrari,MEDIUM,14.0,True,27.839,29.217,28.55,312.0,314.0,310.0,320.0,85.606,R
LEC,Ferrari,HARD,2.0,True,27.458,28.73,28.082,314.0,318.0,314.0,322.0,84.27,R
LEC,Ferrari,HARD,3.0,True,27.408,28.571,27.896,316.0,327.0,315.0,329.0,83.875,R
LEC,Ferrari,HARD,4.0,True,27.354,28.722,28.127,317.0,327.0,315.0,336.0,84.203,R
LEC,Ferrari,HARD,5.0,True,27.483,28.623,27.72,315.0,327.0,315.0,325.0,83.826,R
LEC,Ferrari,HARD,6.0,True,27.423,28.725,27.732,315.0,318.0,315.0,335.0,83.88,R
LEC,Ferrari,HARD,7.0,True,27.358,28.484,27.926,316.0,328.0,316.0,327.0,83.768,R
LEC,Ferrari,HARD,8.0,True,27.438,28.501,27.925,318.0,319.0,315.0,326.0,83.864,R
LEC,Ferrari,HARD,9.0,True,27.347,28.551,27.742,317.0,319.0,315.0,327.0,83.64,R
LEC,Ferrari,HARD,10.0,True,27.38,28.445,27.765,316.0,319.0,314.0,326.0,83.59,R
LEC,Ferrari,HARD,11.0,True,27.356,28.307,27.658,316.0,319.0,315.0,324.0,83.321,R
LEC,Ferrari,HARD,12.0,True,27.38,28.412,27.742,316.0,319.0,315.0,325.0,83.534,R
LEC,Ferrari,HARD,13.0,True,27.337,28.297,27.65,317.0,320.0,315.0,326.0,83.284,R
LEC,Ferrari,HARD,14.0,True,27.336,28.301,27.592,317.0,319.0,315.0,325.0,83.229,R
LEC,Ferrari,HARD,15.0,True,27.361,28.259,27.739,317.0,320.0,314.0,325.0,83.359,R
LEC,Ferrari,HARD,16.0,True,27.312,28.74,27.92,318.0,329.0,316.0,326.0,83.972,R
LEC,Ferrari,HARD,17.0,True,27.246,28.382,27.646,319.0,331.0,314.0,338.0,83.274,R
LEC,Ferrari,HARD,18.0,True,27.189,28.364,27.673,315.0,319.0,315.0,333.0,83.226,R
LEC,Ferrari,HARD,19.0,True,27.324,28.408,27.698,316.0,320.0,315.0,325.0,83.43,R
LEC,Ferrari,HARD,20.0,True,27.393,28.512,27.776,316.0,319.0,314.0,325.0,83.681,R
LEC,Ferrari,HARD,21.0,True,27.31,28.493,27.911,318.0,321.0,313.0,325.0,83.714,R
LEC,Ferrari,HARD,22.0,True,27.279,28.457,27.814,316.0,319.0,314.0,335.0,83.55,R
LEC,Ferrari,HARD,23.0,True,27.372,28.466,27.786,318.0,320.0,313.0,325.0,83.624,R
LEC,Ferrari,HARD,24.0,True,27.448,28.564,27.706,318.0,327.0,313.0,325.0,83.718,R
LEC,Ferrari,HARD,25.0,True,27.399,28.465,27.826,315.0,318.0,313.0,322.0,83.69,R
LEC,Ferrari,HARD,26.0,True,27.372,28.44,27.799,315.0,318.0,314.0,322.0,83.611,R
LEC,Ferrari,HARD,27.0,True,27.424,28.458,27.788,316.0,319.0,314.0,323.0,83.67,R
LEC,Ferrari,HARD,28.0,True,27.382,28.558,27.927,318.0,321.0,314.0,324.0,83.867,R
LEC,Ferrari,HARD,29.0,True,27.386,28.395,27.649,315.0,317.0,314.0,323.0,83.43,R
LEC,Ferrari,HARD,30.0,True,27.507,28.427,27.797,313.0,315.0,314.0,320.0,83.731,R
LEC,Ferrari,HARD,31.0,True,27.539,28.364,27.694,316.0,319.0,314.0,323.0,83.597,R
LEC,Ferrari,HARD,32.0,True,27.509,28.426,27.741,314.0,316.0,314.0,321.0,83.676,R
LEC,Ferrari,HARD,33.0,True,27.502,28.365,27.651,314.0,318.0,316.0,322.0,83.518,R
LEC,Ferrari,HARD,34.0,True,27.457,28.319,27.691,316.0,317.0,316.0,322.0,83.467,R
LEC,Ferrari,HARD,35.0,True,27.425,28.336,27.7,316.0,318.0,316.0,322.0,83.461,R
LEC,Ferrari,HARD,36.0,True,27.432,28.386,27.737,318.0,320.0,316.0,323.0,83.555,R
LEC,Ferrari,HARD,37.0,True,27.432,28.471,27.847,319.0,321.0,316.0,324.0,83.75,R
LEC,Ferrari,HARD,38.0,True,27.285,28.302,27.681,324.0,326.0,316.0,329.0,83.268,R
PIA,McLaren,MEDIUM,2.0,True,27.751,29.311,28.054,315.0,312.0,309.0,320.0,85.116,R
PIA,McLaren,MEDIUM,3.0,True,27.67,29.271,28.32,313.0,310.0,309.0,320.0,85.261,R
PIA,McLaren,MEDIUM,4.0,True,27.672,28.825,28.198,310.0,310.0,308.0,317.0,84.695,R
PIA,McLaren,MEDIUM,5.0,True,27.702,28.906,28.052,308.0,309.0,309.0,317.0,84.66,R
PIA,McLaren,MEDIUM,6.0,True,27.799,28.807,27.997,308.0,310.0,308.0,317.0,84.603,R
PIA,McLaren,MEDIUM,7.0,True,27.738,28.574,28.106,310.0,313.0,307.0,317.0,84.418,R
PIA,McLaren,MEDIUM,8.0,True,27.665,28.777,28.128,309.0,311.0,309.0,319.0,84.57,R
PIA,McLaren,MEDIUM,9.0,True,27.637,28.751,27.987,309.0,312.0,309.0,316.0,84.375,R
PIA,McLaren,MEDIUM,10.0,True,27.687,28.554,27.836,309.0,312.0,309.0,319.0,84.077,R
PIA,McLaren,MEDIUM,11.0,True,27.6,28.726,27.921,309.0,312.0,310.0,319.0,84.247,R
PIA,McLaren,MEDIUM,12.0,True,27.848,28.86,28.04,309.0,313.0,309.0,317.0,84.748,R
PIA,McLaren,MEDIUM,13.0,True,27.747,28.831,28.092,309.0,313.0,310.0,320.0,84.67,R
PIA,McLaren,MEDIUM,14.0,True,27.812,29.03,28.206,309.0,311.0,309.0,320.0,85.048,R
PIA,McLaren,MEDIUM,15.0,True,27.84,29.099,28.227,311.0,311.0,309.0,320.0,85.166,R
PIA,McLaren,HARD,2.0,True,27.464,28.817,27.747,313.0,314.0,311.0,320.0,84.028,R
PIA,McLaren,HARD,3.0,True,27.593,28.979,28.03,311.0,312.0,312.0,307.0,84.602,R
PIA,McLaren,HARD,4.0,True,27.418,28.823,27.745,313.0,315.0,311.0,321.0,83.986,R
PIA,McLaren,HARD,5.0,True,27.438,28.73,27.735,310.0,312.0,312.0,322.0,83.903,R
PIA,McLaren,HARD,6.0,True,27.447,28.518,27.682,312.0,315.0,312.0,320.0,83.647,R
PIA,McLaren,HARD,7.0,True,27.398,28.459,27.803,317.0,318.0,312.0,322.0,83.66,R
PIA,McLaren,HARD,8.0,True,27.339,28.287,27.689,312.0,314.0,311.0,329.0,83.315,R
PIA,McLaren,HARD,9.0,True,27.46,28.338,27.432,311.0,314.0,312.0,320.0,83.23,R
PIA,McLaren,HARD,10.0,True,27.441,28.228,27.464,310.0,314.0,312.0,319.0,83.133,R
PIA,McLaren,HARD,11.0,True,27.455,28.212,27.421,311.0,314.0,313.0,318.0,83.088,R
PIA,McLaren,HARD,12.0,True,27.391,28.206,27.571,312.0,315.0,312.0,320.0,83.168,R
PIA,McLaren,HARD,13.0,True,27.465,28.196,27.405,312.0,315.0,313.0,320.0,83.066,R
PIA,McLaren,HARD,14.0,True,27.449,28.095,27.424,312.0,317.0,313.0,322.0,82.968,R
PIA,McLaren,HARD,15.0,True,27.435,28.225,27.561,310.0,315.0,313.0,319.0,83.221,R
PIA,McLaren,HARD,16.0,True,27.386,28.343,27.751,315.0,327.0,312.0,319.0,83.48,R
PIA,McLaren,HARD,17.0,True,27.43,28.226,27.492,313.0,317.0,314.0,321.0,83.148,R
PIA,McLaren,HARD,18.0,True,27.449,28.47,27.537,313.0,317.0,314.0,320.0,83.456,R
PIA,McLaren,HARD,19.0,True,27.392,28.529,27.488,313.0,316.0,314.0,323.0,83.409,R
PIA,McLaren,HARD,20.0,True,27.429,28.503,27.814,316.0,319.0,315.0,323.0,83.746,R
PIA,McLaren,HARD,21.0,True,27.368,28.649,27.674,314.0,316.0,314.0,333.0,83.691,R
PIA,McLaren,HARD,2.0,True,27.149,27.897,27.218,311.0,316.0,315.0,323.0,82.264,R
PIA,McLaren,HARD,3.0,True,27.207,27.79,27.069,314.0,320.0,318.0,321.0,82.066,R
PIA,McLaren,HARD,4.0,True,27.245,27.932,27.154,315.0,318.0,315.0,325.0,82.331,R
PIA,McLaren,HARD,5.0,True,27.087,27.8,27.205,316.0,321.0,318.0,325.0,82.092,R
PIA,McLaren,HARD,6.0,True,27.098,28.121,27.409,316.0,322.0,319.0,339.0,82.628,R
PIA,McLaren,HARD,7.0,True,27.217,28.785,27.673,332.0,343.0,309.0,342.0,83.675,R
PIA,McLaren,HARD,8.0,True,27.366,27.964,27.207,313.0,317.0,315.0,327.0,82.537,R
PIA,McLaren,HARD,9.0,True,27.271,27.856,27.126,312.0,315.0,315.0,320.0,82.253,R
PIA,McLaren,HARD,10.0,True,27.626,27.897,27.202,314.0,317.0,317.0,326.0,82.725,R
PIA,McLaren,HARD,11.0,True,27.245,27.984,27.716,315.0,331.0,317.0,326.0,82.945,R
PIA,McLaren,HARD,12.0,True,27.128,28.205,27.253,316.0,316.0,316.0,328.0,82.586,R
PIA,McLaren,HARD,13.0,True,27.313,27.965,27.146,313.0,315.0,316.0,321.0,82.424,R
PIA,McLaren,HARD,14.0,True,27.116,27.725,27.107,318.0,320.0,316.0,334.0,81.948,R
PIA,McLaren,HARD,15.0,True,27.108,27.803,27.032,316.0,320.0,317.0,328.0,81.943,R
NOR,McLaren,MEDIUM,2.0,True,27.676,29.408,28.374,309.0,332.0,313.0,339.0,85.458,R
NOR,McLaren,MEDIUM,3.0,True,27.513,29.381,28.216,313.0,323.0,312.0,327.0,85.11,R
NOR,McLaren,MEDIUM,4.0,True,27.638,29.468,28.062,312.0,315.0,312.0,323.0,85.168,R
NOR,McLaren,MEDIUM,5.0,True,27.524,29.143,28.007,314.0,317.0,313.0,322.0,84.674,R
NOR,McLaren,MEDIUM,6.0,True,27.75,29.004,28.014,314.0,320.0,313.0,319.0,84.768,R
NOR,McLaren,MEDIUM,7.0,True,27.587,28.963,27.981,314.0,320.0,311.0,323.0,84.531,R
NOR,McLaren,MEDIUM,8.0,True,27.651,28.986,28.037,313.0,318.0,311.0,322.0,84.674,R
NOR,McLaren,MEDIUM,9.0,True,27.658,28.998,28.008,312.0,317.0,311.0,327.0,84.664,R
NOR,McLaren,MEDIUM,10.0,True,27.54,28.898,27.953,311.0,318.0,312.0,325.0,84.391,R
NOR,McLaren,MEDIUM,11.0,True,27.574,28.908,27.966,314.0,317.0,312.0,326.0,84.448,R
NOR,McLaren,MEDIUM,12.0,True,27.666,28.925,28.064,314.0,317.0,312.0,325.0,84.655,R
NOR,McLaren,MEDIUM,13.0,True,27.854,29.182,28.323,315.0,319.0,311.0,324.0,85.359,R
NOR,McLaren,HARD,2.0,True,27.403,28.918,27.833,310.0,313.0,311.0,320.0,84.154,R
NOR,McLaren,HARD,3.0,True,27.663,29.214,28.708,313.0,318.0,310.0,315.0,85.585,R
NOR,McLaren,HARD,4.0,True,27.388,28.784,27.748,314.0,319.0,313.0,323.0,83.92,R
NOR,McLaren,HARD,5.0,True,27.493,28.937,27.722,313.0,316.0,314.0,324.0,84.152,R
NOR,McLaren,HARD,6.0,True,27.463,28.773,27.646,314.0,318.0,313.0,322.0,83.882,R
NOR,McLaren,HARD,7.0,True,27.42,28.634,27.699,315.0,318.0,313.0,320.0,83.753,R
NOR,McLaren,HARD,8.0,True,27.332,28.669,27.651,315.0,319.0,314.0,326.0,83.652,R
NOR,McLaren,HARD,9.0,True,27.324,28.537,27.72,318.0,318.0,314.0,328.0,83.581,R
NOR,McLaren,HARD,10.0,True,27.359,28.596,27.646,316.0,318.0,314.0,331.0,83.601,R
NOR,McLaren,HARD,11.0,True,27.47,28.41,27.441,315.0,319.0,314.0,324.0,83.321,R
NOR,McLaren,HARD,12.0,True,27.353,28.529,27.587,313.0,317.0,314.0,324.0,83.469,R
NOR,McLaren,HARD,13.0,True,27.43,28.352,27.485,314.0,317.0,314.0,325.0,83.267,R
NOR,McLaren,HARD,14.0,True,27.412,28.243,27.412,317.0,320.0,314.0,323.0,83.067,R
NOR,McLaren,HARD,15.0,True,27.399,28.366,27.535,318.0,319.0,314.0,325.0,83.3,R
NOR,McLaren,HARD,16.0,True,27.443,28.601,27.57,314.0,316.0,314.0,323.0,83.614,R
NOR,McLaren,HARD,17.0,True,27.401,30.08,27.459,316.0,317.0,313.0,323.0,84.94,R
NOR,McLaren,HARD,2.0,True,27.127,28.244,27.466,313.0,323.0,314.0,329.0,82.837,R
NOR,McLaren,HARD,3.0,True,27.152,28.436,27.549,313.0,321.0,314.0,327.0,83.137,R
NOR,McLaren,HARD,4.0,True,27.244,28.349,27.521,314.0,319.0,313.0,323.0,83.114,R
NOR,McLaren,HARD,5.0,True,27.264,28.492,27.422,315.0,320.0,315.0,326.0,83.178,R
NOR,McLaren,HARD,6.0,True,27.288,28.405,27.44,318.0,321.0,315.0,327.0,83.133,R
NOR,McLaren,HARD,7.0,True,27.31,28.197,27.554,318.0,334.0,319.0,331.0,83.061,R
NOR,McLaren,HARD,8.0,True,27.483,28.909,27.77,322.0,328.0,322.0,353.0,84.162,R
NOR,McLaren,HARD,9.0,True,26.936,28.051,27.247,318.0,322.0,316.0,351.0,82.234,R
NOR,McLaren,HARD,10.0,True,27.463,28.033,27.182,305.0,319.0,315.0,326.0,82.678,R
NOR,McLaren,HARD,11.0,True,27.242,27.935,27.073,315.0,329.0,316.0,328.0,82.25,R
NOR,McLaren,HARD,12.0,True,27.218,27.935,27.25,314.0,319.0,315.0,326.0,82.403,R
NOR,McLaren,HARD,13.0,True,27.362,27.965,27.071,317.0,321.0,317.0,328.0,82.398,R
NOR,McLaren,HARD,14.0,True,27.113,27.81,27.118,319.0,335.0,319.0,330.0,82.041,R
NOR,McLaren,HARD,15.0,True,27.298,28.528,28.026,315.0,332.0,320.0,352.0,83.852,R
NOR,McLaren,HARD,16.0,True,26.97,27.88,26.974,318.0,320.0,317.0,345.0,81.824,R
NOR,McLaren,HARD,17.0,True,27.265,28.039,27.132,312.0,317.0,317.0,325.0,82.436,R
NOR,McLaren,HARD,18.0,True,27.342,27.873,28.051,315.0,333.0,317.0,326.0,83.266,R
NOR,McLaren,HARD,19.0,True,27.205,28.026,27.038,315.0,320.0,317.0,336.0,82.269,R
NOR,McLaren,HARD,20.0,True,27.27,27.872,27.16,314.0,317.0,317.0,323.0,82.302,R
NOR,McLaren,HARD,21.0,True,27.136,27.492,26.804,323.0,330.0,316.0,340.0,81.432,R
SAI,Ferrari,MEDIUM,2.0,True,27.553,29.775,28.403,318.0,333.0,313.0,331.0,85.731,R
SAI,Ferrari,MEDIUM,3.0,True,27.447,29.503,28.408,317.0,328.0,312.0,337.0,85.358,R
SAI,Ferrari,MEDIUM,4.0,True,27.435,29.253,28.398,316.0,329.0,311.0,339.0,85.086,R
SAI,Ferrari,MEDIUM,5.0,True,27.585,29.072,28.349,325.0,325.0,312.0,333.0,85.006,R
SAI,Ferrari,MEDIUM,6.0,True,27.639,28.71,28.293,313.0,328.0,313.0,324.0,84.642,R
SAI,Ferrari,MEDIUM,7.0,True,27.527,28.975,28.213,313.0,326.0,312.0,333.0,84.715,R
SAI,Ferrari,MEDIUM,8.0,True,27.744,29.012,28.114,313.0,318.0,313.0,325.0,84.87,R
SAI,Ferrari,MEDIUM,9.0,True,27.599,29.015,28.16,315.0,319.0,311.0,324.0,84.774,R
SAI,Ferrari,MEDIUM,10.0,True,27.579,28.921,28.184,315.0,319.0,311.0,324.0,84.684,R
SAI,Ferrari,MEDIUM,11.0,True,27.742,29.103,28.221,314.0,317.0,312.0,323.0,85.066,R
SAI,Ferrari,MEDIUM,12.0,True,27.71,29.12,28.446,314.0,317.0,310.0,322.0,85.276,R
SAI,Ferrari,MEDIUM,13.0,True,27.761,29.316,28.346,311.0,317.0,311.0,320.0,85.423,R
SAI,Ferrari,MEDIUM,14.0,True,27.701,29.287,28.246,313.0,318.0,311.0,322.0,85.234,R
SAI,Ferrari,MEDIUM,15.0,True,27.687,29.253,28.243,313.0,316.0,310.0,320.0,85.183,R
SAI,Ferrari,MEDIUM,16.0,True,27.795,29.207,28.339,313.0,315.0,310.0,319.0,85.341,R
SAI,Ferrari,MEDIUM,17.0,True,27.875,29.18,28.352,311.0,314.0,309.0,317.0,85.407,R
SAI,Ferrari,MEDIUM,18.0,True,27.905,29.429,28.344,311.0,314.0,310.0,317.0,85.678,R
SAI,Ferrari,HARD,2.0,True,27.591,28.881,28.027,311.0,313.0,311.0,318.0,84.499,R
SAI,Ferrari,HARD,3.0,True,27.522,28.707,27.997,312.0,314.0,312.0,319.0,84.226,R
SAI,Ferrari,HARD,4.0,True,27.698,28.832,28.027,313.0,314.0,311.0,319.0,84.557,R
SAI,Ferrari,HARD,5.0,True,27.446,28.511,27.725,311.0,314.0,312.0,319.0,83.682,R
SAI,Ferrari,HARD,6.0,True,27.456,28.496,27.735,311.0,315.0,312.0,320.0,83.687,R
SAI,Ferrari,HARD,7.0,True,27.444,28.413,27.646,312.0,315.0,313.0,320.0,83.503,R
SAI,Ferrari,HARD,8.0,True,27.38,28.369,27.754,314.0,318.0,312.0,321.0,83.503,R
SAI,Ferrari,HARD,9.0,True,27.703,28.359,27.689,313.0,316.0,313.0,321.0,83.751,R
SAI,Ferrari,HARD,10.0,True,27.461,28.403,27.609,313.0,317.0,313.0,320.0,83.473,R
SAI,Ferrari,HARD,11.0,True,27.531,28.429,27.624,312.0,315.0,313.0,318.0,83.584,R
SAI,Ferrari,HARD,12.0,True,27.467,28.318,27.545,313.0,317.0,313.0,320.0,83.33,R
SAI,Ferrari,HARD,13.0,True,27.424,28.294,27.636,313.0,317.0,313.0,320.0,83.354,R
SAI,Ferrari,HARD,14.0,True,27.456,28.435,27.521,313.0,316.0,314.0,320.0,83.412,R
SAI,Ferrari,HARD,15.0,True,27.366,28.416,27.503,313.0,317.0,314.0,320.0,83.285,R
SAI,Ferrari,HARD,16.0,True,27.454,28.336,27.544,312.0,316.0,314.0,320.0,83.334,R
SAI,Ferrari,HARD,17.0,True,27.389,28.356,27.525,314.0,317.0,313.0,320.0,83.27,R
SAI,Ferrari,HARD,18.0,True,27.33,28.356,27.604,314.0,318.0,313.0,322.0,83.29,R
SAI,Ferrari,HARD,19.0,True,27.486,28.387,27.678,315.0,318.0,314.0,322.0,83.551,R
SAI,Ferrari,HARD,20.0,True,27.364,28.721,27.724,318.0,322.0,314.0,325.0,83.809,R
SAI,Ferrari,HARD,21.0,True,27.515,28.698,27.59,312.0,316.0,314.0,319.0,83.803,R
SAI,Ferrari,HARD,22.0,True,27.296,28.516,27.525,315.0,320.0,315.0,323.0,83.337,R
SAI,Ferrari,HARD,23.0,True,27.422,28.658,27.758,314.0,318.0,313.0,323.0,83.838,R
SAI,Ferrari,HARD,24.0,True,27.466,28.479,27.848,316.0,330.0,314.0,324.0,83.793,R
SAI,Ferrari,HARD,25.0,True,27.399,28.778,27.754,315.0,331.0,317.0,323.0,83.931,R
SAI,Ferrari,HARD,26.0,True,27.551,28.996,28.566,325.0,319.0,316.0,330.0,85.113,R
SAI,Ferrari,HARD,27.0,True,27.461,28.804,27.736,314.0,316.0,315.0,332.0,84.001,R
SAI,Ferrari,HARD,28.0,True,27.456,28.735,27.899,312.0,327.0,311.0,340.0,84.09,R
SAI,Ferrari,HARD,29.0,True,27.972,28.998,27.969,314.0,316.0,315.0,316.0,84.939,R
SAI,Ferrari,HARD,30.0,True,27.499,28.614,27.808,312.0,316.0,315.0,319.0,83.921,R
SAI,Ferrari,HARD,31.0,True,27.459,28.604,27.706,314.0,317.0,315.0,320.0,83.769,R
SAI,Ferrari,HARD,32.0,True,27.502,28.499,27.753,315.0,317.0,314.0,322.0,83.754,R
SAI,Ferrari,HARD,33.0,True,27.565,28.536,27.621,314.0,317.0,315.0,318.0,83.722,R
SAI,Ferrari,HARD,34.0,True,27.463,28.237,27.519,314.0,331.0,315.0,321.0,83.219,R
HAM,Mercedes,MEDIUM,2.0,True,27.701,29.754,28.588,319.0,337.0,311.0,331.0,86.043,R
HAM,Mercedes,MEDIUM,3.0,True,27.495,29.688,28.447,317.0,327.0,311.0,323.0,85.63,R
HAM,Mercedes,MEDIUM,4.0,True,27.65,29.626,28.446,308.0,311.0,309.0,334.0,85.722,R
HAM,Mercedes,MEDIUM,5.0,True,27.451,29.134,28.186,312.0,315.0,310.0,329.0,84.771,R
HAM,Mercedes,MEDIUM,6.0,True,27.565,29.213,28.141,315.0,317.0,310.0,325.0,84.919,R
HAM,Mercedes,MEDIUM,7.0,True,27.635,29.267,28.303,316.0,318.0,309.0,326.0,85.205,R
HAM,Mercedes,MEDIUM,8.0,True,27.605,28.975,28.291,315.0,318.0,309.0,323.0,84.871,R
HAM,Mercedes,MEDIUM,9.0,True,27.79,29.067,28.178,313.0,316.0,309.0,322.0,85.035,R
HAM,Mercedes,MEDIUM,10.0,True,27.537,29.196,28.176,313.0,316.0,310.0,324.0,84.909,R
HAM,Mercedes,MEDIUM,11.0,True,27.64,29.078,28.22,313.0,316.0,310.0,323.0,84.938,R
HAM,Mercedes,MEDIUM,12.0,True,27.672,28.987,28.273,312.0,316.0,309.0,324.0,84.932,R
HAM,Mercedes,MEDIUM,13.0,True,27.618,29.205,28.506,315.0,317.0,308.0,329.0,85.329,R
HAM,Mercedes,MEDIUM,14.0,True,27.774,29.496,28.547,314.0,316.0,309.0,327.0,85.817,R
HAM,Mercedes,HARD,2.0,True,27.547,29.109,28.187,313.0,317.0,314.0,320.0,84.843,R
HAM,Mercedes,HARD,3.0,True,27.403,29.345,28.083,332.0,314.0,312.0,324.0,84.831,R
HAM,Mercedes,HARD,4.0,True,27.623,29.0,28.026,311.0,315.0,313.0,320.0,84.649,R
HAM,Mercedes,HARD,5.0,True,27.535,29.101,28.004,330.0,327.0,313.0,337.0,84.64,R
HAM,Mercedes,HARD,6.0,True,27.503,29.277,28.135,315.0,317.0,313.0,340.0,84.915,R
HAM,Mercedes,HARD,7.0,True,27.506,29.05,28.057,314.0,314.0,312.0,326.0,84.613,R
HAM,Mercedes,HARD,8.0,True,27.498,28.807,27.827,316.0,317.0,313.0,324.0,84.132,R
HAM,Mercedes,HARD,9.0,True,27.401,28.687,27.73,318.0,319.0,313.0,328.0,83.818,R
HAM,Mercedes,HARD,10.0,True,27.382,28.683,27.739,317.0,318.0,313.0,326.0,83.804,R
HAM,Mercedes,HARD,11.0,True,27.426,28.517,27.73,317.0,318.0,313.0,326.0,83.673,R
HAM,Mercedes,HARD,12.0,True,27.368,28.429,27.698,317.0,319.0,314.0,327.0,83.495,R
HAM,Mercedes,HARD,13.0,True,27.387,28.677,27.576,319.0,319.0,314.0,331.0,83.64,R
HAM,Mercedes,HARD,14.0,True,27.354,28.585,27.568,318.0,319.0,314.0,328.0,83.507,R
HAM,Mercedes,HARD,15.0,True,27.347,28.553,27.545,319.0,323.0,314.0,327.0,83.445,R
HAM,Mercedes,HARD,16.0,True,27.406,28.477,27.477,319.0,320.0,314.0,328.0,83.36,R
HAM,Mercedes,HARD,17.0,True,27.289,28.539,27.5,319.0,320.0,314.0,330.0,83.328,R
HAM,Mercedes,HARD,18.0,True,27.3,28.473,27.624,319.0,320.0,314.0,328.0,83.397,R
HAM,Mercedes,HARD,19.0,True,27.419,28.494,27.618,319.0,320.0,314.0,328.0,83.531,R
HAM,Mercedes,HARD,20.0,True,27.375,28.4,27.603,319.0,320.0,314.0,328.0,83.378,R
HAM,Mercedes,HARD,21.0,True,27.404,28.475,27.722,319.0,320.0,313.0,327.0,83.601,R
HAM,Mercedes,HARD,2.0,True,27.319,28.185,27.464,312.0,315.0,314.0,320.0,82.968,R
HAM,Mercedes,HARD,3.0,True,27.251,28.312,27.449,311.0,316.0,314.0,321.0,83.012,R
HAM,Mercedes,HARD,4.0,True,27.27,28.351,27.306,312.0,316.0,314.0,323.0,82.927,R
HAM,Mercedes,HARD,5.0,True,27.153,28.04,27.327,314.0,317.0,314.0,326.0,82.52,R
HAM,Mercedes,HARD,6.0,True,27.199,27.994,27.203,316.0,320.0,315.0,324.0,82.396,R
HAM,Mercedes,HARD,7.0,True,27.07,27.861,27.205,316.0,318.0,316.0,326.0,82.136,R
HAM,Mercedes,HARD,8.0,True,27.054,27.86,27.262,317.0,319.0,316.0,327.0,82.176,R
HAM,Mercedes,HARD,9.0,True,27.202,27.858,27.247,317.0,319.0,315.0,327.0,82.307,R
HAM,Mercedes,HARD,10.0,True,27.347,27.921,27.203,318.0,321.0,316.0,329.0,82.471,R
HAM,Mercedes,HARD,11.0,True,27.345,28.08,27.369,319.0,324.0,317.0,333.0,82.794,R
HAM,Mercedes,HARD,12.0,True,27.239,28.038,27.169,319.0,322.0,316.0,328.0,82.446,R
HAM,Mercedes,HARD,13.0,True,27.129,27.892,27.222,318.0,320.0,317.0,326.0,82.243,R
HAM,Mercedes,HARD,14.0,True,27.129,28.19,27.418,317.0,319.0,317.0,328.0,82.737,R
HAM,Mercedes,HARD,15.0,True,27.261,29.697,28.745,315.0,309.0,317.0,327.0,85.703,R
HAM,Mercedes,HARD,16.0,True,27.069,27.439,27.004,325.0,330.0,311.0,338.0,81.512,R
VER,Red Bull Racing,HARD,2.0,True,28.048,29.474,28.648,315.0,334.0,311.0,316.0,86.17,R
VER,Red Bull Racing,HARD,3.0,True,27.731,29.496,28.628,314.0,332.0,312.0,321.0,85.855,R
VER,Red Bull Racing,HARD,4.0,True,27.884,29.335,28.414,313.0,318.0,312.0,317.0,85.633,R
VER,Red Bull Racing,HARD,5.0,True,27.721,29.22,28.277,313.0,318.0,312.0,317.0,85.218,R
VER,Red Bull Racing,HARD,6.0,True,27.832,29.054,28.21,313.0,318.0,312.0,316.0,85.096,R
VER,Red Bull Racing,HARD,7.0,True,27.771,28.994,28.277,313.0,319.0,311.0,314.0,85.042,R
VER,Red Bull Racing,HARD,8.0,True,27.712,29.036,28.17,313.0,317.0,312.0,319.0,84.918,R
VER,Red Bull Racing,HARD,9.0,True,27.909,28.956,28.185,312.0,317.0,312.0,315.0,85.05,R
VER,Red Bull Racing,HARD,10.0,True,27.82,29.008,28.136,310.0,317.0,312.0,318.0,84.964,R
VER,Red Bull Racing,HARD,11.0,True,27.799,28.99,28.189,310.0,315.0,312.0,317.0,84.978,R
VER,Red Bull Racing,HARD,12.0,True,27.821,28.994,28.153,312.0,316.0,311.0,317.0,84.968,R
VER,Red Bull Racing,HARD,13.0,True,27.806,28.95,28.201,311.0,317.0,313.0,319.0,84.957,R
VER,Red Bull Racing,HARD,14.0,True,27.749,29.246,28.292,312.0,317.0,314.0,319.0,85.287,R
VER,Red Bull Racing,HARD,15.0,True,27.726,29.288,28.732,315.0,327.0,310.0,330.0,85.746,R
VER,Red Bull Racing,HARD,16.0,True,27.735,29.177,28.332,309.0,311.0,311.0,323.0,85.244,R
VER,Red Bull Racing,HARD,17.0,True,27.864,29.212,28.264,309.0,313.0,310.0,315.0,85.34,R
VER,Red Bull Racing,HARD,18.0,True,27.813,29.236,28.42,311.0,314.0,310.0,317.0,85.469,R
VER,Red Bull Racing,HARD,19.0,True,27.81,29.369,28.358,310.0,314.0,310.0,318.0,85.537,R
VER,Red Bull Racing,HARD,20.0,True,27.938,29.183,28.438,307.0,311.0,309.0,314.0,85.559,R
VER,Red Bull Racing,HARD,21.0,True,27.905,29.1,28.376,306.0,311.0,308.0,315.0,85.381,R
VER,Red Bull Racing,HARD,2.0,True,27.251,28.532,27.762,312.0,313.0,312.0,329.0,83.545,R
VER,Red Bull Racing,HARD,3.0,True,27.63,28.498,27.673,306.0,312.0,313.0,317.0,83.801,R
VER,Red Bull Racing,HARD,4.0,True,27.535,28.475,27.608,307.0,312.0,313.0,316.0,83.618,R
VER,Red Bull Racing,HARD,5.0,True,27.544,28.388,27.592,307.0,314.0,313.0,317.0,83.524,R
VER,Red Bull Racing,HARD,6.0,True,27.624,28.316,27.569,309.0,314.0,314.0,317.0,83.509,R
VER,Red Bull Racing,HARD,7.0,True,27.534,28.472,27.446,309.0,312.0,313.0,317.0,83.452,R
VER,Red Bull Racing,HARD,8.0,True,27.549,28.392,27.601,309.0,313.0,313.0,318.0,83.542,R
VER,Red Bull Racing,HARD,9.0,True,27.494,28.388,27.542,308.0,313.0,313.0,318.0,83.424,R
VER,Red Bull Racing,HARD,10.0,True,27.48,28.364,27.646,309.0,314.0,313.0,318.0,83.49,R
VER,Red Bull Racing,HARD,11.0,True,27.49,28.59,27.541,309.0,313.0,314.0,318.0,83.621,R
VER,Red Bull Racing,HARD,12.0,True,27.573,28.473,27.53,310.0,316.0,316.0,318.0,83.576,R
VER,Red Bull Racing,HARD,13.0,True,27.47,28.491,27.628,311.0,316.0,315.0,322.0,83.589,R
VER,Red Bull Racing,HARD,14.0,True,27.442,28.466,27.651,311.0,316.0,315.0,321.0,83.559,R
VER,Red Bull Racing,HARD,15.0,True,27.43,28.508,27.547,310.0,316.0,316.0,323.0,83.485,R
VER,Red Bull Racing,HARD,16.0,True,27.5,28.381,27.546,309.0,313.0,314.0,322.0,83.427,R
VER,Red Bull Racing,HARD,17.0,True,27.433,28.441,27.627,313.0,317.0,315.0,318.0,83.501,R
VER,Red Bull Racing,HARD,18.0,True,27.654,28.924,27.759,310.0,313.0,314.0,337.0,84.337,R
VER,Red Bull Racing,MEDIUM,2.0,True,26.877,27.614,27.254,318.0,322.0,303.0,330.0,81.745,R
VER,Red Bull Racing,MEDIUM,3.0,True,27.541,28.129,27.375,305.0,311.0,315.0,312.0,83.045,R
VER,Red Bull Racing,MEDIUM,4.0,True,27.387,28.389,27.587,306.0,310.0,314.0,315.0,83.363,R
VER,Red Bull Racing,MEDIUM,5.0,True,27.42,28.126,27.395,308.0,312.0,315.0,315.0,82.941,R
VER,Red Bull Racing,MEDIUM,6.0,True,27.372,27.933,27.215,308.0,314.0,315.0,316.0,82.52,R
VER,Red Bull Racing,MEDIUM,7.0,True,27.332,28.011,27.227,307.0,313.0,316.0,317.0,82.57,R
VER,Red Bull Racing,MEDIUM,8.0,True,27.341,27.98,27.263,308.0,313.0,316.0,318.0,82.584,R
VER,Red Bull Racing,MEDIUM,9.0,True,27.313,28.095,27.177,309.0,315.0,316.0,318.0,82.585,R
VER,Red Bull Racing,MEDIUM,10.0,True,27.291,28.043,27.24,310.0,316.0,317.0,318.0,82.574,R
VER,Red Bull Racing,MEDIUM,11.0,True,27.286,28.412,27.222,310.0,316.0,317.0,319.0,82.92,R
VER,Red Bull Racing,MEDIUM,12.0,True,27.394,28.522,27.795,311.0,322.0,314.0,319.0,83.711,R
RUS,Mercedes,MEDIUM,2.0,True,27.76,29.574,28.721,323.0,336.0,310.0,335.0,86.055,R
RUS,Mercedes,MEDIUM,3.0,True,27.459,29.557,28.717,320.0,334.0,311.0,339.0,85.733,R
RUS,Mercedes,MEDIUM,4.0,True,27.611,29.727,28.424,315.0,319.0,311.0,339.0,85.762,R
RUS,Mercedes,MEDIUM,5.0,True,27.579,29.38,28.535,318.0,320.0,309.0,326.0,85.494,R
RUS,Mercedes,MEDIUM,6.0,True,27.434,29.34,28.327,320.0,322.0,311.0,328.0,85.101,R
RUS,Mercedes,MEDIUM,7.0,True,27.433,29.295,28.318,320.0,321.0,310.0,328.0,85.046,R
RUS,Mercedes,MEDIUM,8.0,True,27.494,29.293,28.429,319.0,320.0,310.0,329.0,85.216,R
RUS,Mercedes,MEDIUM,9.0,True,27.487,29.253,28.375,320.0,321.0,311.0,328.0,85.115,R
RUS,Mercedes,MEDIUM,10.0,True,27.438,29.406,28.624,319.0,320.0,309.0,328.0,85.468,R
RUS,Mercedes,HARD,2.0,True,27.53,28.977,28.039,314.0,318.0,314.0,320.0,84.546,R
RUS,Mercedes,HARD,3.0,True,27.378,29.009,28.161,311.0,313.0,310.0,348.0,84.548,R
RUS,Mercedes,HARD,4.0,True,27.568,28.915,28.077,315.0,316.0,310.0,324.0,84.56,R
RUS,Mercedes,HARD,5.0,True,27.635,28.894,28.163,315.0,317.0,310.0,324.0,84.692,R
RUS,Mercedes,HARD,6.0,True,27.493,28.953,28.1,316.0,317.0,312.0,325.0,84.546,R
RUS,Mercedes,HARD,7.0,True,27.433,28.899,28.189,317.0,319.0,312.0,327.0,84.521,R
RUS,Mercedes,HARD,8.0,True,27.54,28.883,28.283,317.0,319.0,313.0,327.0,84.706,R
RUS,Mercedes,HARD,9.0,True,27.574,29.193,28.737,321.0,327.0,315.0,330.0,85.504,R
RUS,Mercedes,HARD,10.0,True,27.469,29.062,28.095,317.0,317.0,312.0,330.0,84.626,R
RUS,Mercedes,HARD,11.0,True,27.511,29.038,28.162,316.0,316.0,313.0,327.0,84.711,R
RUS,Mercedes,HARD,12.0,True,27.513,28.933,28.178,319.0,319.0,313.0,324.0,84.624,R
RUS,Mercedes,HARD,13.0,True,27.518,29.016,28.087,325.0,330.0,316.0,329.0,84.621,R
RUS,Mercedes,HARD,14.0,True,27.476,29.621,28.077,331.0,328.0,314.0,343.0,85.174,R
RUS,Mercedes,HARD,15.0,True,27.402,28.5,27.673,319.0,322.0,315.0,329.0,83.575,R
RUS,Mercedes,HARD,16.0,True,27.426,28.601,27.705,315.0,318.0,315.0,330.0,83.732,R
RUS,Mercedes,HARD,17.0,True,27.343,28.441,27.599,320.0,322.0,315.0,332.0,83.383,R
RUS,Mercedes,HARD,18.0,True,27.399,28.533,27.584,319.0,322.0,315.0,331.0,83.516,R
RUS,Mercedes,HARD,19.0,True,27.313,28.447,27.417,320.0,340.0,318.0,339.0,83.177,R
RUS,Mercedes,HARD,20.0,True,27.824,29.75,27.757,309.0,328.0,316.0,342.0,85.331,R
RUS,Mercedes,HARD,21.0,True,27.315,28.746,27.481,317.0,328.0,316.0,336.0,83.542,R
RUS,Mercedes,HARD,2.0,True,27.148,28.327,27.469,316.0,318.0,315.0,335.0,82.944,R
RUS,Mercedes,HARD,3.0,True,27.329,28.375,27.629,318.0,323.0,317.0,326.0,83.333,R
RUS,Mercedes,HARD,4.0,True,27.318,28.494,27.346,321.0,331.0,320.0,330.0,83.158,R
RUS,Mercedes,HARD,5.0,True,28.506,29.279,27.381,324.0,317.0,316.0,320.0,85.166,R
RUS,Mercedes,HARD,6.0,True,27.338,28.31,27.494,318.0,322.0,315.0,324.0,83.142,R
RUS,Mercedes,HARD,7.0,True,27.276,28.216,27.394,320.0,323.0,317.0,328.0,82.886,R
RUS,Mercedes,HARD,8.0,True,27.443,28.685,27.911,313.0,325.0,320.0,336.0,84.039,R
RUS,Mercedes,HARD,9.0,True,27.086,28.337,27.376,318.0,317.0,314.0,349.0,82.799,R
RUS,Mercedes,HARD,10.0,True,27.4,28.273,27.266,314.0,316.0,315.0,327.0,82.939,R
RUS,Mercedes,HARD,11.0,True,27.219,28.391,27.313,320.0,318.0,316.0,328.0,82.923,R
RUS,Mercedes,HARD,12.0,True,27.348,28.103,27.234,316.0,318.0,316.0,325.0,82.685,R
RUS,Mercedes,HARD,13.0,True,27.272,28.032,27.115,319.0,320.0,316.0,326.0,82.419,R
RUS,Mercedes,HARD,14.0,True,27.287,27.957,27.099,320.0,322.0,317.0,327.0,82.343,R
RUS,Mercedes,HARD,15.0,True,27.234,27.883,27.048,321.0,323.0,317.0,330.0,82.165,R
RUS,Mercedes,HARD,16.0,True,27.174,27.825,27.037,321.0,323.0,316.0,329.0,82.036,R
RUS,Mercedes,HARD,17.0,True,27.183,27.96,27.013,319.0,322.0,318.0,331.0,82.156,R
RUS,Mercedes,HARD,18.0,True,27.068,28.135,27.108,320.0,321.0,318.0,329.0,82.311,R
RUS,Mercedes,HARD,19.0,True,27.124,28.147,27.176,326.0,325.0,317.0,342.0,82.447,R
RUS,Mercedes,HARD,20.0,True,27.16,27.971,27.569,321.0,326.0,316.0,332.0,82.7,R
PER,Red Bull Racing,HARD,2.0,True,27.938,29.614,28.859,317.0,338.0,312.0,334.0,86.411,R
PER,Red Bull Racing,HARD,3.0,True,27.641,29.539,28.577,313.0,333.0,312.0,325.0,85.757,R
PER,Red Bull Racing,HARD,4.0,True,27.729,29.608,28.468,310.0,335.0,312.0,319.0,85.805,R
PER,Red Bull Racing,HARD,5.0,True,27.791,29.396,28.26,309.0,323.0,313.0,311.0,85.447,R
PER,Red Bull Racing,HARD,6.0,True,27.708,29.113,28.284,312.0,326.0,312.0,308.0,85.105,R
PER,Red Bull Racing,HARD,7.0,True,27.54,29.215,28.679,314.0,327.0,310.0,319.0,85.434,R
PER,Red Bull Racing,HARD,8.0,True,27.589,29.255,28.342,312.0,316.0,312.0,322.0,85.186,R
PER,Red Bull Racing,HARD,9.0,True,27.531,29.183,28.263,314.0,318.0,312.0,321.0,84.977,R
PER,Red Bull Racing,HARD,10.0,True,27.446,29.014,28.381,314.0,329.0,317.0,327.0,84.841,R
PER,Red Bull Racing,HARD,11.0,True,27.488,29.083,28.202,325.0,316.0,311.0,328.0,84.773,R
PER,Red Bull Racing,HARD,12.0,True,27.581,28.805,28.268,315.0,320.0,310.0,319.0,84.654,R
PER,Red Bull Racing,HARD,13.0,True,27.678,28.947,28.416,314.0,318.0,311.0,317.0,85.041,R
PER,Red Bull Racing,HARD,14.0,True,27.6,29.151,28.478,314.0,319.0,311.0,321.0,85.229,R
PER,Red Bull Racing,HARD,15.0,True,27.751,29.282,28.51,315.0,320.0,310.0,317.0,85.543,R
PER,Red Bull Racing,HARD,16.0,True,27.696,29.265,28.473,315.0,317.0,311.0,323.0,85.434,R
PER,Red Bull Racing,HARD,17.0,True,27.773,29.249,28.422,314.0,317.0,311.0,318.0,85.444,R
PER,Red Bull Racing,HARD,18.0,True,27.72,29.294,28.434,314.0,317.0,311.0,322.0,85.448,R
PER,Red Bull Racing,HARD,19.0,True,27.756,29.355,28.572,315.0,318.0,309.0,322.0,85.683,R
PER,Red Bull Racing,HARD,20.0,True,27.787,29.628,28.696,313.0,316.0,308.0,316.0,86.111,R
PER,Red Bull Racing,HARD,21.0,True,27.869,29.534,28.461,312.0,316.0,309.0,318.0,85.864,R
PER,Red Bull Racing,HARD,22.0,True,27.777,29.491,28.441,314.0,316.0,308.0,321.0,85.709,R
PER,Red Bull Racing,HARD,2.0,True,27.309,28.892,27.908,310.0,318.0,312.0,336.0,84.109,R
PER,Red Bull Racing,HARD,3.0,True,27.423,28.737,27.815,312.0,315.0,312.0,318.0,83.975,R
PER,Red Bull Racing,HARD,4.0,True,27.408,28.619,27.757,311.0,316.0,313.0,320.0,83.784,R
PER,Red Bull Racing,HARD,5.0,True,27.394,28.551,27.653,311.0,315.0,313.0,320.0,83.598,R
PER,Red Bull Racing,HARD,6.0,True,27.533,28.726,27.595,310.0,314.0,313.0,319.0,83.854,R
PER,Red Bull Racing,HARD,7.0,True,27.502,28.485,27.487,311.0,314.0,314.0,319.0,83.474,R
PER,Red Bull Racing,HARD,8.0,True,28.338,29.149,27.599,309.0,311.0,312.0,316.0,85.086,R
PER,Red Bull Racing,HARD,9.0,True,27.527,28.753,27.545,308.0,312.0,312.0,317.0,83.825,R
PER,Red Bull Racing,HARD,10.0,True,27.359,28.591,27.523,311.0,313.0,313.0,335.0,83.473,R
PER,Red Bull Racing,HARD,11.0,True,27.423,28.521,27.667,311.0,315.0,314.0,338.0,83.611,R
PER,Red Bull Racing,MEDIUM,2.0,True,27.386,28.558,27.347,307.0,310.0,314.0,331.0,83.291,R
PER,Red Bull Racing,MEDIUM,3.0,True,28.912,29.679,27.652,311.0,323.0,316.0,320.0,86.243,R
PER,Red Bull Racing,MEDIUM,4.0,True,27.5,28.757,27.45,308.0,313.0,316.0,320.0,83.707,R
PER,Red Bull Racing,MEDIUM,5.0,True,27.426,28.451,27.516,309.0,314.0,315.0,319.0,83.393,R
PER,Red Bull Racing,MEDIUM,6.0,True,27.254,28.382,27.631,313.0,322.0,316.0,325.0,83.267,R
PER,Red Bull Racing,MEDIUM,7.0,True,27.376,28.603,27.929,315.0,330.0,314.0,325.0,83.908,R
PER,Red Bull Racing,MEDIUM,8.0,True,27.618,28.976,27.943,309.0,324.0,316.0,319.0,84.537,R
PER,Red Bull Racing,MEDIUM,9.0,True,27.303,28.77,27.544,307.0,314.0,315.0,351.0,83.617,R
PER,Red Bull Racing,MEDIUM,10.0,True,27.423,28.172,27.438,312.0,317.0,315.0,318.0,83.033,R
PER,Red Bull Racing,MEDIUM,11.0,True,27.319,28.2,27.477,313.0,317.0,314.0,320.0,82.996,R
PER,Red Bull Racing,MEDIUM,12.0,True,27.317,28.12,27.534,314.0,318.0,315.0,320.0,82.971,R
PER,Red Bull Racing,MEDIUM,13.0,True,27.481,28.224,27.61,312.0,316.0,314.0,321.0,83.315,R
PER,Red Bull Racing,MEDIUM,14.0,True,27.546,28.309,27.757,311.0,315.0,313.0,320.0,83.612,R
PER,Red Bull Racing,MEDIUM,15.0,True,27.408,28.351,27.631,312.0,316.0,314.0,319.0,83.39,R
PER,Red Bull Racing,MEDIUM,16.0,True,27.384,28.337,27.694,312.0,316.0,314.0,319.0,83.415,R
PER,Red Bull Racing,MEDIUM,17.0,True,27.477,28.59,28.004,311.0,315.0,309.0,318.0,84.071,R
PER,Red Bull Racing,MEDIUM,18.0,True,27.669,28.835,28.007,312.0,318.0,311.0,318.0,84.511,R
ALB,Williams,MEDIUM,2.0,True,28.097,29.802,29.112,320.0,339.0,308.0,327.0,87.011,R
ALB,Williams,MEDIUM,3.0,True,27.753,29.699,28.83,318.0,324.0,310.0,339.0,86.282,R
ALB,Williams,MEDIUM,4.0,True,27.873,29.932,28.722,311.0,313.0,309.0,329.0,86.527,R
ALB,Williams,MEDIUM,5.0,True,27.704,29.522,28.813,314.0,316.0,309.0,330.0,86.039,R
ALB,Williams,MEDIUM,6.0,True,27.696,29.633,28.617,314.0,315.0,309.0,327.0,85.946,R
ALB,Williams,MEDIUM,7.0,True,27.815,29.4,28.775,310.0,314.0,309.0,324.0,85.99,R
ALB,Williams,MEDIUM,8.0,True,27.8,29.64,28.523,309.0,312.0,308.0,324.0,85.963,R
ALB,Williams,MEDIUM,9.0,True,27.709,29.21,28.747,312.0,313.0,308.0,336.0,85.666,R
ALB,Williams,MEDIUM,10.0,True,27.728,29.351,28.632,309.0,314.0,309.0,327.0,85.711,R
ALB,Williams,MEDIUM,11.0,True,27.781,29.309,28.644,310.0,314.0,309.0,325.0,85.734,R
ALB,Williams,MEDIUM,12.0,True,27.873,29.147,28.448,310.0,315.0,308.0,322.0,85.468,R
ALB,Williams,MEDIUM,13.0,True,27.847,29.199,28.487,310.0,315.0,309.0,324.0,85.533,R
ALB,Williams,MEDIUM,14.0,True,27.867,29.548,28.725,310.0,313.0,308.0,322.0,86.14,R
ALB,Williams,MEDIUM,15.0,True,27.962,29.723,28.778,311.0,314.0,308.0,324.0,86.463,R
ALB,Williams,MEDIUM,16.0,True,27.943,29.673,28.838,308.0,308.0,308.0,326.0,86.454,R
ALB,Williams,HARD,2.0,True,27.568,29.119,28.567,311.0,313.0,309.0,322.0,85.254,R
ALB,Williams,HARD,3.0,True,27.5,29.177,28.397,313.0,316.0,310.0,326.0,85.074,R
ALB,Williams,HARD,4.0,True,27.522,29.035,28.303,311.0,313.0,311.0,329.0,84.86,R
ALB,Williams,HARD,5.0,True,27.58,29.14,28.333,315.0,317.0,312.0,329.0,85.053,R
ALB,Williams,HARD,6.0,True,27.558,29.162,28.412,313.0,314.0,311.0,326.0,85.132,R
ALB,Williams,HARD,7.0,True,27.686,28.859,28.651,314.0,327.0,314.0,326.0,85.196,R
ALB,Williams,HARD,8.0,True,27.264,29.156,28.287,311.0,315.0,311.0,348.0,84.707,R
ALB,Williams,HARD,9.0,True,27.546,29.142,28.377,314.0,317.0,311.0,327.0,85.065,R
ALB,Williams,HARD,10.0,True,27.505,28.968,28.476,312.0,317.0,311.0,330.0,84.949,R
ALB,Williams,HARD,11.0,True,27.521,28.972,28.3,314.0,316.0,312.0,330.0,84.793,R
ALB,Williams,HARD,12.0,True,27.545,29.147,28.179,314.0,316.0,312.0,330.0,84.871,R
ALB,Williams,HARD,13.0,True,27.544,28.966,28.244,315.0,317.0,313.0,327.0,84.754,R
ALB,Williams,HARD,14.0,True,27.602,28.955,28.672,315.0,329.0,310.0,330.0,85.229,R
ALB,Williams,HARD,15.0,True,27.323,28.978,28.111,312.0,315.0,311.0,343.0,84.412,R
ALB,Williams,HARD,16.0,True,28.247,29.671,28.364,320.0,330.0,313.0,324.0,86.282,R
ALB,Williams,HARD,17.0,True,27.601,29.476,28.493,317.0,319.0,312.0,337.0,85.57,R
ALB,Williams,HARD,18.0,True,27.546,29.139,28.309,315.0,318.0,311.0,331.0,84.994,R
ALB,Williams,HARD,19.0,True,27.631,29.016,28.101,316.0,317.0,312.0,327.0,84.748,R
ALB,Williams,HARD,20.0,True,28.366,29.494,28.022,322.0,332.0,313.0,329.0,85.882,R
ALB,Williams,HARD,21.0,True,27.548,29.198,28.468,318.0,333.0,313.0,329.0,85.214,R
ALB,Williams,HARD,22.0,True,27.542,29.037,28.392,316.0,320.0,312.0,336.0,84.971,R
ALB,Williams,HARD,23.0,True,27.456,28.868,28.228,316.0,318.0,312.0,333.0,84.552,R
ALB,Williams,HARD,24.0,True,27.453,28.878,28.041,315.0,318.0,313.0,331.0,84.372,R
ALB,Williams,HARD,25.0,True,27.618,29.086,28.17,311.0,316.0,311.0,328.0,84.874,R
ALB,Williams,HARD,26.0,True,27.532,29.062,28.075,312.0,316.0,312.0,327.0,84.669,R
ALB,Williams,HARD,27.0,True,27.53,28.987,28.161,314.0,317.0,312.0,326.0,84.678,R
ALB,Williams,HARD,28.0,True,27.484,29.006,28.079,314.0,315.0,313.0,329.0,84.569,R
ALB,Williams,HARD,29.0,True,27.559,28.951,28.044,313.0,315.0,312.0,325.0,84.554,R
ALB,Williams,HARD,30.0,True,27.573,28.781,28.029,312.0,315.0,313.0,324.0,84.383,R
ALB,Williams,HARD,31.0,True,27.501,28.775,27.873,314.0,315.0,313.0,325.0,84.149,R
ALB,Williams,HARD,32.0,True,27.63,28.688,27.944,314.0,314.0,313.0,324.0,84.262,R
ALB,Williams,HARD,33.0,True,27.419,28.689,27.848,314.0,315.0,313.0,327.0,83.956,R
ALB,Williams,HARD,34.0,True,27.464,28.577,27.88,316.0,316.0,313.0,323.0,83.921,R
ALB,Williams,HARD,35.0,True,27.519,28.614,27.822,316.0,317.0,312.0,322.0,83.955,R
ALB,Williams,HARD,36.0,True,27.501,28.675,27.742,318.0,326.0,310.0,336.0,83.918,R
MAG,Haas F1 Team,MEDIUM,2.0,True,28.017,30.016,29.172,315.0,332.0,311.0,313.0,87.205,R
MAG,Haas F1 Team,MEDIUM,3.0,True,27.857,29.621,29.106,314.0,334.0,311.0,332.0,86.584,R
MAG,Haas F1 Team,MEDIUM,4.0,True,27.705,29.742,28.925,316.0,333.0,310.0,329.0,86.372,R
MAG,Haas F1 Team,MEDIUM,5.0,True,27.875,29.741,28.526,313.0,322.0,311.0,329.0,86.142,R
MAG,Haas F1 Team,MEDIUM,6.0,True,27.751,29.371,28.78,316.0,331.0,311.0,334.0,85.902,R
MAG,Haas F1 Team,MEDIUM,7.0,True,27.67,29.326,28.829,317.0,336.0,309.0,340.0,85.825,R
MAG,Haas F1 Team,MEDIUM,8.0,True,27.831,29.342,28.793,316.0,335.0,310.0,333.0,85.966,R
MAG,Haas F1 Team,MEDIUM,9.0,True,27.712,29.421,28.652,318.0,336.0,310.0,340.0,85.785,R
MAG,Haas F1 Team,MEDIUM,10.0,True,27.539,29.45,28.81,318.0,340.0,312.0,339.0,85.799,R
MAG,Haas F1 Team,MEDIUM,11.0,True,27.934,29.461,28.645,323.0,319.0,310.0,357.0,86.04,R
MAG,Haas F1 Team,MEDIUM,12.0,True,27.89,29.423,28.832,313.0,317.0,307.0,320.0,86.145,R
MAG,Haas F1 Team,MEDIUM,13.0,True,27.987,29.475,28.824,310.0,316.0,308.0,319.0,86.286,R
MAG,Haas F1 Team,HARD,2.0,True,27.528,29.615,28.501,317.0,320.0,311.0,329.0,85.644,R
MAG,Haas F1 Team,HARD,3.0,True,27.413,29.013,28.343,318.0,333.0,313.0,329.0,84.769,R
MAG,Haas F1 Team,HARD,4.0,True,27.535,30.511,28.487,319.0,333.0,311.0,342.0,86.533,R
MAG,Haas F1 Team,HARD,5.0,True,27.577,29.035,28.497,316.0,335.0,313.0,339.0,85.109,R
MAG,Haas F1 Team,HARD,6.0,True,27.6,29.118,28.436,318.0,335.0,313.0,334.0,85.154,R
MAG,Haas F1 Team,HARD,7.0,True,27.395,29.013,28.385,318.0,336.0,313.0,342.0,84.793,R
MAG,Haas F1 Team,HARD,8.0,True,27.494,29.358,28.219,318.0,332.0,314.0,339.0,85.071,R
MAG,Haas F1 Team,HARD,9.0,True,27.581,29.225,28.251,318.0,330.0,312.0,338.0,85.057,R
MAG,Haas F1 Team,HARD,10.0,True,27.619,29.083,28.429,313.0,319.0,312.0,336.0,85.131,R
MAG,Haas F1 Team,HARD,11.0,True,27.792,29.203,28.509,313.0,330.0,316.0,324.0,85.504,R
MAG,Haas F1 Team,HARD,12.0,True,27.63,29.318,28.251,314.0,319.0,311.0,329.0,85.199,R
MAG,Haas F1 Team,HARD,13.0,True,27.537,28.928,28.175,315.0,320.0,312.0,322.0,84.64,R
MAG,Haas F1 Team,HARD,14.0,True,27.625,28.819,27.971,316.0,320.0,313.0,324.0,84.415,R
MAG,Haas F1 Team,HARD,15.0,True,27.746,28.958,28.095,316.0,319.0,313.0,321.0,84.799,R
MAG,Haas F1 Team,HARD,16.0,True,27.504,28.735,28.334,316.0,321.0,313.0,324.0,84.573,R
MAG,Haas F1 Team,HARD,17.0,True,27.512,28.763,28.183,317.0,326.0,312.0,325.0,84.458,R
MAG,Haas F1 Team,HARD,18.0,True,27.426,28.922,28.06,318.0,332.0,314.0,335.0,84.408,R
MAG,Haas F1 Team,HARD,19.0,True,27.586,29.068,28.199,317.0,315.0,311.0,353.0,84.853,R
MAG,Haas F1 Team,HARD,20.0,True,27.738,28.876,28.088,310.0,314.0,312.0,317.0,84.702,R
MAG,Haas F1 Team,HARD,21.0,True,27.575,28.669,27.926,312.0,317.0,311.0,320.0,84.17,R
MAG,Haas F1 Team,HARD,22.0,True,27.682,28.666,27.928,310.0,315.0,310.0,317.0,84.276,R
MAG,Haas F1 Team,HARD,23.0,True,27.628,28.563,27.759,313.0,317.0,311.0,320.0,83.95,R
MAG,Haas F1 Team,HARD,24.0,True,27.61,29.034,28.159,313.0,316.0,311.0,319.0,84.803,R
MAG,Haas F1 Team,HARD,25.0,True,27.613,28.833,28.017,314.0,318.0,311.0,320.0,84.463,R
MAG,Haas F1 Team,HARD,26.0,True,27.589,28.725,27.968,312.0,317.0,312.0,320.0,84.282,R
MAG,Haas F1 Team,HARD,27.0,True,27.74,28.925,27.96,311.0,317.0,312.0,319.0,84.625,R
MAG,Haas F1 Team,HARD,28.0,True,27.873,28.838,27.917,318.0,331.0,312.0,322.0,84.628,R
MAG,Haas F1 Team,HARD,29.0,True,27.598,29.017,27.99,315.0,319.0,313.0,323.0,84.605,R
MAG,Haas F1 Team,HARD,30.0,True,28.15,29.146,27.909,317.0,331.0,315.0,318.0,85.205,R
MAG,Haas F1 Team,HARD,31.0,True,27.631,28.775,27.866,316.0,319.0,314.0,322.0,84.272,R
MAG,Haas F1 Team,HARD,32.0,True,27.526,28.825,27.773,316.0,318.0,314.0,323.0,84.124,R
MAG,Haas F1 Team,HARD,33.0,True,27.54,28.669,27.762,314.0,318.0,314.0,320.0,83.971,R
MAG,Haas F1 Team,HARD,34.0,True,27.532,28.529,27.68,314.0,318.0,314.0,323.0,83.741,R
MAG,Haas F1 Team,HARD,35.0,True,27.55,28.553,27.605,316.0,320.0,314.0,322.0,83.708,R
MAG,Haas F1 Team,HARD,36.0,True,27.506,28.558,27.539,316.0,320.0,313.0,323.0,83.603,R
MAG,Haas F1 Team,HARD,37.0,True,27.501,28.449,27.487,316.0,320.0,315.0,323.0,83.437,R
MAG,Haas F1 Team,HARD,38.0,True,27.688,28.525,27.478,316.0,320.0,314.0,322.0,83.691,R
MAG,Haas F1 Team,HARD,39.0,True,27.488,28.468,27.759,317.0,328.0,311.0,323.0,83.715,R
ALO,Aston Martin,MEDIUM,3.0,False,28.2,29.932,29.104,313.0,335.0,310.0,322.0,87.236,R
ALO,Aston Martin,MEDIUM,4.0,False,27.646,29.926,28.838,319.0,331.0,310.0,335.0,86.41,R
ALO,Aston Martin,MEDIUM,5.0,False,27.728,29.844,28.839,316.0,328.0,309.0,332.0,86.411,R
ALO,Aston Martin,MEDIUM,6.0,False,27.846,29.573,28.799,314.0,328.0,309.0,318.0,86.218,R
ALO,Aston Martin,MEDIUM,7.0,False,27.675,29.468,28.768,316.0,329.0,310.0,332.0,85.911,R
ALO,Aston Martin,MEDIUM,8.0,False,27.644,29.453,28.853,317.0,329.0,309.0,333.0,85.95,R
ALO,Aston Martin,MEDIUM,9.0,False,27.692,29.426,28.575,317.0,329.0,311.0,330.0,85.693,R
ALO,Aston Martin,MEDIUM,10.0,False,27.763,29.441,28.765,315.0,327.0,309.0,332.0,85.969,R
ALO,Aston Martin,MEDIUM,11.0,False,27.776,29.322,28.734,313.0,329.0,309.0,330.0,85.832,R
ALO,Aston Martin,MEDIUM,12.0,False,27.679,29.305,28.774,316.0,328.0,309.0,334.0,85.758,R
ALO,Aston Martin,HARD,3.0,False,28.319,29.115,28.398,313.0,330.0,312.0,314.0,85.832,R
ALO,Aston Martin,HARD,4.0,False,27.354,29.014,28.302,318.0,329.0,311.0,336.0,84.67,R
ALO,Aston Martin,HARD,5.0,False,27.417,28.89,28.307,317.0,329.0,312.0,332.0,84.614,R
ALO,Aston Martin,HARD,6.0,False,27.359,28.999,28.216,317.0,330.0,313.0,330.0,84.574,R
ALO,Aston Martin,HARD,7.0,False,27.422,29.308,28.152,317.0,319.0,310.0,337.0,84.882,R
ALO,Aston Martin,HARD,8.0,False,27.727,29.237,28.35,316.0,315.0,312.0,322.0,85.314,R
ALO,Aston Martin,HARD,9.0,False,27.65,29.606,28.42,318.0,320.0,310.0,324.0,85.676,R
ALO,Aston Martin,HARD,10.0,False,27.651,29.091,28.555,318.0,330.0,315.0,328.0,85.297,R
ALO,Aston Martin,HARD,11.0,False,28.055,29.253,28.143,316.0,316.0,311.0,333.0,85.451,R
ALO,Aston Martin,HARD,12.0,False,27.751,29.089,28.177,314.0,312.0,310.0,324.0,85.017,R
ALO,Aston Martin,HARD,13.0,False,27.58,29.009,27.999,317.0,315.0,311.0,322.0,84.588,R
ALO,Aston Martin,HARD,14.0,False,27.542,28.839,28.123,317.0,318.0,313.0,330.0,84.504,R
ALO,Aston Martin,HARD,15.0,False,27.635,28.905,28.397,319.0,326.0,315.0,324.0,84.937,R
ALO,Aston Martin,HARD,16.0,False,27.614,29.047,28.23,312.0,313.0,310.0,347.0,84.891,R
ALO,Aston Martin,HARD,17.0,False,27.7,28.845,28.18,316.0,314.0,311.0,321.0,84.725,R
ALO,Aston Martin,HARD,18.0,False,27.785,28.998,28.228,315.0,313.0,310.0,324.0,85.011,R
ALO,Aston Martin,HARD,19.0,False,27.817,28.996,28.226,316.0,313.0,310.0,322.0,85.039,R
ALO,Aston Martin,HARD,20.0,False,27.745,29.032,28.351,315.0,312.0,309.0,321.0,85.128,R
ALO,Aston Martin,HARD,21.0,False,27.842,29.023,28.234,316.0,313.0,310.0,322.0,85.099,R
ALO,Aston Martin,HARD,22.0,False,27.861,29.179,28.249,315.0,312.0,310.0,322.0,85.289,R
ALO,Aston Martin,HARD,23.0,False,27.763,29.148,28.172,315.0,312.0,310.0,319.0,85.083,R
ALO,Aston Martin,HARD,4.0,False,27.43,28.449,27.824,315.0,312.0,311.0,319.0,83.703,R
ALO,Aston Martin,HARD,5.0,False,27.472,28.537,27.838,316.0,314.0,313.0,321.0,83.847,R
ALO,Aston Martin,HARD,6.0,False,27.414,28.622,27.734,317.0,316.0,313.0,324.0,83.77,R
ALO,Aston Martin,HARD,7.0,False,27.398,28.521,27.764,317.0,317.0,314.0,323.0,83.683,R
ALO,Aston Martin,HARD,8.0,False,27.354,28.585,27.883,319.0,318.0,315.0,324.0,83.822,R
ALO,Aston Martin,HARD,9.0,False,27.363,28.5,27.774,319.0,329.0,316.0,325.0,83.637,R
ALO,Aston Martin,HARD,10.0,False,27.266,28.682,27.733,313.0,315.0,314.0,356.0,83.681,R
ALO,Aston Martin,HARD,11.0,False,27.417,28.44,27.672,319.0,318.0,314.0,323.0,83.529,R
ALO,Aston Martin,HARD,12.0,False,27.352,28.464,27.668,320.0,319.0,317.0,325.0,83.484,R
ALO,Aston Martin,HARD,13.0,False,27.073,28.365,27.506,315.0,315.0,313.0,338.0,82.944,R
ALO,Aston Martin,HARD,14.0,False,27.393,28.327,27.501,313.0,317.0,314.0,322.0,83.221,R
ALO,Aston Martin,HARD,15.0,False,27.312,28.373,27.56,316.0,316.0,314.0,323.0,83.245,R
ALO,Aston Martin,HARD,16.0,False,27.385,28.457,27.683,318.0,316.0,314.0,323.0,83.525,R
ALO,Aston Martin,HARD,17.0,False,27.427,28.412,27.672,319.0,318.0,315.0,324.0,83.511,R
ALO,Aston Martin,HARD,18.0,False,27.463,28.459,27.546,313.0,318.0,315.0,324.0,83.468,R
ALO,Aston Martin,HARD,19.0,False,27.419,28.553,27.789,318.0,318.0,314.0,327.0,83.761,R
ALO,Aston Martin,HARD,20.0,False,27.435,28.394,27.857,320.0,319.0,314.0,328.0,83.686,R
COL,Williams,MEDIUM,2.0,True,28.352,30.598,28.895,325.0,340.0,312.0,332.0,87.845,R
COL,Williams,MEDIUM,3.0,True,27.636,30.238,28.704,320.0,338.0,314.0,334.0,86.578,R
COL,Williams,MEDIUM,4.0,True,27.686,29.802,28.762,316.0,334.0,311.0,344.0,86.25,R
COL,Williams,MEDIUM,5.0,True,27.685,30.569,28.897,320.0,332.0,310.0,344.0,87.151,R
COL,Williams,MEDIUM,6.0,True,27.633,29.362,29.062,315.0,320.0,309.0,342.0,86.057,R
COL,Williams,MEDIUM,7.0,True,28.513,29.885,28.806,318.0,332.0,311.0,317.0,87.204,R
COL,Williams,MEDIUM,8.0,True,27.774,29.618,28.993,315.0,320.0,309.0,337.0,86.385,R
COL,Williams,MEDIUM,9.0,True,27.779,29.555,28.888,316.0,321.0,310.0,331.0,86.222,R
COL,Williams,MEDIUM,10.0,True,27.76,29.706,28.823,317.0,322.0,311.0,331.0,86.289,R
COL,Williams,MEDIUM,11.0,True,27.883,29.614,29.11,317.0,318.0,309.0,331.0,86.607,R
COL,Williams,MEDIUM,12.0,True,27.91,29.617,28.973,316.0,317.0,309.0,325.0,86.5,R
COL,Williams,MEDIUM,13.0,True,27.9,29.546,28.964,313.0,315.0,309.0,326.0,86.41,R
COL,Williams,MEDIUM,14.0,True,27.986,29.857,29.087,314.0,314.0,309.0,327.0,86.93,R
COL,Williams,MEDIUM,15.0,True,27.89,29.739,29.043,315.0,316.0,309.0,326.0,86.672,R
COL,Williams,HARD,2.0,True,27.472,28.844,28.169,315.0,318.0,311.0,328.0,84.485,R
COL,Williams,HARD,3.0,True,27.518,29.134,28.276,314.0,315.0,311.0,325.0,84.928,R
COL,Williams,HARD,4.0,True,27.749,29.188,28.211,314.0,316.0,311.0,326.0,85.148,R
COL,Williams,HARD,5.0,True,27.737,28.962,28.085,312.0,316.0,312.0,325.0,84.784,R
COL,Williams,HARD,6.0,True,27.692,29.017,28.143,315.0,317.0,312.0,325.0,84.852,R
COL,Williams,HARD,7.0,True,27.6,28.921,28.128,315.0,316.0,313.0,325.0,84.649,R
COL,Williams,HARD,8.0,True,27.614,28.932,28.089,314.0,316.0,312.0,328.0,84.635,R
COL,Williams,HARD,9.0,True,27.635,29.099,28.182,314.0,315.0,312.0,326.0,84.916,R
COL,Williams,HARD,10.0,True,27.668,28.821,28.15,316.0,318.0,313.0,326.0,84.639,R
COL,Williams,HARD,11.0,True,27.601,28.848,28.048,318.0,319.0,314.0,328.0,84.497,R
COL,Williams,HARD,12.0,True,27.778,29.06,28.167,315.0,318.0,316.0,327.0,85.005,R
COL,Williams,HARD,13.0,True,27.595,29.349,28.69,323.0,329.0,316.0,340.0,85.634,R
COL,Williams,HARD,14.0,True,27.627,29.374,28.411,315.0,319.0,314.0,342.0,85.412,R
COL,Williams,HARD,15.0,True,27.848,29.279,28.459,315.0,328.0,315.0,333.0,85.586,R
COL,Williams,HARD,16.0,True,27.856,29.424,28.153,311.0,317.0,313.0,356.0,85.433,R
COL,Williams,HARD,17.0,True,27.777,29.002,28.089,313.0,316.0,313.0,324.0,84.868,R
COL,Williams,HARD,18.0,True,27.66,29.203,28.058,316.0,315.0,312.0,326.0,84.921,R
COL,Williams,HARD,19.0,True,27.657,29.022,28.119,316.0,315.0,313.0,325.0,84.798,R
COL,Williams,HARD,20.0,True,27.749,28.911,28.18,316.0,316.0,313.0,323.0,84.84,R
COL,Williams,HARD,21.0,True,27.708,29.316,28.321,316.0,315.0,312.0,325.0,85.345,R
COL,Williams,HARD,22.0,True,27.77,29.172,28.252,317.0,316.0,313.0,326.0,85.194,R
COL,Williams,HARD,23.0,True,27.686,29.125,28.317,317.0,316.0,313.0,324.0,85.128,R
COL,Williams,HARD,24.0,True,27.866,29.027,28.254,316.0,315.0,313.0,323.0,85.147,R
COL,Williams,HARD,25.0,True,27.723,28.907,28.171,317.0,316.0,313.0,325.0,84.801,R
COL,Williams,HARD,26.0,True,27.713,28.906,28.001,316.0,315.0,312.0,324.0,84.62,R
COL,Williams,HARD,27.0,True,28.24,29.502,28.237,317.0,317.0,313.0,336.0,85.979,R
COL,Williams,HARD,28.0,True,27.716,29.211,28.234,315.0,314.0,314.0,327.0,85.161,R
COL,Williams,HARD,29.0,True,27.681,28.987,28.144,314.0,316.0,314.0,324.0,84.812,R
COL,Williams,HARD,30.0,True,27.778,29.039,28.122,312.0,313.0,314.0,340.0,84.939,R
COL,Williams,HARD,31.0,True,27.747,28.906,28.044,313.0,315.0,314.0,324.0,84.697,R
COL,Williams,HARD,32.0,True,27.746,28.832,27.96,314.0,315.0,314.0,325.0,84.538,R
COL,Williams,HARD,33.0,True,27.716,28.817,27.941,317.0,317.0,314.0,325.0,84.474,R
COL,Williams,HARD,34.0,True,27.683,28.778,27.839,316.0,316.0,314.0,325.0,84.3,R
COL,Williams,HARD,35.0,True,27.623,28.661,27.902,316.0,316.0,314.0,324.0,84.186,R
COL,Williams,HARD,36.0,True,27.719,28.664,28.046,316.0,316.0,313.0,324.0,84.429,R
COL,Williams,HARD,37.0,True,27.47,28.56,27.698,317.0,329.0,315.0,338.0,83.728,R
RIC,RB,MEDIUM,2.0,True,27.871,30.129,29.177,316.0,333.0,311.0,313.0,87.177,R
RIC,RB,MEDIUM,3.0,True,27.948,29.629,29.011,317.0,327.0,312.0,326.0,86.588,R
RIC,RB,MEDIUM,4.0,True,27.785,29.623,29.08,317.0,330.0,310.0,315.0,86.488,R
RIC,RB,MEDIUM,5.0,True,27.781,29.441,29.029,315.0,335.0,310.0,324.0,86.251,R
RIC,RB,MEDIUM,6.0,True,27.725,29.48,28.694,313.0,325.0,311.0,321.0,85.899,R
RIC,RB,MEDIUM,7.0,True,27.574,29.272,28.867,317.0,337.0,311.0,337.0,85.713,R
RIC,RB,MEDIUM,8.0,True,27.754,29.407,28.832,315.0,336.0,310.0,331.0,85.993,R
RIC,RB,MEDIUM,9.0,True,27.645,29.238,28.932,314.0,334.0,310.0,329.0,85.815,R
RIC,RB,MEDIUM,10.0,True,27.654,29.634,28.823,308.0,334.0,310.0,340.0,86.111,R
RIC,RB,HARD,3.0,False,27.957,29.332,28.833,311.0,316.0,309.0,312.0,86.122,R
RIC,RB,HARD,4.0,False,27.74,29.295,28.792,314.0,318.0,309.0,314.0,85.827,R
RIC,RB,HARD,5.0,False,27.778,29.198,28.596,313.0,318.0,310.0,313.0,85.572,R
RIC,RB,HARD,6.0,False,27.642,29.13,28.626,314.0,317.0,309.0,316.0,85.398,R
RIC,RB,HARD,7.0,False,27.631,28.931,28.466,314.0,318.0,310.0,317.0,85.028,R
RIC,RB,HARD,8.0,False,27.583,29.066,28.413,314.0,320.0,310.0,318.0,85.062,R
RIC,RB,HARD,9.0,False,27.628,28.841,28.428,314.0,318.0,310.0,316.0,84.897,R
RIC,RB,HARD,10.0,False,27.521,28.905,28.327,315.0,320.0,310.0,321.0,84.753,R
RIC,RB,HARD,11.0,False,27.635,28.913,28.443,314.0,320.0,310.0,318.0,84.991,R
RIC,RB,HARD,12.0,False,27.587,29.013,28.48,316.0,320.0,311.0,320.0,85.08,R
RIC,RB,HARD,13.0,False,27.556,28.924,28.368,316.0,319.0,311.0,321.0,84.848,R
RIC,RB,HARD,14.0,False,27.554,28.85,28.527,315.0,320.0,311.0,317.0,84.931,R
RIC,RB,HARD,15.0,False,27.57,29.013,28.464,315.0,321.0,311.0,320.0,85.047,R
RIC,RB,HARD,16.0,False,27.615,28.879,28.412,315.0,335.0,315.0,320.0,84.906,R
RIC,RB,HARD,17.0,False,27.693,29.487,28.415,332.0,322.0,314.0,355.0,85.595,R
RIC,RB,HARD,18.0,False,27.54,29.361,28.479,321.0,333.0,316.0,334.0,85.38,R
RIC,RB,HARD,19.0,False,27.375,29.007,28.453,314.0,319.0,310.0,346.0,84.835,R
RIC,RB,HARD,20.0,False,27.629,28.907,28.434,314.0,318.0,310.0,317.0,84.97,R
RIC,RB,HARD,21.0,False,27.583,28.877,28.415,315.0,322.0,309.0,316.0,84.875,R
RIC,RB,HARD,22.0,False,27.54,28.781,28.369,315.0,321.0,309.0,320.0,84.69,R
RIC,RB,HARD,23.0,False,27.589,28.815,28.258,315.0,319.0,311.0,318.0,84.662,R
RIC,RB,HARD,24.0,False,27.638,28.785,28.354,316.0,320.0,311.0,317.0,84.777,R
RIC,RB,HARD,25.0,False,28.023,29.174,28.391,320.0,322.0,310.0,303.0,85.588,R
RIC,RB,HARD,26.0,False,27.595,29.126,28.36,317.0,320.0,311.0,320.0,85.081,R
RIC,RB,HARD,27.0,False,27.58,29.089,28.426,318.0,321.0,309.0,319.0,85.095,R
RIC,RB,HARD,28.0,False,27.655,29.18,28.453,316.0,321.0,311.0,318.0,85.288,R
RIC,RB,HARD,29.0,False,27.551,29.12,28.362,317.0,320.0,311.0,319.0,85.033,R
RIC,RB,HARD,30.0,False,27.587,29.002,28.436,315.0,320.0,310.0,323.0,85.025,R
RIC,RB,HARD,31.0,False,27.613,28.975,28.357,316.0,320.0,312.0,323.0,84.945,R
RIC,RB,HARD,32.0,False,27.539,29.029,28.386,316.0,321.0,310.0,322.0,84.954,R
RIC,RB,HARD,33.0,False,27.704,29.078,28.397,317.0,321.0,311.0,321.0,85.179,R
RIC,RB,HARD,34.0,False,27.463,28.976,28.337,316.0,321.0,311.0,322.0,84.776,R
RIC,RB,HARD,35.0,False,27.577,28.935,28.551,316.0,320.0,309.0,320.0,85.063,R
RIC,RB,HARD,36.0,False,28.125,29.102,28.458,319.0,320.0,312.0,302.0,85.685,R
RIC,RB,HARD,37.0,False,27.512,28.981,28.282,319.0,325.0,313.0,325.0,84.775,R
RIC,RB,HARD,38.0,False,27.591,28.827,28.1,321.0,323.0,312.0,325.0,84.518,R
RIC,RB,HARD,39.0,False,27.568,28.837,28.212,317.0,319.0,312.0,322.0,84.617,R
RIC,RB,HARD,40.0,False,27.638,28.938,28.241,318.0,320.0,312.0,321.0,84.817,R
RIC,RB,HARD,41.0,False,27.634,28.818,28.187,316.0,319.0,313.0,320.0,84.639,R
RIC,RB,HARD,42.0,False,27.477,28.673,28.069,317.0,320.0,312.0,322.0,84.219,R
RIC,RB,HARD,43.0,False,27.486,28.661,28.2,316.0,320.0,312.0,321.0,84.347,R
OCO,Alpine,HARD,2.0,True,27.923,29.711,29.203,317.0,332.0,312.0,351.0,86.837,R
OCO,Alpine,HARD,3.0,True,27.636,29.875,28.955,315.0,332.0,312.0,335.0,86.466,R
OCO,Alpine,HARD,4.0,True,27.645,29.744,28.908,315.0,331.0,312.0,327.0,86.297,R
OCO,Alpine,HARD,5.0,True,27.648,29.977,28.943,314.0,329.0,311.0,329.0,86.568,R
OCO,Alpine,HARD,6.0,True,27.537,29.537,28.61,315.0,331.0,313.0,334.0,85.684,R
OCO,Alpine,HARD,7.0,True,27.682,29.533,28.791,315.0,331.0,312.0,344.0,86.006,R
OCO,Alpine,HARD,8.0,True,27.615,29.699,28.739,317.0,330.0,317.0,333.0,86.053,R
OCO,Alpine,HARD,9.0,True,27.493,29.157,28.719,312.0,329.0,310.0,334.0,85.369,R
OCO,Alpine,HARD,10.0,True,27.667,29.597,28.771,312.0,327.0,311.0,335.0,86.035,R
OCO,Alpine,HARD,11.0,True,27.858,29.585,28.906,313.0,328.0,310.0,324.0,86.349,R
OCO,Alpine,HARD,12.0,True,27.772,29.531,28.651,312.0,314.0,310.0,330.0,85.954,R
OCO,Alpine,HARD,13.0,True,27.841,29.602,28.616,312.0,315.0,311.0,323.0,86.059,R
OCO,Alpine,HARD,14.0,True,27.993,29.539,28.775,311.0,314.0,309.0,321.0,86.307,R
OCO,Alpine,HARD,15.0,True,28.07,29.784,28.823,296.0,323.0,310.0,318.0,86.677,R
OCO,Alpine,HARD,16.0,True,28.372,29.599,28.723,313.0,313.0,311.0,319.0,86.694,R
OCO,Alpine,HARD,17.0,True,27.879,29.478,28.645,311.0,313.0,311.0,321.0,86.002,R
OCO,Alpine,HARD,18.0,True,27.871,29.579,28.784,311.0,312.0,310.0,321.0,86.234,R
OCO,Alpine,HARD,19.0,True,27.853,29.575,28.746,311.0,313.0,310.0,319.0,86.174,R
OCO,Alpine,HARD,20.0,True,28.562,30.084,28.68,292.0,326.0,311.0,310.0,87.326,R
OCO,Alpine,HARD,21.0,True,27.882,29.769,28.799,310.0,311.0,310.0,322.0,86.45,R
OCO,Alpine,HARD,22.0,True,27.907,29.593,28.827,310.0,312.0,310.0,320.0,86.327,R
OCO,Alpine,HARD,23.0,True,27.915,29.547,28.739,311.0,312.0,309.0,319.0,86.201,R
OCO,Alpine,HARD,24.0,True,28.016,30.077,28.677,284.0,314.0,311.0,319.0,86.77,R
OCO,Alpine,HARD,25.0,True,28.287,29.931,29.301,313.0,311.0,312.0,305.0,87.519,R
OCO,Alpine,HARD,26.0,True,27.964,29.697,28.722,310.0,311.0,310.0,321.0,86.383,R
OCO,Alpine,HARD,27.0,True,28.38,29.619,28.726,314.0,324.0,311.0,319.0,86.725,R
OCO,Alpine,HARD,28.0,True,27.915,29.455,28.643,311.0,313.0,311.0,320.0,86.013,R
OCO,Alpine,HARD,29.0,True,27.936,29.459,28.704,309.0,312.0,310.0,319.0,86.099,R
OCO,Alpine,HARD,30.0,True,27.867,29.462,28.696,310.0,313.0,310.0,319.0,86.025,R
OCO,Alpine,MEDIUM,2.0,True,27.535,28.96,28.157,309.0,312.0,312.0,318.0,84.652,R
OCO,Alpine,MEDIUM,3.0,True,27.49,29.083,28.392,309.0,312.0,311.0,319.0,84.965,R
OCO,Alpine,MEDIUM,4.0,True,27.652,29.052,28.315,309.0,312.0,312.0,318.0,85.019,R
OCO,Alpine,MEDIUM,5.0,True,27.68,29.05,28.212,310.0,313.0,313.0,318.0,84.942,R
OCO,Alpine,MEDIUM,6.0,True,27.619,28.939,28.055,310.0,312.0,312.0,319.0,84.613,R
OCO,Alpine,MEDIUM,7.0,True,27.649,29.024,28.172,310.0,313.0,312.0,318.0,84.845,R
OCO,Alpine,MEDIUM,8.0,True,27.695,29.022,28.55,309.0,313.0,311.0,318.0,85.267,R
OCO,Alpine,MEDIUM,9.0,True,27.772,29.136,28.303,309.0,313.0,312.0,318.0,85.211,R
OCO,Alpine,MEDIUM,10.0,True,27.689,29.106,28.265,309.0,313.0,312.0,319.0,85.06,R
OCO,Alpine,MEDIUM,11.0,True,27.666,29.163,28.29,309.0,312.0,312.0,318.0,85.119,R
OCO,Alpine,MEDIUM,12.0,True,29.201,28.893,28.017,313.0,320.0,315.0,279.0,86.111,R
OCO,Alpine,MEDIUM,13.0,True,27.569,28.972,28.128,313.0,315.0,314.0,322.0,84.669,R
OCO,Alpine,MEDIUM,14.0,True,27.573,29.006,28.008,312.0,314.0,313.0,320.0,84.587,R
OCO,Alpine,MEDIUM,15.0,True,27.583,28.831,28.035,310.0,314.0,314.0,320.0,84.449,R
OCO,Alpine,MEDIUM,16.0,True,27.586,28.836,28.084,310.0,313.0,314.0,320.0,84.506,R
OCO,Alpine,MEDIUM,17.0,True,27.685,28.733,28.04,309.0,312.0,314.0,319.0,84.458,R
OCO,Alpine,MEDIUM,18.0,True,27.668,30.068,28.054,309.0,324.0,314.0,318.0,85.79,R
OCO,Alpine,MEDIUM,19.0,True,27.765,29.646,28.277,310.0,267.0,315.0,320.0,85.688,R
OCO,Alpine,MEDIUM,20.0,True,27.617,28.876,28.097,315.0,316.0,315.0,322.0,84.59,R
OCO,Alpine,MEDIUM,21.0,True,27.604,28.777,27.962,311.0,314.0,314.0,321.0,84.343,R
GAS,Alpine,MEDIUM,2.0,True,28.039,29.66,28.907,315.0,333.0,313.0,326.0,86.606,R
GAS,Alpine,MEDIUM,3.0,True,27.792,29.847,29.007,318.0,333.0,311.0,332.0,86.646,R
GAS,Alpine,MEDIUM,4.0,True,27.727,29.808,28.86,317.0,331.0,311.0,330.0,86.395,R
GAS,Alpine,MEDIUM,5.0,True,27.701,29.878,28.782,317.0,329.0,311.0,334.0,86.361,R
GAS,Alpine,MEDIUM,6.0,True,27.701,29.766,28.575,315.0,327.0,310.0,330.0,86.042,R
GAS,Alpine,MEDIUM,7.0,True,27.578,29.657,28.585,314.0,328.0,309.0,348.0,85.82,R
GAS,Alpine,MEDIUM,8.0,True,27.82,29.774,28.871,311.0,326.0,308.0,336.0,86.465,R
GAS,Alpine,MEDIUM,9.0,True,28.298,29.849,29.001,314.0,320.0,307.0,322.0,87.148,R
GAS,Alpine,HARD,2.0,True,27.865,28.972,28.233,309.0,313.0,310.0,318.0,85.07,R
GAS,Alpine,HARD,3.0,True,27.711,28.895,28.21,309.0,313.0,310.0,320.0,84.816,R
GAS,Alpine,HARD,4.0,True,27.635,29.154,28.425,311.0,313.0,309.0,318.0,85.214,R
GAS,Alpine,HARD,5.0,True,27.826,29.219,28.484,309.0,312.0,310.0,320.0,85.529,R
GAS,Alpine,HARD,6.0,True,27.802,29.257,28.478,308.0,312.0,310.0,319.0,85.537,R
GAS,Alpine,HARD,7.0,True,27.749,29.093,28.323,308.0,313.0,311.0,318.0,85.165,R
GAS,Alpine,HARD,8.0,True,27.923,29.637,28.622,326.0,325.0,312.0,337.0,86.182,R
GAS,Alpine,HARD,9.0,True,27.766,29.133,28.504,310.0,321.0,312.0,329.0,85.403,R
GAS,Alpine,HARD,10.0,True,27.64,29.093,28.325,310.0,322.0,313.0,330.0,85.058,R
GAS,Alpine,HARD,11.0,True,27.493,29.076,28.309,311.0,323.0,313.0,332.0,84.878,R
GAS,Alpine,HARD,12.0,True,27.58,29.377,28.148,312.0,316.0,313.0,338.0,85.105,R
GAS,Alpine,HARD,13.0,True,27.685,29.232,29.244,313.0,316.0,312.0,334.0,86.161,R
GAS,Alpine,HARD,14.0,True,27.827,29.548,28.507,313.0,316.0,312.0,332.0,85.882,R
GAS,Alpine,HARD,15.0,True,27.829,29.434,28.725,311.0,317.0,311.0,324.0,85.988,R
GAS,Alpine,HARD,16.0,True,27.833,29.396,28.513,310.0,319.0,313.0,324.0,85.742,R
GAS,Alpine,HARD,17.0,True,28.052,30.341,28.798,328.0,325.0,313.0,334.0,87.191,R
GAS,Alpine,HARD,18.0,True,27.745,29.509,28.569,315.0,318.0,312.0,326.0,85.823,R
GAS,Alpine,HARD,19.0,True,27.866,29.53,28.683,315.0,317.0,313.0,324.0,86.079,R
GAS,Alpine,HARD,2.0,True,27.539,28.895,27.989,315.0,317.0,313.0,323.0,84.423,R
GAS,Alpine,HARD,3.0,True,27.442,28.748,28.062,313.0,316.0,313.0,322.0,84.252,R
GAS,Alpine,HARD,4.0,True,27.533,28.801,28.049,312.0,313.0,313.0,320.0,84.383,R
GAS,Alpine,HARD,5.0,True,27.489,28.908,28.425,311.0,313.0,294.0,319.0,84.822,R
GAS,Alpine,HARD,6.0,True,28.483,29.115,27.993,314.0,316.0,315.0,305.0,85.591,R
GAS,Alpine,HARD,7.0,True,27.544,28.83,28.012,315.0,316.0,314.0,322.0,84.386,R
GAS,Alpine,HARD,8.0,True,28.025,29.02,28.184,315.0,326.0,316.0,321.0,85.229,R
GAS,Alpine,HARD,9.0,True,27.531,28.909,28.151,313.0,317.0,315.0,323.0,84.591,R
GAS,Alpine,HARD,10.0,True,27.386,29.224,28.494,318.0,329.0,316.0,326.0,85.104,R
GAS,Alpine,HARD,11.0,True,27.574,29.339,28.859,316.0,342.0,318.0,339.0,85.772,R
GAS,Alpine,HARD,12.0,True,27.466,29.033,28.106,311.0,314.0,313.0,337.0,84.605,R
GAS,Alpine,HARD,13.0,True,27.634,28.826,28.682,311.0,314.0,296.0,321.0,85.142,R
GAS,Alpine,HARD,14.0,True,29.052,28.986,28.137,314.0,332.0,315.0,297.0,86.175,R
GAS,Alpine,HARD,15.0,True,27.465,29.33,28.63,318.0,278.0,314.0,337.0,85.425,R
GAS,Alpine,HARD,16.0,True,27.428,28.993,27.982,315.0,317.0,315.0,326.0,84.403,R
GAS,Alpine,HARD,17.0,True,27.416,28.669,27.838,314.0,316.0,317.0,324.0,83.923,R
GAS,Alpine,HARD,18.0,True,27.482,28.672,27.882,314.0,316.0,316.0,323.0,84.036,R
GAS,Alpine,HARD,19.0,True,27.38,28.645,27.827,313.0,316.0,316.0,322.0,83.852,R
GAS,Alpine,HARD,20.0,True,27.401,28.762,27.914,314.0,315.0,317.0,323.0,84.077,R
GAS,Alpine,HARD,21.0,True,27.415,28.564,27.776,313.0,316.0,316.0,320.0,83.755,R
GAS,Alpine,HARD,22.0,True,27.504,28.724,27.745,313.0,316.0,315.0,323.0,83.973,R
BOT,Kick Sauber,HARD,3.0,False,28.513,30.846,29.018,329.0,337.0,312.0,313.0,88.377,R
BOT,Kick Sauber,HARD,4.0,False,28.06,30.139,28.719,312.0,333.0,311.0,325.0,86.918,R
BOT,Kick Sauber,HARD,5.0,False,27.719,29.733,28.872,314.0,333.0,310.0,334.0,86.324,R
BOT,Kick Sauber,HARD,6.0,False,27.926,31.159,29.157,315.0,343.0,309.0,333.0,88.242,R
BOT,Kick Sauber,HARD,7.0,False,28.073,29.845,28.581,311.0,317.0,308.0,318.0,86.499,R
BOT,Kick Sauber,HARD,8.0,False,28.19,29.477,28.692,311.0,318.0,308.0,318.0,86.359,R
BOT,Kick Sauber,HARD,9.0,False,28.05,29.472,28.684,311.0,316.0,308.0,319.0,86.206,R
BOT,Kick Sauber,HARD,10.0,False,27.997,29.535,28.656,312.0,317.0,309.0,318.0,86.188,R
BOT,Kick Sauber,HARD,11.0,False,28.035,29.428,28.655,311.0,318.0,310.0,320.0,86.118,R
BOT,Kick Sauber,HARD,12.0,False,28.107,29.584,28.779,311.0,316.0,310.0,321.0,86.47,R
BOT,Kick Sauber,HARD,13.0,False,28.073,29.496,28.638,312.0,316.0,309.0,320.0,86.207,R
BOT,Kick Sauber,HARD,14.0,False,28.165,29.538,28.646,311.0,316.0,311.0,319.0,86.349,R
BOT,Kick Sauber,HARD,15.0,False,28.236,29.624,28.621,312.0,316.0,311.0,319.0,86.481,R
BOT,Kick Sauber,HARD,16.0,False,28.065,29.971,28.754,313.0,315.0,311.0,324.0,86.79,R
BOT,Kick Sauber,HARD,17.0,False,28.039,29.727,28.803,314.0,326.0,310.0,332.0,86.569,R
BOT,Kick Sauber,HARD,18.0,False,28.035,29.612,28.749,308.0,313.0,309.0,327.0,86.396,R
BOT,Kick Sauber,HARD,19.0,False,28.073,29.598,28.688,310.0,314.0,309.0,320.0,86.359,R
BOT,Kick Sauber,HARD,20.0,False,28.074,29.546,28.836,309.0,313.0,308.0,315.0,86.456,R
BOT,Kick Sauber,HARD,21.0,False,28.154,29.728,28.921,309.0,313.0,308.0,318.0,86.803,R
BOT,Kick Sauber,HARD,22.0,False,28.47,29.93,28.83,313.0,314.0,309.0,308.0,87.23,R
BOT,Kick Sauber,HARD,23.0,False,28.527,30.062,28.815,320.0,326.0,311.0,320.0,87.404,R
BOT,Kick Sauber,HARD,24.0,False,28.218,29.95,28.775,312.0,313.0,309.0,317.0,86.943,R
BOT,Kick Sauber,HARD,25.0,False,27.948,29.852,28.742,310.0,314.0,309.0,321.0,86.542,R
BOT,Kick Sauber,HARD,26.0,False,28.314,29.834,28.715,314.0,316.0,310.0,318.0,86.863,R
BOT,Kick Sauber,HARD,27.0,False,28.54,29.7,28.645,314.0,325.0,311.0,318.0,86.885,R
BOT,Kick Sauber,HARD,28.0,False,28.049,29.594,28.666,311.0,315.0,308.0,320.0,86.309,R
BOT,Kick Sauber,HARD,29.0,False,27.947,29.271,28.586,323.0,314.0,309.0,337.0,85.804,R
BOT,Kick Sauber,HARD,30.0,False,28.501,29.766,28.56,313.0,314.0,310.0,316.0,86.827,R
BOT,Kick Sauber,HARD,31.0,False,28.03,29.509,28.483,310.0,312.0,310.0,318.0,86.022,R
BOT,Kick Sauber,HARD,32.0,False,28.139,29.354,28.511,310.0,313.0,309.0,318.0,86.004,R
BOT,Kick Sauber,HARD,33.0,False,28.465,30.506,28.888,326.0,330.0,311.0,335.0,87.859,R
BOT,Kick Sauber,MEDIUM,3.0,False,27.734,29.222,28.38,309.0,312.0,310.0,317.0,85.336,R
BOT,Kick Sauber,MEDIUM,4.0,False,27.765,29.169,28.18,309.0,312.0,311.0,318.0,85.114,R
BOT,Kick Sauber,MEDIUM,5.0,False,27.78,29.132,28.301,310.0,313.0,311.0,316.0,85.213,R
BOT,Kick Sauber,MEDIUM,6.0,False,27.866,29.222,29.616,310.0,314.0,313.0,318.0,86.704,R
BOT,Kick Sauber,MEDIUM,7.0,False,27.615,29.332,28.134,314.0,316.0,312.0,328.0,85.081,R
BOT,Kick Sauber,MEDIUM,8.0,False,27.758,29.092,28.31,310.0,315.0,313.0,320.0,85.16,R
BOT,Kick Sauber,MEDIUM,9.0,False,28.082,29.887,28.341,253.0,315.0,312.0,320.0,86.31,R
BOT,Kick Sauber,MEDIUM,10.0,False,27.723,29.687,28.626,310.0,281.0,312.0,320.0,86.036,R
BOT,Kick Sauber,MEDIUM,11.0,False,27.523,28.919,28.195,314.0,317.0,313.0,323.0,84.637,R
BOT,Kick Sauber,MEDIUM,12.0,False,27.761,28.885,28.146,312.0,315.0,313.0,320.0,84.792,R
BOT,Kick Sauber,MEDIUM,13.0,False,27.682,28.921,27.985,311.0,315.0,314.0,318.0,84.588,R
BOT,Kick Sauber,MEDIUM,14.0,False,27.617,28.657,28.084,310.0,330.0,316.0,319.0,84.358,R
BOT,Kick Sauber,MEDIUM,15.0,False,27.332,28.775,27.982,329.0,312.0,313.0,353.0,84.089,R
BOT,Kick Sauber,MEDIUM,16.0,False,27.75,28.539,28.837,307.0,312.0,315.0,315.0,85.126,R
BOT,Kick Sauber,MEDIUM,17.0,False,27.443,28.632,27.81,314.0,316.0,314.0,335.0,83.885,R
BOT,Kick Sauber,MEDIUM,18.0,False,27.651,28.704,28.002,310.0,313.0,313.0,319.0,84.357,R
BOT,Kick Sauber,MEDIUM,19.0,False,27.537,28.569,27.873,311.0,315.0,314.0,316.0,83.979,R
BOT,Kick Sauber,MEDIUM,20.0,False,27.55,28.419,27.64,312.0,317.0,314.0,319.0,83.609,R
HUL,Haas F1 Team,MEDIUM,2.0,True,28.557,30.071,28.884,320.0,341.0,316.0,313.0,87.512,R
HUL,Haas F1 Team,MEDIUM,3.0,True,27.75,30.166,28.518,320.0,338.0,320.0,309.0,86.434,R
HUL,Haas F1 Team,MEDIUM,4.0,True,27.663,30.138,28.74,335.0,337.0,314.0,355.0,86.541,R
HUL,Haas F1 Team,HARD,2.0,True,27.741,29.461,28.68,309.0,315.0,309.0,316.0,85.882,R
HUL,Haas F1 Team,HARD,3.0,True,27.613,29.199,28.539,310.0,315.0,308.0,318.0,85.351,R
HUL,Haas F1 Team,HARD,4.0,True,27.635,29.008,28.548,310.0,315.0,308.0,319.0,85.191,R
HUL,Haas F1 Team,HARD,5.0,True,27.683,29.155,28.356,310.0,315.0,310.0,319.0,85.194,R
HUL,Haas F1 Team,HARD,6.0,True,27.695,29.264,28.363,310.0,315.0,310.0,318.0,85.322,R
HUL,Haas F1 Team,HARD,7.0,True,27.705,29.112,28.349,311.0,316.0,311.0,319.0,85.166,R
HUL,Haas F1 Team,HARD,8.0,True,27.709,28.99,28.284,312.0,317.0,310.0,320.0,84.983,R
HUL,Haas F1 Team,HARD,9.0,True,27.67,29.059,28.285,313.0,317.0,311.0,320.0,85.014,R
HUL,Haas F1 Team,HARD,10.0,True,27.814,29.602,28.446,312.0,316.0,311.0,319.0,85.862,R
HUL,Haas F1 Team,HARD,11.0,True,27.621,29.153,28.243,317.0,321.0,312.0,324.0,85.017,R
HUL,Haas F1 Team,HARD,12.0,True,28.068,29.532,28.519,312.0,330.0,315.0,340.0,86.119,R
HUL,Haas F1 Team,HARD,13.0,True,27.745,29.402,28.318,316.0,320.0,313.0,336.0,85.465,R
HUL,Haas F1 Team,HARD,14.0,True,27.643,29.281,28.402,314.0,319.0,312.0,323.0,85.326,R
HUL,Haas F1 Team,HARD,15.0,True,28.033,29.416,28.664,317.0,320.0,313.0,310.0,86.113,R
HUL,Haas F1 Team,HARD,16.0,True,27.727,29.626,28.382,315.0,318.0,312.0,323.0,85.735,R
HUL,Haas F1 Team,HARD,17.0,True,27.699,29.412,28.454,315.0,318.0,311.0,323.0,85.565,R
HUL,Haas F1 Team,HARD,18.0,True,27.753,29.402,28.477,314.0,318.0,311.0,322.0,85.632,R
HUL,Haas F1 Team,HARD,19.0,True,27.815,29.378,28.415,313.0,317.0,311.0,322.0,85.608,R
HUL,Haas F1 Team,HARD,20.0,True,27.703,29.635,28.378,314.0,318.0,311.0,322.0,85.716,R
HUL,Haas F1 Team,HARD,21.0,True,27.639,29.426,28.441,314.0,319.0,311.0,323.0,85.506,R
HUL,Haas F1 Team,HARD,22.0,True,27.804,29.477,28.393,312.0,317.0,311.0,321.0,85.674,R
HUL,Haas F1 Team,HARD,23.0,True,27.724,29.358,28.348,314.0,319.0,311.0,323.0,85.43,R
HUL,Haas F1 Team,HARD,24.0,True,27.783,29.394,28.393,314.0,318.0,311.0,323.0,85.57,R
HUL,Haas F1 Team,HARD,25.0,True,27.747,29.399,28.482,312.0,316.0,311.0,320.0,85.628,R
HUL,Haas F1 Team,HARD,26.0,True,27.617,29.306,28.219,315.0,320.0,311.0,323.0,85.142,R
HUL,Haas F1 Team,HARD,2.0,True,27.184,28.603,27.8,314.0,317.0,314.0,321.0,83.587,R
HUL,Haas F1 Team,HARD,3.0,True,27.358,28.568,27.835,313.0,316.0,314.0,319.0,83.761,R
HUL,Haas F1 Team,HARD,4.0,True,27.531,28.515,27.726,313.0,317.0,315.0,321.0,83.772,R
HUL,Haas F1 Team,HARD,5.0,True,28.75,30.963,28.096,225.0,319.0,315.0,321.0,87.809,R
HUL,Haas F1 Team,HARD,6.0,True,27.224,28.782,27.874,322.0,326.0,315.0,330.0,83.88,R
HUL,Haas F1 Team,HARD,7.0,True,27.474,28.71,27.835,316.0,321.0,315.0,323.0,84.019,R
HUL,Haas F1 Team,HARD,8.0,True,27.388,28.548,27.685,316.0,322.0,315.0,325.0,83.621,R
HUL,Haas F1 Team,HARD,9.0,True,27.305,28.476,27.668,314.0,319.0,315.0,322.0,83.449,R
HUL,Haas F1 Team,HARD,10.0,True,27.402,28.603,27.619,314.0,319.0,315.0,321.0,83.624,R
HUL,Haas F1 Team,HARD,11.0,True,27.345,28.631,27.615,314.0,318.0,316.0,322.0,83.591,R
HUL,Haas F1 Team,HARD,12.0,True,27.215,28.512,27.548,318.0,322.0,316.0,325.0,83.275,R
HUL,Haas F1 Team,HARD,13.0,True,27.441,28.593,27.773,317.0,321.0,316.0,324.0,83.807,R
HUL,Haas F1 Team,HARD,14.0,True,27.342,29.061,27.704,319.0,323.0,317.0,326.0,84.107,R
HUL,Haas F1 Team,HARD,15.0,True,27.137,30.443,29.411,321.0,213.0,316.0,341.0,86.991,R
HUL,Haas F1 Team,HARD,16.0,True,27.355,28.862,28.908,319.0,334.0,319.0,340.0,85.125,R
HUL,Haas F1 Team,HARD,17.0,True,27.026,28.648,27.73,315.0,319.0,316.0,354.0,83.404,R
HUL,Haas F1 Team,HARD,18.0,True,27.374,28.833,27.81,316.0,319.0,316.0,322.0,84.017,R
HUL,Haas F1 Team,HARD,19.0,True,27.537,28.807,27.867,314.0,319.0,315.0,321.0,84.211,R
HUL,Haas F1 Team,HARD,20.0,True,27.415,28.802,27.749,314.0,319.0,315.0,321.0,83.966,R
ZHO,Kick Sauber,MEDIUM,3.0,False,28.437,30.907,29.377,320.0,339.0,314.0,301.0,88.721,R
ZHO,Kick Sauber,MEDIUM,4.0,False,27.856,30.169,28.972,315.0,337.0,314.0,326.0,86.997,R
ZHO,Kick Sauber,MEDIUM,5.0,False,27.734,29.687,28.805,316.0,335.0,312.0,328.0,86.226,R
ZHO,Kick Sauber,MEDIUM,6.0,False,27.948,30.958,30.35,315.0,334.0,309.0,327.0,89.256,R
ZHO,Kick Sauber,MEDIUM,7.0,False,27.648,29.667,28.627,315.0,321.0,311.0,352.0,85.942,R
ZHO,Kick Sauber,MEDIUM,8.0,False,27.955,29.622,28.804,315.0,320.0,310.0,317.0,86.381,R
ZHO,Kick Sauber,MEDIUM,9.0,False,27.845,29.699,28.867,314.0,318.0,310.0,324.0,86.411,R
ZHO,Kick Sauber,MEDIUM,10.0,False,27.98,29.607,28.728,314.0,319.0,311.0,324.0,86.315,R
ZHO,Kick Sauber,MEDIUM,11.0,False,27.822,29.566,28.74,314.0,319.0,312.0,322.0,86.128,R
ZHO,Kick Sauber,MEDIUM,12.0,False,28.011,29.651,28.826,313.0,318.0,311.0,321.0,86.488,R
ZHO,Kick Sauber,MEDIUM,13.0,False,27.957,29.526,28.865,313.0,318.0,310.0,323.0,86.348,R
ZHO,Kick Sauber,MEDIUM,14.0,False,27.971,29.784,29.047,312.0,317.0,309.0,322.0,86.802,R
ZHO,Kick Sauber,MEDIUM,15.0,False,28.089,29.923,29.08,312.0,314.0,309.0,320.0,87.092,R
ZHO,Kick Sauber,HARD,3.0,False,27.696,29.104,28.292,310.0,314.0,312.0,315.0,85.092,R
ZHO,Kick Sauber,HARD,4.0,False,27.567,29.322,28.356,310.0,314.0,311.0,319.0,85.245,R
ZHO,Kick Sauber,HARD,5.0,False,27.812,29.365,28.6,309.0,313.0,311.0,317.0,85.777,R
ZHO,Kick Sauber,HARD,6.0,False,27.673,29.408,28.507,310.0,314.0,311.0,319.0,85.588,R
ZHO,Kick Sauber,HARD,7.0,False,27.658,29.532,28.553,311.0,314.0,311.0,316.0,85.743,R
ZHO,Kick Sauber,HARD,8.0,False,27.859,29.584,28.433,312.0,314.0,311.0,316.0,85.876,R
ZHO,Kick Sauber,HARD,9.0,False,27.791,29.681,28.589,311.0,313.0,311.0,319.0,86.061,R
ZHO,Kick Sauber,HARD,10.0,False,28.004,29.474,28.563,310.0,314.0,311.0,317.0,86.041,R
ZHO,Kick Sauber,HARD,11.0,False,27.703,29.387,28.493,310.0,314.0,311.0,320.0,85.583,R
ZHO,Kick Sauber,HARD,12.0,False,27.868,29.236,28.445,310.0,315.0,311.0,320.0,85.549,R
ZHO,Kick Sauber,HARD,13.0,False,27.803,29.335,28.465,310.0,314.0,312.0,319.0,85.603,R
ZHO,Kick Sauber,HARD,14.0,False,27.843,29.385,28.471,311.0,315.0,312.0,321.0,85.699,R
ZHO,Kick Sauber,HARD,15.0,False,27.798,29.355,28.362,311.0,314.0,311.0,319.0,85.515,R
ZHO,Kick Sauber,HARD,16.0,False,27.793,29.374,28.324,310.0,314.0,312.0,319.0,85.491,R
ZHO,Kick Sauber,HARD,17.0,False,27.73,29.327,28.421,311.0,315.0,310.0,319.0,85.478,R
ZHO,Kick Sauber,HARD,18.0,False,27.789,29.265,28.302,313.0,317.0,312.0,319.0,85.356,R
ZHO,Kick Sauber,HARD,19.0,False,27.762,29.332,28.357,312.0,315.0,312.0,321.0,85.451,R
ZHO,Kick Sauber,HARD,20.0,False,27.676,29.261,28.55,312.0,315.0,311.0,321.0,85.487,R
ZHO,Kick Sauber,HARD,21.0,False,27.707,29.299,28.514,312.0,315.0,311.0,319.0,85.52,R
ZHO,Kick Sauber,HARD,22.0,False,28.604,29.492,28.51,316.0,317.0,313.0,307.0,86.606,R
ZHO,Kick Sauber,HARD,23.0,False,27.585,29.165,28.455,318.0,320.0,311.0,325.0,85.205,R
ZHO,Kick Sauber,HARD,24.0,False,27.851,29.989,28.812,311.0,296.0,313.0,318.0,86.652,R
ZHO,Kick Sauber,HARD,25.0,False,27.686,29.407,28.491,315.0,318.0,313.0,324.0,85.584,R
ZHO,Kick Sauber,HARD,26.0,False,27.848,29.35,28.622,312.0,315.0,313.0,335.0,85.82,R
ZHO,Kick Sauber,HARD,27.0,False,28.066,29.641,28.73,312.0,315.0,312.0,320.0,86.437,R
ZHO,Kick Sauber,HARD,28.0,False,28.194,29.965,29.481,317.0,254.0,314.0,319.0,87.64,R
ZHO,Kick Sauber,HARD,29.0,False,28.549,29.732,28.635,314.0,314.0,312.0,295.0,86.916,R
ZHO,Kick Sauber,HARD,30.0,False,28.627,29.773,28.518,295.0,317.0,313.0,322.0,86.918,R
ZHO,Kick Sauber,HARD,31.0,False,27.696,29.417,28.519,313.0,316.0,312.0,322.0,85.632,R
ZHO,Kick Sauber,HARD,32.0,False,27.802,29.456,28.599,311.0,314.0,313.0,320.0,85.857,R
ZHO,Kick Sauber,HARD,33.0,False,27.812,30.016,29.614,306.0,322.0,316.0,338.0,87.442,R
ZHO,Kick Sauber,HARD,34.0,False,27.662,29.428,28.75,314.0,328.0,313.0,331.0,85.84,R
ZHO,Kick Sauber,HARD,35.0,False,28.173,29.563,28.562,313.0,316.0,314.0,318.0,86.298,R
ZHO,Kick Sauber,HARD,36.0,False,27.803,29.412,28.324,311.0,316.0,313.0,321.0,85.539,R
ZHO,Kick Sauber,HARD,37.0,False,27.857,29.469,28.62,310.0,314.0,313.0,323.0,85.946,R
ZHO,Kick Sauber,HARD,38.0,False,27.669,29.864,29.747,311.0,304.0,302.0,320.0,87.28,R
STR,Aston Martin,HARD,3.0,False,28.654,30.65,29.038,322.0,340.0,312.0,340.0,88.342,R
STR,Aston Martin,HARD,4.0,False,27.671,30.279,28.784,312.0,340.0,313.0,338.0,86.734,R
STR,Aston Martin,HARD,5.0,False,27.514,29.972,28.767,317.0,335.0,311.0,344.0,86.253,R
STR,Aston Martin,HARD,6.0,False,27.636,30.549,29.049,317.0,334.0,309.0,335.0,87.234,R
STR,Aston Martin,HARD,7.0,False,27.529,29.431,28.598,317.0,330.0,315.0,340.0,85.558,R
STR,Aston Martin,HARD,8.0,False,28.114,29.553,28.541,309.0,315.0,308.0,353.0,86.208,R
STR,Aston Martin,HARD,9.0,False,27.799,29.379,28.621,309.0,316.0,308.0,318.0,85.799,R
STR,Aston Martin,HARD,10.0,False,27.777,29.585,28.662,312.0,317.0,308.0,324.0,86.024,R
STR,Aston Martin,HARD,11.0,False,27.822,29.369,28.991,314.0,330.0,308.0,323.0,86.182,R
STR,Aston Martin,HARD,12.0,False,27.691,29.398,28.586,311.0,315.0,309.0,329.0,85.675,R
STR,Aston Martin,HARD,13.0,False,27.829,29.342,28.776,311.0,313.0,309.0,320.0,85.947,R
STR,Aston Martin,HARD,14.0,False,27.742,29.697,28.704,309.0,313.0,309.0,327.0,86.143,R
STR,Aston Martin,HARD,15.0,False,27.738,29.465,28.692,314.0,315.0,310.0,320.0,85.895,R
STR,Aston Martin,HARD,16.0,False,28.009,29.927,29.05,311.0,313.0,309.0,318.0,86.986,R
STR,Aston Martin,HARD,17.0,False,27.925,29.737,28.931,311.0,311.0,309.0,320.0,86.593,R
STR,Aston Martin,HARD,18.0,False,27.839,29.852,28.893,311.0,313.0,308.0,322.0,86.584,R
STR,Aston Martin,HARD,19.0,False,27.903,30.488,29.133,312.0,326.0,308.0,325.0,87.524,R
STR,Aston Martin,HARD,4.0,False,27.443,29.024,28.254,313.0,316.0,311.0,331.0,84.721,R
STR,Aston Martin,HARD,5.0,False,27.515,29.053,28.153,316.0,317.0,313.0,326.0,84.721,R
STR,Aston Martin,HARD,6.0,False,27.408,29.088,28.163,317.0,317.0,313.0,328.0,84.659,R
STR,Aston Martin,HARD,7.0,False,27.482,29.036,28.25,316.0,317.0,313.0,327.0,84.768,R
STR,Aston Martin,HARD,8.0,False,27.401,29.097,28.245,316.0,318.0,313.0,326.0,84.743,R
STR,Aston Martin,HARD,9.0,False,27.491,28.9,28.1,316.0,319.0,313.0,324.0,84.491,R
STR,Aston Martin,HARD,10.0,False,27.388,28.802,28.247,319.0,330.0,313.0,330.0,84.437,R
STR,Aston Martin,HARD,11.0,False,27.371,28.965,28.282,319.0,331.0,314.0,345.0,84.618,R
STR,Aston Martin,HARD,12.0,False,27.362,29.444,28.591,322.0,335.0,316.0,339.0,85.397,R
STR,Aston Martin,HARD,13.0,False,27.631,29.905,28.841,331.0,336.0,314.0,342.0,86.377,R
STR,Aston Martin,HARD,14.0,False,27.379,29.025,28.345,316.0,336.0,314.0,340.0,84.749,R
STR,Aston Martin,HARD,15.0,False,27.675,29.483,28.418,327.0,331.0,313.0,340.0,85.576,R
STR,Aston Martin,HARD,16.0,False,27.546,29.102,28.299,315.0,329.0,313.0,332.0,84.947,R
STR,Aston Martin,HARD,17.0,False,27.349,29.1,28.407,321.0,332.0,311.0,343.0,84.856,R
STR,Aston Martin,HARD,18.0,False,27.402,29.095,28.366,321.0,331.0,313.0,339.0,84.863,R
STR,Aston Martin,MEDIUM,3.0,False,26.947,28.796,27.874,313.0,315.0,313.0,356.0,83.617,R
STR,Aston Martin,MEDIUM,4.0,False,27.336,28.607,28.487,314.0,330.0,315.0,324.0,84.43,R
STR,Aston Martin,MEDIUM,5.0,False,28.301,28.853,28.623,319.0,331.0,316.0,356.0,85.777,R
STR,Aston Martin,MEDIUM,6.0,False,26.975,28.741,27.986,311.0,312.0,312.0,355.0,83.702,R
STR,Aston Martin,MEDIUM,7.0,False,27.461,28.549,27.813,312.0,313.0,313.0,319.0,83.823,R
STR,Aston Martin,MEDIUM,8.0,False,27.534,28.496,27.78,312.0,314.0,314.0,322.0,83.81,R
STR,Aston Martin,MEDIUM,9.0,False,27.358,28.411,27.885,315.0,316.0,314.0,321.0,83.654,R
STR,Aston Martin,MEDIUM,10.0,False,27.348,28.321,27.758,316.0,318.0,314.0,322.0,83.427,R
STR,Aston Martin,MEDIUM,11.0,False,27.371,28.627,27.908,316.0,317.0,315.0,323.0,83.906,R
STR,Aston Martin,MEDIUM,12.0,False,27.349,28.673,27.992,315.0,317.0,315.0,326.0,84.014,R
STR,Aston Martin,MEDIUM,13.0,False,27.419,29.351,29.334,317.0,291.0,314.0,326.0,86.104,R
STR,Aston Martin,MEDIUM,14.0,False,27.468,29.129,28.467,314.0,319.0,313.0,326.0,85.064,R
STR,Aston Martin,SOFT,2.0,True,26.932,27.914,27.386,324.0,319.0,315.0,337.0,82.232,R
TSU,RB,HARD,3.0,False,28.414,30.094,29.03,317.0,341.0,312.0,334.0,87.538,R
TSU,RB,HARD,4.0,False,27.756,29.819,29.09,313.0,339.0,312.0,349.0,86.665,R
TSU,RB,HARD,5.0,False,27.631,29.689,28.878,329.0,340.0,311.0,353.0,86.198,R
TSU,RB,HARD,6.0,False,28.736,32.722,30.783,293.0,325.0,307.0,340.0,92.241,R
TSU,RB,HARD,7.0,False,28.426,30.441,29.606,316.0,325.0,309.0,294.0,88.473,R
RUS,Mercedes,INTERMEDIATE,2.0,True,30.831,39.784,27.185,291.0,246.0,232.0,298.0,97.8,Q
RUS,Mercedes,INTERMEDIATE,3.0,True,42.237,53.886,31.272,215.0,179.0,236.0,278.0,127.395,Q
RUS,Mercedes,INTERMEDIATE,4.0,True,30.704,39.456,27.055,293.0,247.0,230.0,299.0,97.215,Q
RUS,Mercedes,SOFT,2.0,True,29.055,42.133,25.805,283.0,254.0,248.0,294.0,96.993,Q
RUS,Mercedes,SOFT,3.0,True,29.677,37.805,25.158,288.0,257.0,249.0,297.0,92.64,Q
RUS,Mercedes,SOFT,4.0,True,28.97,36.277,24.859,291.0,262.0,251.0,300.0,90.106,Q
RUS,Mercedes,SOFT,7.0,False,28.526,36.502,24.743,307.0,262.0,250.0,310.0,89.771,Q
RUS,Mercedes,SOFT,8.0,False,28.401,35.69,24.014,312.0,264.0,251.0,320.0,88.105,Q
RUS,Mercedes,SOFT,2.0,True,28.063,35.087,23.616,312.0,267.0,252.0,321.0,86.766,Q
RUS,Mercedes,SOFT,3.0,True,42.161,49.677,34.773,240.0,230.0,253.0,303.0,126.611,Q
RUS,Mercedes,SOFT,4.0,True,28.267,35.016,23.44,312.0,266.0,253.0,321.0,86.723,Q
RUS,Mercedes,SOFT,2.0,True,27.994,34.64,23.39,313.0,269.0,252.0,321.0,86.024,Q
RUS,Mercedes,SOFT,2.0,True,28.016,34.508,23.295,314.0,269.0,252.0,323.0,85.819,Q
HAM,Mercedes,INTERMEDIATE,2.0,True,31.107,39.548,27.104,291.0,238.0,231.0,298.0,97.759,Q
HAM,Mercedes,INTERMEDIATE,3.0,True,40.701,51.275,30.787,200.0,226.0,232.0,257.0,122.763,Q
HAM,Mercedes,INTERMEDIATE,4.0,True,30.696,39.352,27.086,292.0,246.0,234.0,298.0,97.134,Q
HAM,Mercedes,SOFT,2.0,True,29.571,37.473,25.154,283.0,259.0,246.0,290.0,92.198,Q
HAM,Mercedes,SOFT,3.0,True,31.081,42.332,29.026,282.0,241.0,243.0,285.0,102.439,Q
HAM,Mercedes,SOFT,4.0,True,28.925,35.67,24.952,292.0,262.0,243.0,300.0,89.547,Q
HAM,Mercedes,SOFT,7.0,False,28.412,35.73,24.143,304.0,265.0,251.0,309.0,88.285,Q
HAM,Mercedes,SOFT,8.0,False,28.504,35.321,23.724,293.0,262.0,251.0,319.0,87.549,Q
HAM,Mercedes,SOFT,2.0,True,28.224,34.921,23.625,311.0,266.0,250.0,320.0,86.77,Q
HAM,Mercedes,SOFT,3.0,True,35.282,53.26,38.752,216.0,233.0,248.0,282.0,127.294,Q
HAM,Mercedes,SOFT,2.0,True,27.918,34.844,23.434,312.0,266.0,251.0,320.0,86.196,Q
HAM,Mercedes,SOFT,2.0,True,27.99,34.618,23.382,312.0,269.0,249.0,322.0,85.99,Q
NOR,McLaren,INTERMEDIATE,2.0,True,30.973,39.707,26.927,286.0,245.0,235.0,290.0,97.607,Q
NOR,McLaren,INTERMEDIATE,3.0,True,42.663,46.823,32.457,116.0,235.0,234.0,284.0,121.943,Q
NOR,McLaren,INTERMEDIATE,4.0,True,33.095,52.286,29.989,242.0,206.0,237.0,281.0,115.37,Q
NOR,McLaren,SOFT,2.0,True,29.155,37.04,25.401,283.0,259.0,244.0,296.0,91.596,Q
NOR,McLaren,SOFT,3.0,True,29.048,47.043,31.141,289.0,216.0,218.0,283.0,107.232,Q
NOR,McLaren,SOFT,6.0,False,28.15,35.364,23.918,312.0,267.0,252.0,318.0,87.432,Q
NOR,McLaren,SOFT,2.0,True,29.933,45.696,33.427,246.0,205.0,253.0,193.0,109.056,Q
NOR,McLaren,SOFT,3.0,True,28.113,34.813,23.633,309.0,267.0,252.0,320.0,86.559,Q
NOR,McLaren,SOFT,4.0,True,34.029,50.473,37.238,194.0,230.0,204.0,240.0,121.74,Q
NOR,McLaren,SOFT,2.0,True,28.025,34.567,23.438,307.0,268.0,254.0,317.0,86.03,Q
VER,Red Bull Racing,INTERMEDIATE,2.0,True,31.362,39.005,27.151,289.0,243.0,221.0,296.0,97.518,Q
VER,Red Bull Racing,INTERMEDIATE,3.0,True,38.475,54.234,35.257,259.0,215.0,240.0,112.0,127.966,Q
VER,Red Bull Racing,INTERMEDIATE,4.0,True,30.778,39.251,27.391,291.0,245.0,222.0,295.0,97.42,Q
VER,Red Bull Racing,SOFT,2.0,True,28.859,46.887,34.178,291.0,227.0,238.0,275.0,109.924,Q
VER,Red Bull Racing,SOFT,3.0,True,29.197,36.987,25.648,292.0,256.0,236.0,301.0,91.832,Q
VER,Red Bull Racing,SOFT,4.0,True,29.053,36.706,25.583,294.0,259.0,203.0,300.0,91.342,Q
VER,Red Bull Racing,SOFT,2.0,True,28.249,35.432,24.118,314.0,261.0,250.0,321.0,87.799,Q
VER,Red Bull Racing,SOFT,3.0,True,40.851,46.535,28.105,244.0,239.0,252.0,284.0,115.491,Q
VER,Red Bull Racing,SOFT,4.0,True,28.269,35.29,23.807,313.0,264.0,250.0,322.0,87.366,Q
VER,Red Bull Racing,SOFT,2.0,True,28.138,35.077,23.581,313.0,262.0,252.0,320.0,86.796,Q
VER,Red Bull Racing,SOFT,2.0,True,28.036,34.712,23.602,313.0,262.0,252.0,321.0,86.35,Q
VER,Red Bull Racing,SOFT,2.0,True,28.136,34.587,23.48,313.0,264.0,252.0,322.0,86.203,Q
PIA,McLaren,INTERMEDIATE,2.0,True,31.134,39.802,27.348,284.0,244.0,226.0,291.0,98.284,Q
PIA,McLaren,INTERMEDIATE,3.0,True,39.297,46.515,38.547,239.0,227.0,227.0,125.0,124.359,Q
PIA,McLaren,INTERMEDIATE,4.0,True,30.856,39.327,27.189,291.0,240.0,233.0,297.0,97.372,Q
PIA,McLaren,SOFT,2.0,True,29.2,36.417,25.278,286.0,260.0,246.0,292.0,90.895,Q
PIA,McLaren,SOFT,3.0,True,29.124,41.096,26.835,292.0,243.0,236.0,300.0,97.055,Q
PIA,McLaren,SOFT,6.0,False,28.298,35.208,24.125,310.0,265.0,251.0,319.0,87.631,Q
PIA,McLaren,SOFT,2.0,True,28.189,34.927,23.829,309.0,269.0,252.0,318.0,86.945,Q
PIA,McLaren,SOFT,3.0,True,37.706,46.658,34.485,236.0,207.0,178.0,264.0,118.849,Q
PIA,McLaren,SOFT,4.0,True,39.895,45.448,33.458,254.0,225.0,251.0,296.0,118.801,Q
PIA,McLaren,SOFT,5.0,True,28.178,34.913,23.642,308.0,266.0,253.0,320.0,86.733,Q
PIA,McLaren,SOFT,2.0,True,28.043,34.701,23.493,309.0,270.0,254.0,321.0,86.237,Q
PIA,McLaren,SOFT,2.0,True,28.096,35.14,23.807,318.0,268.0,254.0,332.0,87.043,Q
HUL,Haas F1 Team,SOFT,2.0,True,29.532,37.039,25.358,295.0,256.0,248.0,302.0,91.929,Q
HUL,Haas F1 Team,SOFT,2.0,True,28.412,35.434,23.872,315.0,265.0,253.0,323.0,87.718,Q
HUL,Haas F1 Team,SOFT,2.0,True,28.059,35.073,23.715,314.0,262.0,253.0,322.0,86.847,Q
HUL,Haas F1 Team,SOFT,3.0,True,36.761,46.557,31.115,231.0,207.0,252.0,252.0,114.433,Q
HUL,Haas F1 Team,SOFT,4.0,True,28.252,35.163,23.658,313.0,264.0,253.0,324.0,87.073,Q
HUL,Haas F1 Team,SOFT,2.0,True,28.04,34.899,23.462,313.0,267.0,254.0,323.0,86.401,Q
HUL,Haas F1 Team,SOFT,2.0,True,27.886,34.783,23.669,315.0,261.0,253.0,324.0,86.338,Q
SAI,Ferrari,INTERMEDIATE,2.0,True,31.356,42.883,28.995,290.0,227.0,235.0,282.0,103.234,Q
SAI,Ferrari,INTERMEDIATE,3.0,True,31.118,39.998,27.395,291.0,244.0,230.0,297.0,98.511,Q
SAI,Ferrari,SOFT,2.0,True,29.32,40.159,26.423,287.0,251.0,239.0,299.0,95.902,Q
SAI,Ferrari,SOFT,3.0,True,29.163,37.111,25.223,294.0,260.0,244.0,295.0,91.497,Q
SAI,Ferrari,SOFT,4.0,True,29.127,36.345,25.085,288.0,262.0,245.0,299.0,90.557,Q
SAI,Ferrari,SOFT,3.0,False,28.195,35.372,23.973,314.0,267.0,252.0,321.0,87.54,Q
SAI,Ferrari,SOFT,4.0,False,41.29,46.128,30.568,236.0,217.0,252.0,246.0,117.986,Q
SAI,Ferrari,SOFT,5.0,False,28.244,35.194,23.711,316.0,267.0,252.0,322.0,87.149,Q
SAI,Ferrari,SOFT,2.0,True,28.107,35.04,23.696,313.0,263.0,253.0,323.0,86.843,Q
SAI,Ferrari,SOFT,2.0,True,28.009,34.891,23.609,313.0,265.0,254.0,321.0,86.509,Q
SAI,Ferrari,SOFT,2.0,True,28.314,34.897,23.538,316.0,264.0,253.0,324.0,86.749,Q
STR,Aston Martin,INTERMEDIATE,2.0,True,31.123,40.705,27.799,288.0,241.0,226.0,298.0,99.627,Q
STR,Aston Martin,INTERMEDIATE,3.0,True,43.798,51.338,36.148,218.0,219.0,226.0,279.0,131.284,Q
STR,Aston Martin,INTERMEDIATE,4.0,True,30.873,39.777,27.632,292.0,242.0,228.0,299.0,98.282,Q
STR,Aston Martin,SOFT,2.0,True,29.798,40.037,27.928,287.0,251.0,237.0,295.0,97.763,Q
STR,Aston Martin,SOFT,3.0,True,29.252,41.857,26.272,296.0,238.0,239.0,300.0,97.381,Q
STR,Aston Martin,SOFT,4.0,True,29.063,37.15,25.197,286.0,256.0,249.0,295.0,91.41,Q
STR,Aston Martin,SOFT,2.0,True,28.182,35.735,24.243,313.0,266.0,251.0,325.0,88.16,Q
STR,Aston Martin,SOFT,3.0,True,42.577,47.557,32.692,222.0,233.0,251.0,158.0,122.826,Q
STR,Aston Martin,SOFT,4.0,True,28.124,35.434,23.998,315.0,265.0,251.0,325.0,87.556,Q
STR,Aston Martin,SOFT,3.0,False,28.158,35.029,23.751,313.0,266.0,252.0,324.0,86.938,Q
STR,Aston Martin,SOFT,6.0,False,28.052,35.204,23.542,310.0,268.0,252.0,323.0,86.798,Q
STR,Aston Martin,SOFT,2.0,True,27.892,34.941,23.752,312.0,257.0,252.0,324.0,86.585,Q
ALB,Williams,INTERMEDIATE,2.0,True,31.184,39.702,27.162,286.0,246.0,227.0,296.0,98.048,Q
ALB,Williams,INTERMEDIATE,3.0,True,36.852,52.069,34.971,133.0,209.0,226.0,168.0,123.892,Q
ALB,Williams,SOFT,2.0,True,29.675,42.504,29.872,286.0,237.0,236.0,297.0,102.051,Q
ALB,Williams,SOFT,3.0,True,29.294,36.646,25.195,294.0,257.0,236.0,304.0,91.135,Q
ALB,Williams,SOFT,3.0,False,28.283,35.534,24.166,303.0,263.0,251.0,320.0,87.983,Q
ALB,Williams,SOFT,4.0,False,40.478,51.394,27.407,251.0,223.0,252.0,286.0,119.279,Q
ALB,Williams,SOFT,5.0,False,28.263,35.408,23.882,314.0,265.0,252.0,323.0,87.553,Q
ALB,Williams,SOFT,2.0,True,28.306,34.874,23.753,312.0,263.0,252.0,324.0,86.933,Q
ALB,Williams,SOFT,6.0,False,28.274,35.01,23.724,312.0,263.0,252.0,322.0,87.008,Q
ALB,Williams,SOFT,2.0,True,28.004,34.999,23.637,313.0,266.0,253.0,324.0,86.64,Q
ALO,Aston Martin,INTERMEDIATE,2.0,True,31.296,40.352,28.038,288.0,242.0,224.0,297.0,99.686,Q
ALO,Aston Martin,INTERMEDIATE,3.0,True,40.811,50.62,35.781,254.0,222.0,234.0,280.0,127.212,Q
ALO,Aston Martin,INTERMEDIATE,4.0,True,30.878,39.769,27.709,291.0,246.0,224.0,299.0,98.356,Q
ALO,Aston Martin,SOFT,2.0,True,29.348,36.942,26.062,289.0,259.0,232.0,297.0,92.352,Q
ALO,Aston Martin,SOFT,3.0,True,35.902,54.655,37.525,186.0,224.0,231.0,282.0,128.082,Q
ALO,Aston Martin,SOFT,4.0,True,29.224,36.835,25.205,292.0,260.0,249.0,303.0,91.264,Q
ALO,Aston Martin,SOFT,2.0,True,28.113,35.421,24.118,313.0,265.0,252.0,323.0,87.652,Q
ALO,Aston Martin,SOFT,3.0,True,38.553,54.07,30.996,238.0,224.0,251.0,301.0,123.619,Q
ALO,Aston Martin,SOFT,4.0,True,28.26,35.143,23.876,315.0,264.0,252.0,325.0,87.279,Q
ALO,Aston Martin,SOFT,3.0,False,28.136,34.915,23.679,314.0,265.0,252.0,323.0,86.73,Q
ALO,Aston Martin,SOFT,6.0,False,28.248,35.038,23.631,314.0,266.0,252.0,323.0,86.917,Q
LEC,Ferrari,INTERMEDIATE,2.0,True,31.008,39.715,27.316,290.0,244.0,227.0,291.0,98.039,Q
LEC,Ferrari,SOFT,2.0,True,29.272,39.903,27.001,296.0,251.0,221.0,300.0,96.176,Q
LEC,Ferrari,SOFT,3.0,True,29.645,37.379,25.569,282.0,259.0,231.0,300.0,92.593,Q
LEC,Ferrari,SOFT,4.0,True,29.112,36.265,25.119,291.0,261.0,239.0,296.0,90.496,Q
LEC,Ferrari,SOFT,4.0,False,28.57,35.784,24.225,312.0,263.0,248.0,318.0,88.579,Q
LEC,Ferrari,SOFT,5.0,False,28.686,48.479,32.698,276.0,182.0,248.0,203.0,109.863,Q
LEC,Ferrari,SOFT,6.0,False,28.344,35.44,23.883,313.0,263.0,252.0,321.0,87.667,Q
LEC,Ferrari,SOFT,2.0,True,28.117,35.16,23.82,312.0,254.0,254.0,321.0,87.097,Q
SAR,Williams,INTERMEDIATE,2.0,True,31.693,40.367,28.155,283.0,242.0,227.0,293.0,100.215,Q
SAR,Williams,INTERMEDIATE,3.0,True,31.829,56.903,38.016,285.0,155.0,225.0,188.0,126.748,Q
SAR,Williams,INTERMEDIATE,4.0,True,31.579,40.412,27.875,292.0,241.0,221.0,301.0,99.866,Q
SAR,Williams,SOFT,2.0,True,30.146,44.065,30.92,285.0,241.0,226.0,300.0,105.131,Q
SAR,Williams,SOFT,3.0,True,29.3,36.866,25.442,286.0,256.0,241.0,296.0,91.608,Q
SAR,Williams,SOFT,2.0,True,28.507,36.225,24.699,302.0,261.0,250.0,315.0,89.431,Q
SAR,Williams,SOFT,3.0,True,35.033,47.65,33.761,267.0,234.0,250.0,119.0,116.444,Q
SAR,Williams,SOFT,4.0,True,28.325,35.587,24.05,314.0,262.0,251.0,323.0,87.962,Q
SAR,Williams,SOFT,3.0,False,28.251,35.129,23.795,311.0,263.0,251.0,322.0,87.175,Q
SAR,Williams,SOFT,4.0,False,34.505,48.135,36.254,229.0,149.0,252.0,259.0,118.894,Q
SAR,Williams,SOFT,5.0,False,28.654,35.477,23.955,313.0,263.0,251.0,322.0,88.086,Q
TSU,RB,INTERMEDIATE,2.0,True,31.532,39.672,27.409,292.0,245.0,232.0,297.0,98.613,Q
TSU,RB,INTERMEDIATE,3.0,True,41.13,49.627,34.88,223.0,231.0,228.0,275.0,125.637,Q
TSU,RB,SOFT,2.0,True,29.817,41.872,30.897,296.0,245.0,233.0,301.0,102.586,Q
TSU,RB,SOFT,3.0,True,29.381,37.819,26.013,294.0,255.0,244.0,300.0,93.213,Q
TSU,RB,SOFT,4.0,True,28.754,36.798,25.442,295.0,260.0,244.0,303.0,90.994,Q
TSU,RB,SOFT,2.0,True,28.268,36.128,24.444,314.0,264.0,249.0,322.0,88.84,Q
TSU,RB,SOFT,3.0,True,28.29,35.829,24.222,315.0,264.0,251.0,325.0,88.341,Q
TSU,RB,SOFT,2.0,True,28.115,35.163,23.991,314.0,265.0,252.0,323.0,87.269,Q
ZHO,Kick Sauber,INTERMEDIATE,2.0,True,31.34,40.387,27.641,290.0,240.0,235.0,294.0,99.368,Q
ZHO,Kick Sauber,INTERMEDIATE,3.0,True,43.377,57.941,32.82,203.0,200.0,233.0,269.0,134.138,Q
ZHO,Kick Sauber,INTERMEDIATE,4.0,True,31.061,40.009,27.768,290.0,242.0,227.0,295.0,98.838,Q
ZHO,Kick Sauber,SOFT,2.0,True,29.534,37.456,26.009,290.0,254.0,226.0,295.0,92.999,Q
ZHO,Kick Sauber,SOFT,3.0,True,29.367,45.056,29.954,290.0,221.0,201.0,281.0,104.377,Q
ZHO,Kick Sauber,SOFT,4.0,True,33.274,43.258,30.685,265.0,190.0,234.0,270.0,107.217,Q
ZHO,Kick Sauber,SOFT,5.0,True,29.035,36.652,25.503,290.0,258.0,238.0,297.0,91.19,Q
ZHO,Kick Sauber,SOFT,2.0,True,28.326,36.074,24.61,312.0,262.0,250.0,319.0,89.01,Q
ZHO,Kick Sauber,SOFT,3.0,True,39.226,45.246,31.659,262.0,236.0,250.0,201.0,116.131,Q
ZHO,Kick Sauber,SOFT,4.0,True,28.31,35.818,24.303,313.0,261.0,251.0,320.0,88.431,Q
ZHO,Kick Sauber,SOFT,2.0,True,28.252,35.594,24.021,309.0,263.0,251.0,320.0,87.867,Q
ZHO,Kick Sauber,SOFT,3.0,True,40.83,47.225,41.82,225.0,231.0,251.0,209.0,129.875,Q
ZHO,Kick Sauber,SOFT,4.0,True,28.412,35.502,24.007,312.0,262.0,252.0,319.0,87.921,Q
RIC,RB,INTERMEDIATE,2.0,True,31.605,40.976,28.018,287.0,243.0,225.0,295.0,100.599,Q
RIC,RB,INTERMEDIATE,3.0,True,35.957,55.39,32.969,212.0,186.0,226.0,258.0,124.316,Q
RIC,RB,SOFT,2.0,True,29.447,40.78,26.006,289.0,254.0,241.0,301.0,96.233,Q
RIC,RB,SOFT,3.0,True,30.108,39.099,25.838,294.0,255.0,242.0,299.0,95.045,Q
RIC,RB,SOFT,4.0,True,29.133,37.045,25.113,294.0,260.0,248.0,302.0,91.291,Q
RIC,RB,SOFT,2.0,True,28.491,36.111,24.413,313.0,265.0,250.0,323.0,89.015,Q
RIC,RB,SOFT,3.0,True,28.338,35.969,24.289,314.0,265.0,249.0,323.0,88.596,Q
RIC,RB,SOFT,3.0,False,33.701,42.198,37.155,300.0,241.0,240.0,229.0,113.054,Q
RIC,RB,SOFT,4.0,False,28.418,35.594,23.937,315.0,264.0,251.0,324.0,87.949,Q
BOT,Kick Sauber,INTERMEDIATE,2.0,True,31.424,40.681,27.613,291.0,240.0,232.0,297.0,99.718,Q
BOT,Kick Sauber,INTERMEDIATE,3.0,True,38.252,51.374,35.373,230.0,224.0,236.0,273.0,124.999,Q
BOT,Kick Sauber,SOFT,2.0,True,29.149,37.552,25.73,290.0,256.0,248.0,294.0,92.431,Q
BOT,Kick Sauber,SOFT,3.0,True,29.205,42.182,28.412,291.0,225.0,230.0,274.0,99.799,Q
BOT,Kick Sauber,SOFT,4.0,True,30.573,49.082,30.641,281.0,223.0,225.0,275.0,110.296,Q
MAG,Haas F1 Team,INTERMEDIATE,2.0,True,30.918,39.562,27.325,285.0,245.0,231.0,289.0,97.805,Q
MAG,Haas F1 Team,SOFT,2.0,True,29.587,37.446,25.872,294.0,257.0,229.0,293.0,92.905,Q
OCO,Alpine,INTERMEDIATE,2.0,True,31.351,40.189,27.538,287.0,243.0,231.0,292.0,99.078,Q
OCO,Alpine,INTERMEDIATE,3.0,True,38.187,48.457,30.578,255.0,221.0,227.0,270.0,117.222,Q
OCO,Alpine,INTERMEDIATE,4.0,True,31.337,40.453,28.12,288.0,239.0,225.0,292.0,99.91,Q
OCO,Alpine,SOFT,2.0,True,29.752,38.313,28.349,275.0,254.0,236.0,276.0,96.414,Q
OCO,Alpine,SOFT,3.0,True,30.569,38.201,25.787,287.0,253.0,244.0,295.0,94.557,Q
OCO,Alpine,SOFT,4.0,True,30.668,39.781,25.749,262.0,234.0,237.0,291.0,96.198,Q
PER,Red Bull Racing,INTERMEDIATE,2.0,True,31.119,39.482,27.747,294.0,246.0,222.0,297.0,98.348,Q
PER,Red Bull Racing,INTERMEDIATE,3.0,True,38.657,54.032,33.488,204.0,185.0,222.0,258.0,126.177,Q
GAS,Alpine,INTERMEDIATE,2.0,True,31.617,40.506,27.681,284.0,241.0,229.0,292.0,99.804,Q
GAS,Alpine,INTERMEDIATE,3.0,True,40.313,56.259,34.06,193.0,218.0,228.0,267.0,130.632,Q
GAS,Alpine,INTERMEDIATE,4.0,True,31.454,41.095,27.98,288.0,239.0,228.0,292.0,100.529,Q
HAM,Mercedes,MEDIUM,2.0,True,29.249,37.314,24.857,313.0,258.0,246.0,319.0,91.42,R
HAM,Mercedes,MEDIUM,3.0,True,29.287,37.133,25.296,307.0,257.0,246.0,294.0,91.716,R
HAM,Mercedes,MEDIUM,4.0,True,29.554,37.258,25.176,291.0,257.0,246.0,295.0,91.988,R
HAM,Mercedes,MEDIUM,5.0,True,29.469,37.231,24.977,295.0,258.0,246.0,297.0,91.677,R
HAM,Mercedes,MEDIUM,6.0,True,29.486,37.195,25.065,296.0,257.0,246.0,299.0,91.746,R
HAM,Mercedes,MEDIUM,7.0,True,29.518,37.064,25.093,295.0,258.0,246.0,296.0,91.675,R
HAM,Mercedes,MEDIUM,8.0,True,29.475,37.201,25.084,296.0,257.0,245.0,298.0,91.76,R
HAM,Mercedes,MEDIUM,9.0,True,29.496,36.954,25.114,294.0,258.0,245.0,294.0,91.564,R
HAM,Mercedes,MEDIUM,10.0,True,29.484,36.923,25.108,295.0,258.0,246.0,297.0,91.515,R
HAM,Mercedes,MEDIUM,11.0,True,29.412,37.003,25.072,298.0,258.0,246.0,300.0,91.487,R
HAM,Mercedes,MEDIUM,12.0,True,29.429,36.937,25.197,295.0,258.0,246.0,298.0,91.563,R
HAM,Mercedes,MEDIUM,13.0,True,29.817,37.067,24.997,298.0,258.0,246.0,303.0,91.881,R
HAM,Mercedes,MEDIUM,14.0,True,29.552,37.045,25.012,296.0,259.0,246.0,299.0,91.609,R
HAM,Mercedes,MEDIUM,15.0,True,29.52,37.024,25.019,296.0,259.0,247.0,297.0,91.563,R
HAM,Mercedes,MEDIUM,16.0,True,29.491,36.755,25.685,294.0,260.0,247.0,299.0,91.931,R
HAM,Mercedes,MEDIUM,17.0,True,29.743,36.945,27.033,290.0,255.0,244.0,300.0,93.721,R
HAM,Mercedes,MEDIUM,18.0,True,29.752,37.612,27.707,311.0,262.0,207.0,318.0,95.071,R
HAM,Mercedes,MEDIUM,19.0,True,34.046,40.683,28.982,289.0,226.0,216.0,298.0,103.711,R
HAM,Mercedes,MEDIUM,20.0,True,33.695,39.257,27.069,293.0,243.0,245.0,304.0,100.021,R
HAM,Mercedes,MEDIUM,21.0,True,29.881,37.046,25.229,291.0,258.0,249.0,298.0,92.156,R
HAM,Mercedes,MEDIUM,22.0,True,29.387,36.821,24.887,293.0,259.0,250.0,306.0,91.095,R
HAM,Mercedes,MEDIUM,23.0,True,29.369,36.814,24.924,297.0,259.0,249.0,305.0,91.107,R
HAM,Mercedes,MEDIUM,24.0,True,29.344,36.872,25.419,294.0,259.0,247.0,299.0,91.635,R
HAM,Mercedes,MEDIUM,25.0,True,29.923,38.568,26.497,295.0,253.0,237.0,298.0,94.988,R
HAM,Mercedes,MEDIUM,26.0,True,30.114,42.065,28.613,294.0,250.0,211.0,302.0,100.792,R
HAM,Mercedes,INTERMEDIATE,2.0,True,31.69,40.569,28.161,291.0,243.0,222.0,299.0,100.42,R
HAM,Mercedes,INTERMEDIATE,3.0,True,31.833,40.4,28.234,294.0,240.0,227.0,298.0,100.467,R
HAM,Mercedes,INTERMEDIATE,4.0,True,31.9,40.828,28.81,294.0,241.0,224.0,299.0,101.538,R
HAM,Mercedes,INTERMEDIATE,5.0,True,32.107,41.398,28.97,294.0,241.0,219.0,298.0,102.475,R
HAM,Mercedes,INTERMEDIATE,6.0,True,32.312,41.325,28.798,294.0,240.0,218.0,297.0,102.435,R
HAM,Mercedes,INTERMEDIATE,7.0,True,32.419,41.475,28.863,295.0,242.0,217.0,300.0,102.757,R
HAM,Mercedes,INTERMEDIATE,8.0,True,32.513,41.544,28.214,296.0,243.0,225.0,299.0,102.271,R
HAM,Mercedes,INTERMEDIATE,9.0,True,32.184,42.037,27.703,297.0,243.0,236.0,300.0,101.924,R
HAM,Mercedes,INTERMEDIATE,10.0,True,31.694,41.125,26.892,296.0,246.0,243.0,302.0,99.711,R
HAM,Mercedes,SOFT,3.0,False,28.689,36.767,24.862,294.0,260.0,250.0,291.0,90.318,R
HAM,Mercedes,SOFT,4.0,False,28.96,36.367,24.791,288.0,260.0,251.0,290.0,90.118,R
HAM,Mercedes,SOFT,5.0,False,28.922,36.207,24.488,291.0,261.0,250.0,300.0,89.617,R
HAM,Mercedes,SOFT,6.0,False,28.884,36.195,24.714,295.0,262.0,248.0,300.0,89.793,R
HAM,Mercedes,SOFT,7.0,False,29.087,36.164,24.446,292.0,261.0,250.0,300.0,89.697,R
HAM,Mercedes,SOFT,8.0,False,29.064,36.042,24.332,295.0,262.0,250.0,303.0,89.438,R
HAM,Mercedes,SOFT,9.0,False,29.154,36.156,24.331,298.0,261.0,251.0,304.0,89.641,R
HAM,Mercedes,SOFT,10.0,False,29.069,36.025,24.444,294.0,263.0,250.0,300.0,89.538,R
HAM,Mercedes,SOFT,11.0,False,29.144,36.0,24.435,292.0,263.0,251.0,299.0,89.579,R
HAM,Mercedes,SOFT,12.0,False,29.218,36.038,24.411,293.0,263.0,251.0,301.0,89.667,R
HAM,Mercedes,SOFT,13.0,False,29.222,35.946,24.514,295.0,264.0,250.0,302.0,89.682,R
HAM,Mercedes,SOFT,14.0,False,29.128,36.03,24.585,293.0,264.0,251.0,298.0,89.743,R
HAM,Mercedes,SOFT,15.0,False,29.302,36.135,24.709,294.0,264.0,246.0,301.0,90.146,R
VER,Red Bull Racing,MEDIUM,2.0,True,29.612,37.222,24.939,311.0,260.0,244.0,316.0,91.773,R
VER,Red Bull Racing,MEDIUM,3.0,True,29.672,37.216,25.312,293.0,256.0,245.0,294.0,92.2,R
VER,Red Bull Racing,MEDIUM,4.0,True,29.626,37.09,25.217,295.0,256.0,244.0,296.0,91.933,R
VER,Red Bull Racing,MEDIUM,5.0,True,29.608,37.007,25.163,293.0,257.0,245.0,297.0,91.778,R
VER,Red Bull Racing,MEDIUM,6.0,True,29.471,37.07,25.17,294.0,257.0,245.0,295.0,91.711,R
VER,Red Bull Racing,MEDIUM,7.0,True,29.586,37.024,25.325,292.0,258.0,245.0,294.0,91.935,R
VER,Red Bull Racing,MEDIUM,8.0,True,29.655,37.087,25.296,296.0,256.0,245.0,296.0,92.038,R
VER,Red Bull Racing,MEDIUM,9.0,True,29.639,36.978,25.266,292.0,257.0,245.0,294.0,91.883,R
VER,Red Bull Racing,MEDIUM,10.0,True,29.557,36.884,25.22,296.0,257.0,246.0,297.0,91.661,R
VER,Red Bull Racing,MEDIUM,11.0,True,29.524,37.06,25.226,294.0,257.0,246.0,295.0,91.81,R
VER,Red Bull Racing,MEDIUM,12.0,True,29.529,37.046,25.319,294.0,257.0,246.0,295.0,91.894,R
VER,Red Bull Racing,MEDIUM,13.0,True,29.562,37.021,25.176,293.0,257.0,246.0,298.0,91.759,R
VER,Red Bull Racing,MEDIUM,14.0,True,29.517,37.027,25.156,293.0,256.0,246.0,302.0,91.7,R
VER,Red Bull Racing,MEDIUM,15.0,True,29.622,36.874,25.753,292.0,257.0,246.0,302.0,92.249,R
VER,Red Bull Racing,MEDIUM,16.0,True,29.493,37.097,25.914,310.0,258.0,246.0,292.0,92.504,R
VER,Red Bull Racing,MEDIUM,17.0,True,29.827,37.281,28.251,286.0,255.0,242.0,290.0,95.359,R
VER,Red Bull Racing,MEDIUM,18.0,True,30.085,37.891,28.196,307.0,253.0,217.0,294.0,96.172,R
VER,Red Bull Racing,MEDIUM,19.0,True,33.582,40.925,27.978,291.0,236.0,231.0,292.0,102.485,R
VER,Red Bull Racing,MEDIUM,20.0,True,31.872,39.086,26.15,291.0,249.0,242.0,296.0,97.108,R
VER,Red Bull Racing,MEDIUM,21.0,True,30.031,37.975,25.482,293.0,254.0,247.0,295.0,93.488,R
VER,Red Bull Racing,MEDIUM,22.0,True,29.61,37.027,25.267,291.0,257.0,247.0,294.0,91.904,R
VER,Red Bull Racing,MEDIUM,23.0,True,29.632,37.148,25.363,290.0,256.0,246.0,297.0,92.143,R
VER,Red Bull Racing,MEDIUM,24.0,True,29.699,37.341,25.98,287.0,256.0,244.0,296.0,93.02,R
VER,Red Bull Racing,MEDIUM,25.0,True,29.999,38.958,27.106,294.0,255.0,228.0,297.0,96.063,R
VER,Red Bull Racing,INTERMEDIATE,2.0,True,31.767,41.184,28.225,289.0,245.0,224.0,296.0,101.176,R
VER,Red Bull Racing,INTERMEDIATE,3.0,True,31.943,41.241,28.349,290.0,243.0,220.0,295.0,101.533,R
VER,Red Bull Racing,INTERMEDIATE,4.0,True,32.368,41.071,28.659,288.0,240.0,219.0,290.0,102.098,R
VER,Red Bull Racing,INTERMEDIATE,5.0,True,32.091,41.086,28.848,288.0,240.0,218.0,291.0,102.025,R
VER,Red Bull Racing,INTERMEDIATE,6.0,True,32.47,41.197,28.871,287.0,241.0,217.0,292.0,102.538,R
VER,Red Bull Racing,INTERMEDIATE,7.0,True,32.275,41.381,28.95,288.0,239.0,219.0,292.0,102.606,R
VER,Red Bull Racing,INTERMEDIATE,8.0,True,32.316,41.542,28.589,291.0,240.0,219.0,295.0,102.447,R
VER,Red Bull Racing,INTERMEDIATE,9.0,True,32.556,42.058,28.415,292.0,243.0,223.0,295.0,103.029,R
VER,Red Bull Racing,INTERMEDIATE,10.0,True,32.172,42.007,27.779,293.0,240.0,234.0,294.0,101.958,R
VER,Red Bull Racing,INTERMEDIATE,11.0,True,31.547,40.385,26.937,292.0,246.0,242.0,295.0,98.869,R
VER,Red Bull Racing,HARD,2.0,True,28.866,36.203,24.987,293.0,263.0,250.0,298.0,90.056,R
VER,Red Bull Racing,HARD,3.0,True,28.789,35.955,24.86,289.0,262.0,251.0,292.0,89.604,R
VER,Red Bull Racing,HARD,4.0,True,28.913,35.869,24.69,287.0,263.0,250.0,295.0,89.472,R
VER,Red Bull Racing,HARD,5.0,True,28.984,35.655,24.466,290.0,265.0,252.0,294.0,89.105,R
VER,Red Bull Racing,HARD,6.0,True,28.97,35.867,24.535,294.0,263.0,250.0,294.0,89.372,R
VER,Red Bull Racing,HARD,7.0,True,29.056,35.591,24.49,294.0,265.0,251.0,296.0,89.137,R
VER,Red Bull Racing,HARD,8.0,True,29.141,35.901,24.501,294.0,264.0,251.0,297.0,89.543,R
VER,Red Bull Racing,HARD,9.0,True,28.989,35.905,24.517,294.0,264.0,252.0,298.0,89.411,R
VER,Red Bull Racing,HARD,10.0,True,28.807,36.166,23.979,316.0,266.0,250.0,327.0,88.952,R
VER,Red Bull Racing,HARD,11.0,True,29.166,35.949,24.445,293.0,263.0,253.0,292.0,89.56,R
VER,Red Bull Racing,HARD,12.0,True,29.084,35.787,24.415,295.0,265.0,252.0,290.0,89.286,R
VER,Red Bull Racing,HARD,13.0,True,29.097,35.888,24.458,292.0,264.0,252.0,289.0,89.443,R
VER,Red Bull Racing,HARD,14.0,True,29.149,35.714,24.226,298.0,266.0,251.0,306.0,89.089,R
NOR,McLaren,MEDIUM,2.0,True,29.225,37.918,25.045,317.0,259.0,248.0,320.0,92.188,R
NOR,McLaren,MEDIUM,3.0,True,29.279,37.536,25.176,304.0,260.0,247.0,312.0,91.991,R
NOR,McLaren,MEDIUM,4.0,True,29.32,37.452,25.204,301.0,260.0,248.0,309.0,91.976,R
NOR,McLaren,MEDIUM,5.0,True,29.363,37.239,25.114,307.0,261.0,248.0,312.0,91.716,R
NOR,McLaren,MEDIUM,6.0,True,29.368,37.443,25.085,309.0,260.0,248.0,313.0,91.896,R
NOR,McLaren,MEDIUM,7.0,True,29.557,37.223,25.291,295.0,256.0,248.0,296.0,92.071,R
NOR,McLaren,MEDIUM,8.0,True,29.566,37.16,25.292,298.0,258.0,248.0,298.0,92.018,R
NOR,McLaren,MEDIUM,9.0,True,29.558,37.179,25.239,298.0,258.0,247.0,298.0,91.976,R
NOR,McLaren,MEDIUM,10.0,True,29.516,37.134,25.18,296.0,258.0,248.0,300.0,91.83,R
NOR,McLaren,MEDIUM,11.0,True,29.417,37.15,25.181,300.0,259.0,248.0,299.0,91.748,R
NOR,McLaren,MEDIUM,12.0,True,29.501,37.046,25.171,298.0,259.0,247.0,300.0,91.718,R
NOR,McLaren,MEDIUM,13.0,True,29.496,36.95,25.026,298.0,262.0,249.0,315.0,91.472,R
NOR,McLaren,MEDIUM,14.0,True,29.3,37.048,25.059,312.0,261.0,249.0,318.0,91.407,R
NOR,McLaren,MEDIUM,15.0,True,29.38,36.994,24.572,313.0,264.0,249.0,326.0,90.946,R
NOR,McLaren,MEDIUM,16.0,True,29.378,36.807,25.505,293.0,260.0,247.0,296.0,91.69,R
NOR,McLaren,MEDIUM,17.0,True,29.606,37.055,27.643,291.0,257.0,244.0,300.0,94.304,R
NOR,McLaren,MEDIUM,18.0,True,29.647,37.024,27.454,290.0,257.0,222.0,302.0,94.125,R
NOR,McLaren,MEDIUM,19.0,True,32.74,40.852,27.844,292.0,236.0,231.0,301.0,101.436,R
NOR,McLaren,MEDIUM,20.0,True,32.09,39.513,26.101,285.0,248.0,248.0,297.0,97.704,R
NOR,McLaren,MEDIUM,21.0,True,29.432,37.163,24.918,289.0,257.0,249.0,301.0,91.513,R
NOR,McLaren,MEDIUM,22.0,True,29.314,36.786,24.76,288.0,257.0,250.0,299.0,90.86,R
NOR,McLaren,MEDIUM,23.0,True,29.451,36.841,24.884,291.0,254.0,249.0,302.0,91.176,R
NOR,McLaren,MEDIUM,24.0,True,29.489,36.747,25.393,289.0,259.0,249.0,298.0,91.629,R
NOR,McLaren,MEDIUM,25.0,True,29.696,38.185,26.426,291.0,257.0,231.0,298.0,94.307,R
NOR,McLaren,MEDIUM,26.0,True,30.452,42.458,28.605,290.0,255.0,213.0,301.0,101.515,R
NOR,McLaren,INTERMEDIATE,2.0,True,31.594,40.61,28.062,289.0,248.0,225.0,297.0,100.266,R
NOR,McLaren,INTERMEDIATE,3.0,True,31.98,40.583,28.154,290.0,247.0,223.0,297.0,100.717,R
NOR,McLaren,INTERMEDIATE,4.0,True,31.855,40.682,28.776,290.0,244.0,223.0,296.0,101.313,R
NOR,McLaren,INTERMEDIATE,5.0,True,32.262,41.072,28.882,293.0,244.0,218.0,297.0,102.216,R
NOR,McLaren,INTERMEDIATE,6.0,True,32.409,41.234,28.964,293.0,242.0,217.0,297.0,102.607,R
NOR,McLaren,INTERMEDIATE,7.0,True,32.496,41.716,28.866,292.0,244.0,218.0,297.0,103.078,R
NOR,McLaren,INTERMEDIATE,8.0,True,32.639,41.786,28.51,295.0,244.0,222.0,299.0,102.935,R
NOR,McLaren,INTERMEDIATE,9.0,True,32.53,42.138,27.672,296.0,247.0,224.0,299.0,102.34,R
NOR,McLaren,INTERMEDIATE,10.0,True,31.936,40.846,27.004,292.0,246.0,238.0,299.0,99.786,R
NOR,McLaren,INTERMEDIATE,11.0,True,31.328,39.844,26.827,294.0,249.0,237.0,300.0,97.999,R
NOR,McLaren,SOFT,4.0,False,28.786,36.307,24.64,295.0,261.0,252.0,302.0,89.733,R
NOR,McLaren,SOFT,5.0,False,28.934,36.462,24.61,290.0,260.0,252.0,296.0,90.006,R
NOR,McLaren,SOFT,6.0,False,28.826,35.997,24.439,295.0,262.0,252.0,301.0,89.262,R
NOR,McLaren,SOFT,7.0,False,29.102,36.086,24.564,293.0,263.0,251.0,300.0,89.752,R
NOR,McLaren,SOFT,8.0,False,29.062,35.883,24.69,297.0,263.0,244.0,304.0,89.635,R
NOR,McLaren,SOFT,9.0,False,29.406,36.099,24.455,295.0,262.0,251.0,302.0,89.96,R
NOR,McLaren,SOFT,10.0,False,29.118,36.187,24.533,295.0,262.0,250.0,301.0,89.838,R
NOR,McLaren,SOFT,11.0,False,29.274,36.196,25.086,295.0,262.0,250.0,300.0,90.556,R
NOR,McLaren,SOFT,12.0,False,29.176,36.639,24.7,313.0,259.0,251.0,302.0,90.515,R
NOR,McLaren,SOFT,13.0,False,29.399,36.445,24.7,299.0,262.0,251.0,300.0,90.544,R
NOR,McLaren,SOFT,14.0,False,29.324,36.576,24.869,296.0,261.0,251.0,301.0,90.769,R
NOR,McLaren,SOFT,15.0,False,29.626,36.65,24.637,298.0,262.0,250.0,304.0,90.913,R
PIA,McLaren,MEDIUM,2.0,True,29.489,37.642,25.23,316.0,260.0,247.0,329.0,92.361,R
PIA,McLaren,MEDIUM,3.0,True,29.31,37.49,25.127,314.0,259.0,247.0,323.0,91.927,R
PIA,McLaren,MEDIUM,4.0,True,29.458,37.348,25.113,312.0,259.0,247.0,322.0,91.919,R
PIA,McLaren,MEDIUM,5.0,True,29.512,37.243,25.077,312.0,262.0,247.0,320.0,91.832,R
PIA,McLaren,MEDIUM,6.0,True,29.435,37.476,25.151,312.0,261.0,247.0,318.0,92.062,R
PIA,McLaren,MEDIUM,7.0,True,29.335,37.322,25.268,310.0,259.0,247.0,320.0,91.925,R
PIA,McLaren,MEDIUM,8.0,True,29.386,37.379,25.229,309.0,260.0,247.0,316.0,91.994,R
PIA,McLaren,MEDIUM,9.0,True,29.4,37.367,25.233,309.0,260.0,248.0,315.0,92.0,R
PIA,McLaren,MEDIUM,10.0,True,29.434,37.177,25.2,309.0,261.0,248.0,317.0,91.811,R
PIA,McLaren,MEDIUM,11.0,True,29.307,37.358,25.19,312.0,262.0,247.0,315.0,91.855,R
PIA,McLaren,MEDIUM,12.0,True,29.332,37.234,25.097,310.0,263.0,246.0,315.0,91.663,R
PIA,McLaren,MEDIUM,13.0,True,29.392,37.143,25.361,310.0,260.0,246.0,306.0,91.896,R
PIA,McLaren,MEDIUM,14.0,True,29.5,37.026,25.171,296.0,258.0,248.0,302.0,91.697,R
PIA,McLaren,MEDIUM,15.0,True,29.511,36.888,25.115,296.0,261.0,248.0,304.0,91.514,R
PIA,McLaren,MEDIUM,16.0,True,29.406,36.933,25.779,296.0,259.0,247.0,303.0,92.118,R
PIA,McLaren,MEDIUM,17.0,True,29.302,37.316,27.37,309.0,258.0,241.0,327.0,93.988,R
PIA,McLaren,MEDIUM,18.0,True,29.775,37.25,27.244,289.0,246.0,230.0,297.0,94.269,R
PIA,McLaren,MEDIUM,19.0,True,32.515,40.679,27.534,292.0,239.0,240.0,302.0,100.728,R
PIA,McLaren,MEDIUM,20.0,True,31.957,39.14,26.251,300.0,250.0,249.0,302.0,97.348,R
PIA,McLaren,MEDIUM,21.0,True,29.575,37.215,25.029,289.0,257.0,250.0,298.0,91.819,R
PIA,McLaren,MEDIUM,22.0,True,29.39,36.837,24.942,290.0,258.0,250.0,299.0,91.169,R
PIA,McLaren,MEDIUM,23.0,True,29.242,36.868,24.866,295.0,256.0,250.0,301.0,90.976,R
PIA,McLaren,MEDIUM,24.0,True,29.283,36.788,25.321,292.0,258.0,249.0,300.0,91.392,R
PIA,McLaren,MEDIUM,25.0,True,29.795,38.187,26.289,295.0,256.0,241.0,305.0,94.271,R
PIA,McLaren,MEDIUM,26.0,True,30.271,41.787,28.564,294.0,256.0,202.0,302.0,100.622,R
PIA,McLaren,MEDIUM,27.0,True,31.76,45.56,32.427,295.0,241.0,156.0,304.0,109.747,R
PIA,McLaren,INTERMEDIATE,2.0,True,31.712,40.727,28.053,293.0,241.0,222.0,296.0,100.492,R
PIA,McLaren,INTERMEDIATE,3.0,True,31.932,41.097,29.132,294.0,239.0,218.0,300.0,102.161,R
PIA,McLaren,INTERMEDIATE,4.0,True,32.298,41.539,29.3,291.0,240.0,215.0,297.0,103.137,R
PIA,McLaren,INTERMEDIATE,5.0,True,32.527,41.286,29.512,294.0,238.0,206.0,301.0,103.325,R
PIA,McLaren,INTERMEDIATE,6.0,True,32.562,41.561,29.831,296.0,240.0,211.0,298.0,103.954,R
PIA,McLaren,INTERMEDIATE,7.0,True,32.603,42.066,28.64,292.0,243.0,225.0,297.0,103.309,R
PIA,McLaren,INTERMEDIATE,8.0,True,32.217,42.282,28.021,295.0,245.0,236.0,302.0,102.52,R
PIA,McLaren,INTERMEDIATE,9.0,True,31.659,40.593,27.383,292.0,244.0,242.0,295.0,99.635,R
PIA,McLaren,MEDIUM,2.0,True,28.982,36.255,24.676,296.0,263.0,252.0,302.0,89.913,R
PIA,McLaren,MEDIUM,3.0,True,28.853,35.989,24.732,295.0,262.0,250.0,301.0,89.574,R
PIA,McLaren,MEDIUM,4.0,True,28.933,36.002,24.646,293.0,262.0,251.0,299.0,89.581,R
PIA,McLaren,MEDIUM,5.0,True,29.072,35.759,24.455,296.0,262.0,251.0,299.0,89.286,R
PIA,McLaren,MEDIUM,6.0,True,29.001,35.816,24.404,296.0,263.0,252.0,300.0,89.221,R
PIA,McLaren,MEDIUM,7.0,True,29.038,35.754,24.43,293.0,264.0,251.0,301.0,89.222,R
PIA,McLaren,MEDIUM,8.0,True,29.12,35.817,24.296,294.0,264.0,253.0,300.0,89.233,R
PIA,McLaren,MEDIUM,9.0,True,28.946,35.83,24.273,293.0,265.0,251.0,300.0,89.049,R
PIA,McLaren,MEDIUM,10.0,True,28.937,35.851,24.336,293.0,264.0,251.0,301.0,89.124,R
PIA,McLaren,MEDIUM,11.0,True,29.008,35.97,24.305,294.0,263.0,252.0,300.0,89.283,R
PIA,McLaren,MEDIUM,12.0,True,28.958,36.072,24.928,295.0,262.0,252.0,297.0,89.958,R
PIA,McLaren,MEDIUM,13.0,True,28.871,35.704,24.173,302.0,266.0,254.0,308.0,88.748,R
PIA,McLaren,MEDIUM,14.0,True,29.094,35.999,24.835,294.0,265.0,253.0,302.0,89.928,R
SAI,Ferrari,MEDIUM,2.0,True,29.435,37.736,25.188,311.0,261.0,246.0,322.0,92.359,R
SAI,Ferrari,MEDIUM,3.0,True,29.321,37.663,25.118,314.0,259.0,246.0,320.0,92.102,R
SAI,Ferrari,MEDIUM,4.0,True,29.36,37.633,25.052,312.0,259.0,246.0,319.0,92.045,R
SAI,Ferrari,MEDIUM,5.0,True,29.331,37.591,25.017,313.0,260.0,247.0,319.0,91.939,R
SAI,Ferrari,MEDIUM,6.0,True,29.439,37.353,25.108,309.0,259.0,246.0,317.0,91.9,R
SAI,Ferrari,MEDIUM,7.0,True,29.762,37.509,25.431,293.0,258.0,246.0,297.0,92.702,R
SAI,Ferrari,MEDIUM,8.0,True,29.672,37.336,25.364,292.0,258.0,246.0,299.0,92.372,R
SAI,Ferrari,MEDIUM,9.0,True,29.752,37.337,25.395,291.0,258.0,246.0,297.0,92.484,R
SAI,Ferrari,MEDIUM,10.0,True,29.68,37.376,25.306,292.0,258.0,246.0,298.0,92.362,R
SAI,Ferrari,MEDIUM,11.0,True,29.493,37.367,25.263,295.0,258.0,245.0,298.0,92.123,R
SAI,Ferrari,MEDIUM,12.0,True,29.645,37.317,25.396,291.0,259.0,246.0,296.0,92.358,R
SAI,Ferrari,MEDIUM,13.0,True,29.646,37.287,25.318,290.0,260.0,247.0,298.0,92.251,R
SAI,Ferrari,MEDIUM,14.0,True,29.553,37.357,25.196,293.0,257.0,246.0,299.0,92.106,R
SAI,Ferrari,MEDIUM,15.0,True,29.616,37.24,25.06,292.0,259.0,247.0,299.0,91.916,R
SAI,Ferrari,MEDIUM,16.0,True,29.68,37.234,25.541,289.0,259.0,247.0,297.0,92.455,R
SAI,Ferrari,MEDIUM,17.0,True,29.613,37.444,27.171,289.0,256.0,238.0,299.0,94.228,R
SAI,Ferrari,MEDIUM,18.0,True,29.965,37.529,26.816,291.0,255.0,233.0,302.0,94.31,R
SAI,Ferrari,MEDIUM,19.0,True,33.076,40.106,27.328,290.0,237.0,239.0,300.0,100.51,R
SAI,Ferrari,MEDIUM,20.0,True,31.652,38.765,26.121,294.0,251.0,245.0,307.0,96.538,R
SAI,Ferrari,MEDIUM,21.0,True,29.93,38.019,25.558,294.0,256.0,248.0,304.0,93.507,R
SAI,Ferrari,MEDIUM,22.0,True,29.792,37.213,25.152,289.0,254.0,249.0,300.0,92.157,R
SAI,Ferrari,MEDIUM,23.0,True,29.615,37.333,25.349,292.0,256.0,248.0,302.0,92.297,R
SAI,Ferrari,MEDIUM,24.0,True,29.452,37.358,25.924,295.0,256.0,247.0,305.0,92.734,R
SAI,Ferrari,MEDIUM,25.0,True,29.847,38.623,26.673,293.0,258.0,234.0,321.0,95.143,R
SAI,Ferrari,INTERMEDIATE,2.0,True,32.526,41.298,28.817,290.0,245.0,223.0,298.0,102.641,R
SAI,Ferrari,INTERMEDIATE,3.0,True,32.306,41.381,28.76,289.0,242.0,226.0,297.0,102.447,R
SAI,Ferrari,INTERMEDIATE,4.0,True,32.367,41.54,28.83,282.0,242.0,226.0,286.0,102.737,R
SAI,Ferrari,INTERMEDIATE,5.0,True,32.343,41.618,29.046,287.0,240.0,223.0,293.0,103.007,R
SAI,Ferrari,INTERMEDIATE,6.0,True,32.379,41.627,29.292,287.0,239.0,219.0,293.0,103.298,R
SAI,Ferrari,INTERMEDIATE,7.0,True,32.248,41.779,29.174,293.0,238.0,217.0,297.0,103.201,R
SAI,Ferrari,INTERMEDIATE,8.0,True,32.229,41.713,28.852,290.0,240.0,217.0,295.0,102.794,R
SAI,Ferrari,INTERMEDIATE,9.0,True,32.466,42.505,28.619,293.0,240.0,222.0,297.0,103.59,R
SAI,Ferrari,INTERMEDIATE,10.0,True,32.172,42.765,27.811,294.0,241.0,232.0,298.0,102.748,R
SAI,Ferrari,INTERMEDIATE,11.0,True,31.728,41.435,27.269,290.0,241.0,242.0,297.0,100.432,R
SAI,Ferrari,INTERMEDIATE,12.0,True,31.076,40.107,27.187,289.0,248.0,238.0,296.0,98.37,R
SAI,Ferrari,HARD,2.0,True,28.813,36.465,25.197,289.0,260.0,248.0,292.0,90.475,R
SAI,Ferrari,HARD,3.0,True,28.807,36.195,24.87,288.0,262.0,251.0,294.0,89.872,R
SAI,Ferrari,HARD,4.0,True,28.887,36.289,24.696,287.0,263.0,251.0,297.0,89.872,R
SAI,Ferrari,HARD,5.0,True,28.895,36.304,24.54,292.0,264.0,251.0,301.0,89.739,R
SAI,Ferrari,HARD,6.0,True,29.004,36.031,24.554,289.0,264.0,252.0,301.0,89.589,R
SAI,Ferrari,HARD,7.0,True,29.071,36.117,24.4,292.0,264.0,252.0,298.0,89.588,R
SAI,Ferrari,HARD,8.0,True,28.946,36.166,24.441,288.0,262.0,251.0,297.0,89.553,R
SAI,Ferrari,HARD,9.0,True,29.057,36.072,24.286,287.0,263.0,252.0,296.0,89.415,R
SAI,Ferrari,HARD,10.0,True,28.943,36.097,24.399,290.0,264.0,252.0,297.0,89.439,R
SAI,Ferrari,SOFT,5.0,False,28.55,35.619,24.124,299.0,264.0,252.0,301.0,88.293,R
HUL,Haas F1 Team,MEDIUM,2.0,True,29.458,38.023,25.363,301.0,258.0,246.0,322.0,92.844,R
HUL,Haas F1 Team,MEDIUM,3.0,True,29.476,37.758,25.371,311.0,258.0,246.0,321.0,92.605,R
HUL,Haas F1 Team,MEDIUM,4.0,True,29.462,37.808,25.293,310.0,258.0,246.0,322.0,92.563,R
HUL,Haas F1 Team,MEDIUM,5.0,True,29.542,37.704,25.522,311.0,259.0,246.0,322.0,92.768,R
HUL,Haas F1 Team,MEDIUM,6.0,True,29.525,37.613,25.559,311.0,259.0,246.0,320.0,92.697,R
HUL,Haas F1 Team,MEDIUM,7.0,True,29.612,37.753,25.368,308.0,260.0,246.0,324.0,92.733,R
HUL,Haas F1 Team,MEDIUM,8.0,True,29.549,37.819,25.434,305.0,259.0,246.0,321.0,92.802,R
HUL,Haas F1 Team,MEDIUM,9.0,True,29.547,37.479,25.37,309.0,260.0,246.0,320.0,92.396,R
HUL,Haas F1 Team,MEDIUM,10.0,True,29.47,37.601,25.368,309.0,259.0,247.0,319.0,92.439,R
HUL,Haas F1 Team,MEDIUM,11.0,True,29.466,37.561,25.401,311.0,259.0,246.0,322.0,92.428,R
HUL,Haas F1 Team,MEDIUM,12.0,True,29.544,37.62,25.237,311.0,259.0,247.0,323.0,92.401,R
HUL,Haas F1 Team,MEDIUM,13.0,True,29.514,37.563,25.391,310.0,260.0,246.0,321.0,92.468,R
HUL,Haas F1 Team,MEDIUM,14.0,True,29.547,37.705,25.369,311.0,259.0,247.0,321.0,92.621,R
HUL,Haas F1 Team,MEDIUM,15.0,True,29.6,37.684,25.388,311.0,260.0,247.0,318.0,92.672,R
HUL,Haas F1 Team,MEDIUM,16.0,True,29.588,37.671,25.935,306.0,260.0,246.0,319.0,93.194,R
HUL,Haas F1 Team,MEDIUM,17.0,True,29.611,37.972,27.864,305.0,253.0,236.0,317.0,95.447,R
HUL,Haas F1 Team,MEDIUM,18.0,True,30.157,38.039,27.638,311.0,258.0,210.0,325.0,95.834,R
HUL,Haas F1 Team,MEDIUM,19.0,True,35.421,42.211,28.12,283.0,237.0,234.0,295.0,105.752,R
HUL,Haas F1 Team,MEDIUM,20.0,True,31.584,39.768,26.177,284.0,247.0,246.0,295.0,97.529,R
HUL,Haas F1 Team,MEDIUM,21.0,True,29.638,37.668,25.343,291.0,255.0,248.0,300.0,92.649,R
HUL,Haas F1 Team,MEDIUM,22.0,True,29.458,37.19,25.585,287.0,257.0,247.0,297.0,92.233,R
HUL,Haas F1 Team,MEDIUM,23.0,True,29.586,37.319,25.707,288.0,256.0,245.0,297.0,92.612,R
HUL,Haas F1 Team,MEDIUM,24.0,True,29.702,37.802,25.848,290.0,255.0,241.0,300.0,93.352,R
HUL,Haas F1 Team,MEDIUM,25.0,True,29.955,38.937,27.026,293.0,253.0,230.0,302.0,95.918,R
HUL,Haas F1 Team,INTERMEDIATE,2.0,True,31.639,41.887,28.371,291.0,243.0,222.0,298.0,101.897,R
HUL,Haas F1 Team,INTERMEDIATE,3.0,True,32.158,41.809,28.674,288.0,242.0,223.0,296.0,102.641,R
HUL,Haas F1 Team,INTERMEDIATE,4.0,True,32.078,41.659,29.074,293.0,241.0,221.0,299.0,102.811,R
HUL,Haas F1 Team,INTERMEDIATE,5.0,True,32.172,41.891,29.211,291.0,238.0,219.0,297.0,103.274,R
HUL,Haas F1 Team,INTERMEDIATE,6.0,True,32.498,42.207,29.429,290.0,241.0,216.0,296.0,104.134,R
HUL,Haas F1 Team,INTERMEDIATE,7.0,True,32.347,41.998,29.34,292.0,241.0,216.0,298.0,103.685,R
HUL,Haas F1 Team,INTERMEDIATE,8.0,True,32.706,42.634,28.923,290.0,241.0,221.0,296.0,104.263,R
HUL,Haas F1 Team,INTERMEDIATE,9.0,True,32.661,42.837,28.544,289.0,244.0,225.0,295.0,104.042,R
HUL,Haas F1 Team,INTERMEDIATE,10.0,True,32.248,42.618,28.178,293.0,246.0,229.0,299.0,103.044,R
HUL,Haas F1 Team,INTERMEDIATE,11.0,True,31.62,41.483,27.554,292.0,245.0,231.0,299.0,100.657,R
HUL,Haas F1 Team,INTERMEDIATE,12.0,True,31.437,40.207,27.21,291.0,248.0,234.0,297.0,98.854,R
HUL,Haas F1 Team,SOFT,5.0,False,28.991,37.093,25.013,290.0,258.0,251.0,296.0,91.097,R
HUL,Haas F1 Team,SOFT,6.0,False,29.077,36.74,24.884,287.0,261.0,251.0,294.0,90.701,R
HUL,Haas F1 Team,SOFT,7.0,False,28.896,36.274,24.666,292.0,259.0,250.0,299.0,89.836,R
HUL,Haas F1 Team,SOFT,8.0,False,29.116,36.564,24.712,289.0,260.0,250.0,297.0,90.392,R
HUL,Haas F1 Team,SOFT,9.0,False,28.987,36.319,24.742,291.0,261.0,250.0,298.0,90.048,R
HUL,Haas F1 Team,SOFT,10.0,False,29.112,36.394,24.679,289.0,261.0,251.0,297.0,90.185,R
HUL,Haas F1 Team,SOFT,11.0,False,29.079,36.157,24.628,295.0,260.0,250.0,302.0,89.864,R
HUL,Haas F1 Team,SOFT,12.0,False,29.221,36.459,24.685,290.0,260.0,251.0,298.0,90.365,R
HUL,Haas F1 Team,SOFT,13.0,False,29.229,36.425,24.717,288.0,262.0,250.0,295.0,90.371,R
HUL,Haas F1 Team,SOFT,14.0,False,29.333,36.312,24.825,288.0,261.0,250.0,294.0,90.47,R
HUL,Haas F1 Team,SOFT,15.0,False,29.416,36.426,24.854,287.0,260.0,251.0,295.0,90.696,R
HUL,Haas F1 Team,SOFT,16.0,False,29.432,36.372,25.043,288.0,261.0,250.0,298.0,90.847,R
STR,Aston Martin,MEDIUM,2.0,True,29.645,37.883,25.155,319.0,259.0,245.0,328.0,92.683,R
STR,Aston Martin,MEDIUM,3.0,True,29.333,37.877,25.097,316.0,258.0,246.0,321.0,92.307,R
STR,Aston Martin,MEDIUM,4.0,True,29.671,37.788,25.509,294.0,256.0,246.0,301.0,92.968,R
STR,Aston Martin,MEDIUM,5.0,True,29.594,37.688,25.424,296.0,256.0,245.0,304.0,92.706,R
STR,Aston Martin,MEDIUM,6.0,True,29.483,37.602,25.703,296.0,256.0,245.0,302.0,92.788,R
STR,Aston Martin,MEDIUM,7.0,True,29.669,37.576,25.471,289.0,256.0,246.0,301.0,92.716,R
STR,Aston Martin,MEDIUM,8.0,True,29.774,37.426,25.448,282.0,256.0,246.0,298.0,92.648,R
STR,Aston Martin,MEDIUM,9.0,True,29.643,37.309,25.339,291.0,256.0,246.0,297.0,92.291,R
STR,Aston Martin,MEDIUM,10.0,True,29.591,37.45,25.578,295.0,256.0,247.0,295.0,92.619,R
STR,Aston Martin,MEDIUM,11.0,True,29.487,37.399,25.387,295.0,255.0,247.0,302.0,92.273,R
STR,Aston Martin,MEDIUM,12.0,True,29.552,37.359,25.451,295.0,258.0,246.0,303.0,92.362,R
STR,Aston Martin,MEDIUM,13.0,True,29.635,37.403,26.054,290.0,257.0,247.0,297.0,93.092,R
STR,Aston Martin,MEDIUM,14.0,True,29.48,37.862,25.299,303.0,259.0,247.0,320.0,92.641,R
STR,Aston Martin,MEDIUM,15.0,True,29.475,37.742,25.432,313.0,260.0,247.0,321.0,92.649,R
STR,Aston Martin,MEDIUM,16.0,True,29.529,37.695,25.867,313.0,258.0,247.0,320.0,93.091,R
STR,Aston Martin,MEDIUM,17.0,True,29.444,38.432,27.837,310.0,254.0,237.0,297.0,95.713,R
STR,Aston Martin,MEDIUM,18.0,True,30.294,37.877,27.618,291.0,257.0,232.0,324.0,95.789,R
STR,Aston Martin,MEDIUM,19.0,True,35.226,43.466,28.876,289.0,236.0,234.0,304.0,107.568,R
STR,Aston Martin,MEDIUM,20.0,True,31.371,39.226,26.894,288.0,250.0,247.0,302.0,97.491,R
STR,Aston Martin,MEDIUM,21.0,True,29.652,37.847,25.792,298.0,255.0,248.0,304.0,93.291,R
STR,Aston Martin,MEDIUM,22.0,True,29.511,37.482,25.502,295.0,256.0,250.0,298.0,92.495,R
STR,Aston Martin,MEDIUM,23.0,True,29.745,37.46,25.857,296.0,255.0,248.0,299.0,93.062,R
STR,Aston Martin,MEDIUM,24.0,True,30.202,37.97,26.413,296.0,255.0,247.0,304.0,94.585,R
STR,Aston Martin,MEDIUM,25.0,True,29.9,38.721,26.73,295.0,254.0,239.0,299.0,95.351,R
STR,Aston Martin,INTERMEDIATE,2.0,True,31.808,41.676,28.703,292.0,241.0,220.0,298.0,102.187,R
STR,Aston Martin,INTERMEDIATE,3.0,True,32.354,41.795,28.843,292.0,240.0,220.0,296.0,102.992,R
STR,Aston Martin,INTERMEDIATE,4.0,True,32.288,41.59,29.188,291.0,239.0,222.0,289.0,103.066,R
STR,Aston Martin,INTERMEDIATE,5.0,True,32.355,42.14,29.219,292.0,237.0,216.0,295.0,103.714,R
STR,Aston Martin,INTERMEDIATE,6.0,True,32.837,42.296,29.412,290.0,236.0,214.0,293.0,104.545,R
STR,Aston Martin,INTERMEDIATE,7.0,True,32.781,41.979,29.453,291.0,237.0,213.0,295.0,104.213,R
STR,Aston Martin,INTERMEDIATE,8.0,True,32.899,42.051,29.221,293.0,240.0,215.0,299.0,104.171,R
STR,Aston Martin,INTERMEDIATE,9.0,True,32.82,42.798,28.804,290.0,239.0,219.0,299.0,104.422,R
STR,Aston Martin,INTERMEDIATE,10.0,True,32.334,42.363,28.303,290.0,240.0,224.0,301.0,103.0,R
STR,Aston Martin,INTERMEDIATE,11.0,True,31.891,41.183,27.751,294.0,242.0,229.0,301.0,100.825,R
STR,Aston Martin,INTERMEDIATE,12.0,True,31.361,40.574,27.438,295.0,245.0,229.0,300.0,99.373,R
STR,Aston Martin,MEDIUM,2.0,True,28.788,36.362,24.948,296.0,260.0,251.0,303.0,90.098,R
STR,Aston Martin,MEDIUM,3.0,True,28.734,36.438,24.989,295.0,259.0,250.0,299.0,90.161,R
STR,Aston Martin,MEDIUM,4.0,True,28.864,36.431,24.901,294.0,259.0,250.0,298.0,90.196,R
STR,Aston Martin,MEDIUM,5.0,True,28.951,36.361,24.718,296.0,261.0,250.0,299.0,90.03,R
STR,Aston Martin,MEDIUM,6.0,True,29.054,36.221,24.75,296.0,262.0,250.0,301.0,90.025,R
STR,Aston Martin,MEDIUM,7.0,True,28.964,36.312,24.621,296.0,262.0,251.0,301.0,89.897,R
STR,Aston Martin,MEDIUM,8.0,True,29.006,36.294,24.625,296.0,262.0,250.0,299.0,89.925,R
STR,Aston Martin,MEDIUM,9.0,True,29.16,36.507,24.57,295.0,261.0,251.0,301.0,90.237,R
STR,Aston Martin,MEDIUM,10.0,True,29.01,36.366,24.593,297.0,262.0,251.0,302.0,89.969,R
STR,Aston Martin,MEDIUM,11.0,True,29.075,36.363,24.592,297.0,263.0,252.0,300.0,90.03,R
STR,Aston Martin,MEDIUM,12.0,True,29.052,36.37,24.604,298.0,261.0,252.0,303.0,90.026,R
STR,Aston Martin,MEDIUM,13.0,True,29.025,36.298,24.73,301.0,262.0,251.0,308.0,90.053,R
ALO,Aston Martin,MEDIUM,2.0,True,29.547,38.343,25.312,316.0,259.0,246.0,328.0,93.202,R
ALO,Aston Martin,MEDIUM,3.0,True,29.481,38.035,25.435,320.0,256.0,246.0,325.0,92.951,R
ALO,Aston Martin,MEDIUM,4.0,True,29.728,37.816,25.648,294.0,255.0,246.0,297.0,93.192,R
ALO,Aston Martin,MEDIUM,5.0,True,29.488,37.643,25.486,297.0,257.0,245.0,300.0,92.617,R
ALO,Aston Martin,MEDIUM,6.0,True,29.595,37.554,25.524,298.0,256.0,246.0,303.0,92.673,R
ALO,Aston Martin,MEDIUM,7.0,True,29.605,37.605,25.502,296.0,256.0,246.0,301.0,92.712,R
ALO,Aston Martin,MEDIUM,8.0,True,29.612,37.519,25.365,297.0,256.0,245.0,305.0,92.496,R
ALO,Aston Martin,MEDIUM,9.0,True,29.634,37.516,25.429,297.0,256.0,245.0,301.0,92.579,R
ALO,Aston Martin,MEDIUM,10.0,True,29.651,37.615,25.475,298.0,257.0,246.0,300.0,92.741,R
ALO,Aston Martin,MEDIUM,11.0,True,29.557,37.617,25.374,299.0,257.0,246.0,303.0,92.548,R
ALO,Aston Martin,MEDIUM,12.0,True,29.553,37.415,25.459,299.0,258.0,245.0,302.0,92.427,R
ALO,Aston Martin,MEDIUM,13.0,True,29.543,37.535,25.439,297.0,258.0,247.0,302.0,92.517,R
ALO,Aston Martin,MEDIUM,14.0,True,29.586,37.348,25.449,299.0,258.0,246.0,303.0,92.383,R
ALO,Aston Martin,MEDIUM,15.0,True,29.565,37.413,25.281,297.0,257.0,247.0,304.0,92.259,R
ALO,Aston Martin,MEDIUM,16.0,True,29.583,37.417,25.59,299.0,261.0,248.0,322.0,92.59,R
ALO,Aston Martin,MEDIUM,17.0,True,29.631,37.985,27.398,311.0,260.0,246.0,325.0,95.014,R
ALO,Aston Martin,MEDIUM,18.0,True,30.038,38.583,27.259,322.0,258.0,222.0,332.0,95.88,R
ALO,Aston Martin,MEDIUM,19.0,True,35.872,42.239,29.159,277.0,244.0,233.0,310.0,107.27,R
ALO,Aston Martin,MEDIUM,20.0,True,31.208,39.108,26.164,293.0,257.0,248.0,314.0,96.48,R
ALO,Aston Martin,MEDIUM,21.0,True,29.68,37.614,25.705,293.0,256.0,249.0,297.0,92.999,R
ALO,Aston Martin,MEDIUM,22.0,True,29.437,37.493,25.743,293.0,256.0,233.0,297.0,92.673,R
ALO,Aston Martin,MEDIUM,23.0,True,29.686,37.212,25.695,296.0,256.0,247.0,304.0,92.593,R
ALO,Aston Martin,MEDIUM,24.0,True,29.949,37.836,26.303,293.0,253.0,241.0,302.0,94.088,R
ALO,Aston Martin,MEDIUM,25.0,True,29.912,38.985,26.79,295.0,254.0,231.0,302.0,95.687,R
ALO,Aston Martin,MEDIUM,26.0,True,30.688,43.186,29.744,293.0,249.0,205.0,306.0,103.618,R
ALO,Aston Martin,INTERMEDIATE,2.0,True,32.901,41.517,28.654,285.0,243.0,229.0,297.0,103.072,R
ALO,Aston Martin,INTERMEDIATE,3.0,True,32.527,41.847,28.203,289.0,242.0,231.0,299.0,102.577,R
ALO,Aston Martin,INTERMEDIATE,4.0,True,32.417,41.53,28.849,290.0,240.0,225.0,297.0,102.796,R
ALO,Aston Martin,INTERMEDIATE,5.0,True,32.451,42.017,29.222,290.0,238.0,224.0,297.0,103.69,R
ALO,Aston Martin,INTERMEDIATE,6.0,True,32.69,42.065,29.507,286.0,239.0,219.0,291.0,104.262,R
ALO,Aston Martin,INTERMEDIATE,7.0,True,32.987,42.109,29.279,288.0,240.0,225.0,298.0,104.375,R
ALO,Aston Martin,INTERMEDIATE,8.0,True,32.897,42.599,28.755,291.0,241.0,230.0,299.0,104.251,R
ALO,Aston Martin,INTERMEDIATE,9.0,True,32.485,41.834,28.194,288.0,242.0,238.0,298.0,102.513,R
ALO,Aston Martin,INTERMEDIATE,10.0,True,32.089,41.001,27.657,293.0,243.0,238.0,294.0,100.747,R
ALO,Aston Martin,MEDIUM,2.0,True,29.107,36.952,25.087,296.0,258.0,252.0,300.0,91.146,R
ALO,Aston Martin,MEDIUM,3.0,True,28.694,36.912,24.988,310.0,260.0,252.0,296.0,90.594,R
ALO,Aston Martin,MEDIUM,4.0,True,28.958,36.368,24.841,293.0,259.0,252.0,298.0,90.167,R
ALO,Aston Martin,MEDIUM,5.0,True,29.019,36.291,24.788,291.0,260.0,251.0,297.0,90.098,R
ALO,Aston Martin,MEDIUM,6.0,True,28.979,36.26,24.691,292.0,260.0,252.0,297.0,89.93,R
ALO,Aston Martin,MEDIUM,7.0,True,28.986,36.206,24.679,292.0,260.0,252.0,298.0,89.871,R
ALO,Aston Martin,MEDIUM,8.0,True,29.004,36.126,24.623,292.0,260.0,253.0,298.0,89.753,R
ALO,Aston Martin,MEDIUM,9.0,True,29.031,36.094,24.585,293.0,262.0,252.0,298.0,89.71,R
ALO,Aston Martin,MEDIUM,10.0,True,29.15,36.302,24.662,291.0,260.0,252.0,298.0,90.114,R
ALO,Aston Martin,MEDIUM,11.0,True,29.108,36.687,24.905,293.0,259.0,252.0,297.0,90.7,R
ALO,Aston Martin,MEDIUM,12.0,True,29.212,36.699,24.816,280.0,262.0,252.0,295.0,90.727,R
ALO,Aston Martin,MEDIUM,13.0,True,29.12,36.591,24.881,290.0,262.0,252.0,297.0,90.592,R
ALO,Aston Martin,MEDIUM,14.0,True,29.311,37.163,24.956,283.0,261.0,251.0,300.0,91.43,R
ALB,Williams,MEDIUM,2.0,True,29.62,38.091,25.447,317.0,260.0,245.0,331.0,93.158,R
ALB,Williams,MEDIUM,3.0,True,29.733,38.034,25.606,317.0,256.0,245.0,325.0,93.373,R
ALB,Williams,MEDIUM,4.0,True,29.543,38.062,25.454,313.0,258.0,245.0,324.0,93.059,R
ALB,Williams,MEDIUM,5.0,True,29.783,37.726,25.337,312.0,259.0,245.0,322.0,92.846,R
ALB,Williams,MEDIUM,6.0,True,29.879,37.717,25.418,299.0,257.0,246.0,308.0,93.014,R
ALB,Williams,MEDIUM,7.0,True,29.816,37.648,25.475,299.0,256.0,246.0,302.0,92.939,R
ALB,Williams,MEDIUM,8.0,True,29.718,37.603,25.477,297.0,255.0,245.0,305.0,92.798,R
ALB,Williams,MEDIUM,9.0,True,29.786,37.646,25.501,296.0,257.0,243.0,302.0,92.933,R
ALB,Williams,MEDIUM,10.0,True,29.765,37.679,25.629,299.0,255.0,245.0,303.0,93.073,R
ALB,Williams,MEDIUM,11.0,True,29.81,37.723,25.448,297.0,255.0,245.0,303.0,92.981,R
ALB,Williams,MEDIUM,12.0,True,29.743,37.38,25.444,298.0,256.0,246.0,306.0,92.567,R
ALB,Williams,MEDIUM,13.0,True,29.864,37.424,25.481,296.0,257.0,246.0,304.0,92.769,R
ALB,Williams,MEDIUM,14.0,True,29.682,37.413,25.443,297.0,257.0,247.0,304.0,92.538,R
ALB,Williams,MEDIUM,15.0,True,29.539,37.395,25.331,312.0,259.0,245.0,321.0,92.265,R
ALB,Williams,MEDIUM,16.0,True,29.57,37.652,25.956,310.0,258.0,246.0,322.0,93.178,R
ALB,Williams,MEDIUM,17.0,True,29.588,37.832,27.453,310.0,258.0,241.0,326.0,94.873,R
ALB,Williams,MEDIUM,18.0,True,30.198,37.694,27.431,308.0,253.0,225.0,321.0,95.323,R
ALB,Williams,MEDIUM,19.0,True,34.216,41.761,28.642,285.0,241.0,228.0,303.0,104.619,R
ALB,Williams,MEDIUM,20.0,True,31.395,38.624,26.511,293.0,253.0,245.0,306.0,96.53,R
ALB,Williams,MEDIUM,21.0,True,30.17,37.757,25.719,296.0,256.0,249.0,313.0,93.646,R
ALB,Williams,MEDIUM,22.0,True,29.764,37.685,25.637,298.0,255.0,248.0,309.0,93.086,R
ALB,Williams,MEDIUM,23.0,True,29.758,37.613,25.52,296.0,255.0,249.0,303.0,92.891,R
ALB,Williams,MEDIUM,24.0,True,29.631,38.141,26.188,317.0,257.0,240.0,330.0,93.96,R
ALB,Williams,MEDIUM,25.0,True,29.917,38.761,26.934,316.0,255.0,237.0,306.0,95.612,R
ALB,Williams,MEDIUM,26.0,True,30.626,43.153,29.992,299.0,248.0,206.0,302.0,103.771,R
ALB,Williams,INTERMEDIATE,2.0,True,32.027,41.29,28.409,284.0,244.0,226.0,295.0,101.726,R
ALB,Williams,INTERMEDIATE,3.0,True,32.255,41.744,29.272,284.0,242.0,216.0,294.0,103.271,R
ALB,Williams,INTERMEDIATE,4.0,True,32.454,41.623,29.152,286.0,240.0,217.0,296.0,103.229,R
ALB,Williams,INTERMEDIATE,5.0,True,32.626,42.125,29.553,287.0,240.0,215.0,302.0,104.304,R
ALB,Williams,INTERMEDIATE,6.0,True,32.729,42.557,29.534,288.0,238.0,214.0,298.0,104.82,R
ALB,Williams,INTERMEDIATE,7.0,True,33.108,42.763,29.345,291.0,240.0,213.0,300.0,105.216,R
ALB,Williams,INTERMEDIATE,8.0,True,33.118,43.02,29.064,284.0,241.0,177.0,302.0,105.202,R
ALB,Williams,INTERMEDIATE,9.0,True,32.953,42.03,28.092,292.0,243.0,225.0,300.0,103.075,R
ALB,Williams,INTERMEDIATE,10.0,True,31.87,40.87,27.533,291.0,243.0,231.0,296.0,100.273,R
ALB,Williams,MEDIUM,2.0,True,29.039,36.956,24.894,297.0,258.0,252.0,307.0,90.889,R
ALB,Williams,MEDIUM,3.0,True,28.644,36.947,25.124,318.0,261.0,250.0,327.0,90.715,R
ALB,Williams,MEDIUM,4.0,True,28.921,36.742,24.795,310.0,240.0,252.0,316.0,90.458,R
ALB,Williams,MEDIUM,5.0,True,28.831,36.486,24.809,311.0,263.0,252.0,316.0,90.126,R
ALB,Williams,MEDIUM,6.0,True,28.967,36.502,25.271,313.0,264.0,249.0,331.0,90.74,R
ALB,Williams,MEDIUM,7.0,True,29.201,36.6,24.605,309.0,265.0,247.0,331.0,90.406,R
ALB,Williams,MEDIUM,8.0,True,29.113,36.438,24.683,294.0,260.0,251.0,300.0,90.234,R
ALB,Williams,MEDIUM,9.0,True,29.107,36.306,24.735,296.0,260.0,250.0,301.0,90.148,R
ALB,Williams,MEDIUM,10.0,True,29.132,36.381,24.555,295.0,260.0,252.0,300.0,90.068,R
ALB,Williams,MEDIUM,11.0,True,29.038,36.352,24.57,296.0,261.0,251.0,299.0,89.96,R
ALB,Williams,MEDIUM,12.0,True,29.05,36.201,24.577,296.0,260.0,251.0,300.0,89.828,R
ALB,Williams,MEDIUM,13.0,True,29.163,36.248,24.505,296.0,260.0,252.0,300.0,89.916,R
ALB,Williams,MEDIUM,14.0,True,29.121,36.186,24.411,295.0,263.0,252.0,307.0,89.718,R
TSU,RB,MEDIUM,2.0,True,29.363,38.489,25.362,317.0,259.0,246.0,333.0,93.214,R
TSU,RB,MEDIUM,3.0,True,29.476,38.062,25.524,322.0,256.0,246.0,329.0,93.062,R
TSU,RB,MEDIUM,4.0,True,29.438,38.161,25.565,310.0,258.0,245.0,327.0,93.164,R
TSU,RB,MEDIUM,5.0,True,29.369,37.878,25.36,318.0,260.0,246.0,326.0,92.607,R
TSU,RB,MEDIUM,6.0,True,29.345,37.908,25.361,320.0,259.0,246.0,327.0,92.614,R
TSU,RB,MEDIUM,7.0,True,29.512,37.93,25.375,319.0,258.0,246.0,328.0,92.817,R
TSU,RB,MEDIUM,8.0,True,29.529,37.831,25.263,318.0,259.0,245.0,327.0,92.623,R
TSU,RB,MEDIUM,9.0,True,29.49,37.695,25.385,319.0,259.0,245.0,326.0,92.57,R
TSU,RB,MEDIUM,10.0,True,29.971,37.815,25.652,319.0,255.0,246.0,305.0,93.438,R
TSU,RB,MEDIUM,11.0,True,29.618,37.695,25.492,303.0,257.0,246.0,305.0,92.805,R
TSU,RB,MEDIUM,12.0,True,29.613,37.663,25.506,302.0,257.0,246.0,307.0,92.782,R
TSU,RB,MEDIUM,13.0,True,29.61,37.809,25.612,301.0,257.0,246.0,302.0,93.031,R
TSU,RB,MEDIUM,14.0,True,29.644,37.56,25.527,300.0,257.0,246.0,304.0,92.731,R
TSU,RB,MEDIUM,15.0,True,29.66,37.436,25.493,300.0,257.0,246.0,304.0,92.589,R
TSU,RB,MEDIUM,16.0,True,29.738,37.545,25.926,296.0,256.0,246.0,305.0,93.209,R
TSU,RB,MEDIUM,17.0,True,29.818,37.734,27.186,297.0,254.0,241.0,303.0,94.738,R
TSU,RB,MEDIUM,18.0,True,30.274,37.869,27.249,295.0,252.0,229.0,304.0,95.392,R
TSU,RB,MEDIUM,19.0,True,34.098,41.565,28.922,293.0,240.0,233.0,309.0,104.585,R
TSU,RB,MEDIUM,20.0,True,31.315,38.986,26.574,298.0,253.0,247.0,312.0,96.875,R
TSU,RB,MEDIUM,21.0,True,30.003,37.96,25.761,299.0,254.0,249.0,304.0,93.724,R
TSU,RB,MEDIUM,22.0,True,29.696,37.577,25.408,298.0,256.0,249.0,304.0,92.681,R
TSU,RB,MEDIUM,23.0,True,29.934,37.548,25.624,299.0,256.0,248.0,304.0,93.106,R
TSU,RB,MEDIUM,24.0,True,29.812,38.117,26.177,303.0,255.0,245.0,325.0,94.106,R
TSU,RB,MEDIUM,25.0,True,29.857,38.781,26.835,316.0,257.0,236.0,307.0,95.473,R
TSU,RB,MEDIUM,26.0,True,30.457,43.03,29.773,301.0,249.0,210.0,308.0,103.26,R
TSU,RB,INTERMEDIATE,2.0,True,33.048,42.02,28.681,288.0,244.0,222.0,302.0,103.749,R
TSU,RB,INTERMEDIATE,3.0,True,32.292,42.011,28.664,296.0,244.0,222.0,302.0,102.967,R
TSU,RB,INTERMEDIATE,4.0,True,32.201,41.91,29.244,295.0,241.0,219.0,299.0,103.355,R
TSU,RB,INTERMEDIATE,5.0,True,32.762,42.205,29.489,293.0,240.0,215.0,297.0,104.456,R
TSU,RB,INTERMEDIATE,6.0,True,32.818,42.205,29.956,293.0,240.0,211.0,297.0,104.979,R
TSU,RB,INTERMEDIATE,7.0,True,33.215,42.395,29.313,294.0,240.0,214.0,297.0,104.923,R
TSU,RB,INTERMEDIATE,8.0,True,32.984,43.231,28.567,294.0,240.0,229.0,298.0,104.782,R
TSU,RB,INTERMEDIATE,9.0,True,32.477,42.368,27.881,294.0,241.0,232.0,298.0,102.726,R
TSU,RB,INTERMEDIATE,10.0,True,32.029,41.316,27.753,295.0,244.0,235.0,299.0,101.098,R
TSU,RB,SOFT,2.0,True,29.474,37.574,25.27,293.0,258.0,250.0,299.0,92.318,R
TSU,RB,SOFT,3.0,True,28.932,36.687,25.193,296.0,259.0,251.0,304.0,90.812,R
TSU,RB,SOFT,4.0,True,28.893,36.462,24.964,296.0,261.0,251.0,298.0,90.319,R
TSU,RB,SOFT,5.0,True,28.971,36.404,24.854,293.0,262.0,250.0,297.0,90.229,R
TSU,RB,SOFT,6.0,True,29.11,36.404,25.368,296.0,262.0,250.0,305.0,90.882,R
TSU,RB,SOFT,7.0,True,29.287,36.443,25.708,289.0,261.0,248.0,305.0,91.438,R
TSU,RB,SOFT,8.0,True,29.427,37.128,25.133,315.0,259.0,250.0,299.0,91.688,R
TSU,RB,SOFT,9.0,True,29.377,36.625,24.98,300.0,261.0,251.0,299.0,90.982,R
TSU,RB,SOFT,10.0,True,29.412,36.836,25.119,296.0,260.0,250.0,301.0,91.367,R
TSU,RB,SOFT,11.0,True,29.279,36.825,24.976,297.0,261.0,250.0,299.0,91.08,R
TSU,RB,SOFT,12.0,True,29.301,36.927,25.179,295.0,261.0,249.0,297.0,91.407,R
TSU,RB,SOFT,13.0,True,29.524,36.928,25.077,297.0,261.0,250.0,299.0,91.529,R
TSU,RB,SOFT,14.0,True,29.552,36.953,25.585,298.0,260.0,249.0,298.0,92.09,R
SAR,Williams,MEDIUM,2.0,True,29.891,38.219,25.325,318.0,258.0,246.0,329.0,93.435,R
SAR,Williams,MEDIUM,3.0,True,29.594,38.289,25.436,314.0,256.0,246.0,325.0,93.319,R
SAR,Williams,MEDIUM,4.0,True,29.717,38.06,25.333,310.0,257.0,245.0,323.0,93.11,R
SAR,Williams,MEDIUM,5.0,True,29.869,38.177,25.093,312.0,256.0,245.0,320.0,93.139,R
SAR,Williams,MEDIUM,6.0,True,29.746,37.934,25.224,309.0,257.0,245.0,321.0,92.904,R
SAR,Williams,MEDIUM,7.0,True,29.743,37.96,25.299,311.0,257.0,246.0,322.0,93.002,R
SAR,Williams,MEDIUM,8.0,True,29.748,37.767,25.291,309.0,257.0,243.0,321.0,92.806,R
SAR,Williams,MEDIUM,9.0,True,29.793,37.909,25.317,310.0,257.0,244.0,318.0,93.019,R
SAR,Williams,MEDIUM,10.0,True,29.806,37.841,25.309,312.0,256.0,245.0,319.0,92.956,R
SAR,Williams,MEDIUM,11.0,True,29.795,37.803,25.299,310.0,258.0,245.0,320.0,92.897,R
SAR,Williams,MEDIUM,12.0,True,29.723,37.736,25.289,312.0,257.0,245.0,321.0,92.748,R
SAR,Williams,MEDIUM,13.0,True,29.696,37.91,25.434,309.0,255.0,245.0,302.0,93.04,R
SAR,Williams,MEDIUM,14.0,True,29.602,37.636,25.369,310.0,254.0,246.0,302.0,92.607,R
SAR,Williams,MEDIUM,15.0,True,29.769,37.53,25.244,296.0,257.0,246.0,304.0,92.543,R
SAR,Williams,MEDIUM,16.0,True,29.851,37.381,26.469,294.0,257.0,245.0,303.0,93.701,R
SAR,Williams,MEDIUM,17.0,True,29.995,37.945,27.318,291.0,250.0,242.0,300.0,95.258,R
SAR,Williams,MEDIUM,18.0,True,30.152,37.569,27.179,290.0,250.0,230.0,301.0,94.9,R
SAR,Williams,MEDIUM,19.0,True,34.979,40.864,28.247,289.0,233.0,231.0,304.0,104.09,R
SAR,Williams,MEDIUM,20.0,True,31.2,38.791,26.125,289.0,247.0,248.0,301.0,96.116,R
SAR,Williams,MEDIUM,21.0,True,29.923,38.11,25.599,294.0,249.0,248.0,302.0,93.632,R
SAR,Williams,MEDIUM,22.0,True,29.844,37.628,25.354,295.0,254.0,248.0,303.0,92.826,R
SAR,Williams,MEDIUM,23.0,True,30.044,37.984,26.466,294.0,254.0,242.0,299.0,94.494,R
SAR,Williams,MEDIUM,24.0,True,30.05,38.221,25.766,311.0,254.0,240.0,320.0,94.037,R
SAR,Williams,MEDIUM,25.0,True,30.121,39.205,26.84,296.0,250.0,221.0,299.0,96.166,R
SAR,Williams,MEDIUM,26.0,True,31.256,43.4,29.986,293.0,245.0,199.0,305.0,104.642,R
SAR,Williams,INTERMEDIATE,2.0,True,32.462,41.236,28.517,293.0,238.0,213.0,300.0,102.215,R
SAR,Williams,INTERMEDIATE,3.0,True,32.298,41.279,28.899,290.0,239.0,214.0,296.0,102.476,R
SAR,Williams,INTERMEDIATE,4.0,True,32.714,42.011,29.607,288.0,235.0,211.0,298.0,104.332,R
SAR,Williams,INTERMEDIATE,5.0,True,32.973,42.251,29.688,290.0,235.0,206.0,295.0,104.912,R
SAR,Williams,INTERMEDIATE,6.0,True,33.062,42.825,29.797,283.0,235.0,208.0,296.0,105.684,R
SAR,Williams,INTERMEDIATE,7.0,True,33.583,43.202,29.31,283.0,234.0,213.0,295.0,106.095,R
SAR,Williams,INTERMEDIATE,8.0,True,33.475,43.543,28.833,293.0,235.0,213.0,299.0,105.851,R
SAR,Williams,INTERMEDIATE,9.0,True,32.793,42.356,28.216,287.0,237.0,228.0,300.0,103.365,R
SAR,Williams,INTERMEDIATE,10.0,True,32.262,41.533,28.412,295.0,238.0,227.0,295.0,102.207,R
SAR,Williams,SOFT,2.0,True,28.877,36.922,25.554,295.0,257.0,251.0,314.0,91.353,R
SAR,Williams,SOFT,3.0,True,28.848,36.901,25.126,310.0,263.0,250.0,321.0,90.875,R
SAR,Williams,SOFT,4.0,True,28.81,36.469,24.693,313.0,263.0,250.0,329.0,89.972,R
SAR,Williams,SOFT,5.0,True,29.054,36.445,24.663,309.0,262.0,251.0,318.0,90.162,R
SAR,Williams,SOFT,6.0,True,29.318,36.546,24.139,310.0,266.0,250.0,329.0,90.003,R
SAR,Williams,SOFT,7.0,True,29.234,36.454,24.925,293.0,260.0,250.0,298.0,90.613,R
SAR,Williams,SOFT,8.0,True,29.347,36.505,24.974,293.0,259.0,249.0,293.0,90.826,R
SAR,Williams,SOFT,9.0,True,29.434,36.797,25.019,291.0,259.0,249.0,294.0,91.25,R
SAR,Williams,SOFT,10.0,True,29.5,36.636,25.065,289.0,258.0,249.0,294.0,91.201,R
SAR,Williams,SOFT,11.0,True,29.557,36.638,24.98,292.0,259.0,249.0,295.0,91.175,R
SAR,Williams,SOFT,12.0,True,29.498,36.691,25.06,291.0,259.0,249.0,296.0,91.249,R
SAR,Williams,SOFT,13.0,True,29.836,36.802,25.024,291.0,259.0,249.0,302.0,91.662,R
SAR,Williams,SOFT,14.0,True,29.78,37.11,25.198,287.0,259.0,248.0,304.0,92.088,R
MAG,Haas F1 Team,MEDIUM,2.0,True,29.711,38.986,25.519,316.0,257.0,245.0,324.0,94.216,R
MAG,Haas F1 Team,MEDIUM,3.0,True,29.6,38.149,25.51,300.0,257.0,246.0,324.0,93.259,R
MAG,Haas F1 Team,MEDIUM,4.0,True,29.503,38.197,25.41,317.0,259.0,246.0,328.0,93.11,R
MAG,Haas F1 Team,MEDIUM,5.0,True,29.414,38.02,25.565,323.0,261.0,246.0,334.0,92.999,R
MAG,Haas F1 Team,MEDIUM,6.0,True,29.7,38.24,25.604,316.0,259.0,246.0,328.0,93.544,R
MAG,Haas F1 Team,MEDIUM,7.0,True,30.03,38.107,25.597,317.0,258.0,245.0,328.0,93.734,R
MAG,Haas F1 Team,MEDIUM,8.0,True,29.649,37.996,25.559,309.0,255.0,245.0,300.0,93.204,R
MAG,Haas F1 Team,MEDIUM,9.0,True,29.654,37.721,25.408,292.0,255.0,245.0,299.0,92.783,R
MAG,Haas F1 Team,MEDIUM,10.0,True,29.669,37.54,25.438,293.0,255.0,245.0,301.0,92.647,R
MAG,Haas F1 Team,MEDIUM,11.0,True,29.617,37.63,25.424,292.0,256.0,246.0,306.0,92.671,R
MAG,Haas F1 Team,MEDIUM,12.0,True,29.664,37.469,25.398,293.0,258.0,246.0,304.0,92.531,R
MAG,Haas F1 Team,MEDIUM,13.0,True,29.722,37.597,25.421,294.0,257.0,245.0,304.0,92.74,R
MAG,Haas F1 Team,MEDIUM,14.0,True,29.441,37.546,25.519,310.0,260.0,245.0,319.0,92.506,R
MAG,Haas F1 Team,MEDIUM,15.0,True,29.612,37.731,25.61,310.0,259.0,244.0,327.0,92.953,R
MAG,Haas F1 Team,MEDIUM,16.0,True,29.62,37.55,26.316,317.0,257.0,246.0,297.0,93.486,R
MAG,Haas F1 Team,MEDIUM,17.0,True,29.733,37.886,27.042,288.0,253.0,244.0,297.0,94.661,R
MAG,Haas F1 Team,MEDIUM,18.0,True,30.032,37.671,27.027,290.0,250.0,240.0,299.0,94.73,R
MAG,Haas F1 Team,MEDIUM,19.0,True,34.669,40.873,27.963,287.0,229.0,240.0,299.0,103.505,R
MAG,Haas F1 Team,MEDIUM,20.0,True,30.846,38.248,26.087,293.0,251.0,249.0,303.0,95.181,R
MAG,Haas F1 Team,MEDIUM,21.0,True,29.867,37.862,25.755,291.0,253.0,248.0,304.0,93.484,R
MAG,Haas F1 Team,MEDIUM,22.0,True,29.641,37.757,25.368,294.0,256.0,249.0,303.0,92.766,R
MAG,Haas F1 Team,MEDIUM,23.0,True,29.943,37.918,25.417,294.0,258.0,247.0,327.0,93.278,R
MAG,Haas F1 Team,MEDIUM,24.0,True,29.826,37.972,25.827,292.0,255.0,247.0,300.0,93.625,R
MAG,Haas F1 Team,MEDIUM,25.0,True,29.923,38.966,26.261,298.0,252.0,245.0,300.0,95.15,R
MAG,Haas F1 Team,MEDIUM,26.0,True,30.824,44.649,29.993,291.0,245.0,209.0,297.0,105.466,R
MAG,Haas F1 Team,INTERMEDIATE,2.0,True,33.006,41.454,28.382,288.0,241.0,224.0,298.0,102.842,R
MAG,Haas F1 Team,INTERMEDIATE,3.0,True,32.197,41.233,28.703,289.0,239.0,220.0,296.0,102.133,R
MAG,Haas F1 Team,INTERMEDIATE,4.0,True,32.369,42.17,29.521,289.0,240.0,215.0,296.0,104.06,R
MAG,Haas F1 Team,INTERMEDIATE,5.0,True,32.999,42.275,29.81,288.0,238.0,215.0,295.0,105.084,R
MAG,Haas F1 Team,INTERMEDIATE,6.0,True,32.6,42.198,30.468,290.0,237.0,206.0,294.0,105.266,R
MAG,Haas F1 Team,INTERMEDIATE,7.0,True,33.424,42.868,29.843,289.0,238.0,212.0,296.0,106.135,R
MAG,Haas F1 Team,INTERMEDIATE,8.0,True,32.926,43.409,29.222,290.0,238.0,220.0,296.0,105.557,R
MAG,Haas F1 Team,INTERMEDIATE,9.0,True,32.486,42.725,28.4,290.0,237.0,227.0,297.0,103.611,R
MAG,Haas F1 Team,SOFT,2.0,True,29.463,38.002,25.747,293.0,250.0,248.0,300.0,93.212,R
MAG,Haas F1 Team,SOFT,3.0,True,29.092,37.607,25.372,292.0,255.0,249.0,301.0,92.071,R
MAG,Haas F1 Team,SOFT,4.0,True,28.982,36.768,24.86,287.0,258.0,250.0,302.0,90.61,R
MAG,Haas F1 Team,SOFT,5.0,True,28.933,36.538,24.622,288.0,259.0,249.0,302.0,90.093,R
MAG,Haas F1 Team,SOFT,6.0,True,29.036,36.552,24.866,287.0,259.0,248.0,302.0,90.454,R
MAG,Haas F1 Team,SOFT,7.0,True,29.228,36.595,25.519,288.0,260.0,247.0,304.0,91.342,R
MAG,Haas F1 Team,SOFT,8.0,True,29.874,36.652,25.196,289.0,257.0,249.0,298.0,91.722,R
MAG,Haas F1 Team,SOFT,9.0,True,29.338,36.532,25.261,289.0,259.0,248.0,297.0,91.131,R
MAG,Haas F1 Team,SOFT,10.0,True,29.399,36.601,25.036,289.0,259.0,248.0,295.0,91.036,R
MAG,Haas F1 Team,SOFT,11.0,True,29.356,36.706,24.891,289.0,258.0,249.0,299.0,90.953,R
MAG,Haas F1 Team,SOFT,12.0,True,29.248,36.645,24.91,296.0,258.0,248.0,304.0,90.803,R
MAG,Haas F1 Team,SOFT,13.0,True,29.487,36.683,24.973,293.0,259.0,248.0,303.0,91.143,R
MAG,Haas F1 Team,SOFT,14.0,True,29.456,36.777,25.236,294.0,259.0,244.0,305.0,91.469,R
MAG,Haas F1 Team,SOFT,15.0,True,29.827,37.048,25.107,295.0,258.0,249.0,306.0,91.982,R
RIC,RB,MEDIUM,2.0,True,29.978,38.417,25.314,320.0,259.0,245.0,326.0,93.709,R
RIC,RB,MEDIUM,3.0,True,29.623,38.35,25.456,321.0,257.0,245.0,327.0,93.429,R
RIC,RB,MEDIUM,4.0,True,29.733,38.107,25.413,304.0,257.0,245.0,319.0,93.253,R
RIC,RB,MEDIUM,5.0,True,29.691,38.171,25.401,306.0,258.0,245.0,325.0,93.263,R
RIC,RB,MEDIUM,6.0,True,29.619,38.276,25.771,311.0,257.0,244.0,320.0,93.666,R
RIC,RB,MEDIUM,7.0,True,29.738,37.75,25.464,315.0,254.0,244.0,303.0,92.952,R
RIC,RB,MEDIUM,8.0,True,29.786,37.74,25.569,294.0,254.0,244.0,301.0,93.095,R
RIC,RB,MEDIUM,9.0,True,29.737,37.614,25.411,295.0,255.0,243.0,301.0,92.762,R
RIC,RB,MEDIUM,10.0,True,29.651,37.583,25.487,297.0,254.0,244.0,302.0,92.721,R
RIC,RB,MEDIUM,11.0,True,29.746,37.68,25.378,296.0,253.0,244.0,304.0,92.804,R
RIC,RB,MEDIUM,12.0,True,29.722,37.662,25.413,295.0,255.0,244.0,304.0,92.797,R
RIC,RB,MEDIUM,13.0,True,29.622,37.779,25.479,296.0,255.0,245.0,303.0,92.88,R
RIC,RB,MEDIUM,14.0,True,29.759,37.682,25.492,293.0,253.0,245.0,304.0,92.933,R
RIC,RB,MEDIUM,15.0,True,29.731,37.702,25.738,294.0,256.0,244.0,304.0,93.171,R
RIC,RB,MEDIUM,16.0,True,30.036,38.307,26.094,293.0,258.0,246.0,318.0,94.437,R
RIC,RB,MEDIUM,17.0,True,29.662,38.406,27.817,307.0,254.0,239.0,317.0,95.885,R
RIC,RB,MEDIUM,18.0,True,30.315,38.749,27.763,306.0,248.0,238.0,300.0,96.827,R
RIC,RB,MEDIUM,19.0,True,34.743,41.888,28.291,264.0,230.0,231.0,298.0,104.922,R
RIC,RB,MEDIUM,20.0,True,31.631,39.154,26.545,294.0,248.0,235.0,300.0,97.33,R
RIC,RB,MEDIUM,21.0,True,30.185,38.393,26.144,292.0,252.0,243.0,300.0,94.722,R
RIC,RB,MEDIUM,22.0,True,29.678,37.782,25.555,290.0,255.0,245.0,301.0,93.015,R
RIC,RB,MEDIUM,23.0,True,29.69,38.201,26.333,291.0,251.0,244.0,297.0,94.224,R
RIC,RB,MEDIUM,24.0,True,30.177,39.232,27.074,288.0,252.0,236.0,297.0,96.483,R
RIC,RB,MEDIUM,25.0,True,30.63,40.504,27.591,289.0,252.0,220.0,300.0,98.725,R
RIC,RB,INTERMEDIATE,2.0,True,32.195,42.262,28.881,295.0,240.0,215.0,299.0,103.338,R
RIC,RB,INTERMEDIATE,3.0,True,32.484,41.934,28.959,293.0,234.0,219.0,297.0,103.377,R
RIC,RB,INTERMEDIATE,4.0,True,32.445,41.612,29.241,292.0,238.0,222.0,295.0,103.298,R
RIC,RB,INTERMEDIATE,5.0,True,32.472,42.03,29.197,291.0,236.0,222.0,295.0,103.699,R
RIC,RB,INTERMEDIATE,6.0,True,32.457,41.969,29.718,294.0,236.0,213.0,297.0,104.144,R
RIC,RB,INTERMEDIATE,7.0,True,32.877,42.38,29.598,293.0,236.0,215.0,296.0,104.855,R
RIC,RB,INTERMEDIATE,8.0,True,33.254,43.215,29.5,292.0,236.0,213.0,297.0,105.969,R
RIC,RB,INTERMEDIATE,9.0,True,33.149,43.7,28.686,292.0,241.0,222.0,297.0,105.535,R
RIC,RB,INTERMEDIATE,10.0,True,32.5,42.387,28.326,295.0,239.0,231.0,299.0,103.213,R
RIC,RB,SOFT,2.0,True,29.476,37.962,25.7,295.0,257.0,249.0,307.0,93.138,R
RIC,RB,SOFT,3.0,True,29.333,37.421,25.674,291.0,255.0,249.0,302.0,92.428,R
RIC,RB,SOFT,4.0,True,29.171,36.935,25.183,291.0,258.0,248.0,301.0,91.289,R
RIC,RB,SOFT,5.0,True,29.208,36.632,24.925,293.0,258.0,249.0,301.0,90.765,R
RIC,RB,SOFT,6.0,True,29.188,36.801,25.209,292.0,258.0,248.0,299.0,91.198,R
RIC,RB,SOFT,7.0,True,29.273,36.824,24.983,291.0,260.0,250.0,299.0,91.08,R
RIC,RB,SOFT,8.0,True,29.229,36.719,25.007,292.0,260.0,250.0,300.0,90.955,R
RIC,RB,SOFT,9.0,True,29.18,36.72,24.949,292.0,259.0,250.0,300.0,90.849,R
RIC,RB,SOFT,10.0,True,29.14,36.665,24.93,292.0,259.0,249.0,301.0,90.735,R
RIC,RB,SOFT,11.0,True,29.302,36.824,24.983,292.0,258.0,250.0,300.0,91.109,R
RIC,RB,SOFT,12.0,True,29.324,36.947,26.655,293.0,258.0,248.0,301.0,92.926,R
RIC,RB,SOFT,13.0,True,29.532,39.195,25.423,293.0,257.0,248.0,301.0,94.15,R
RIC,RB,SOFT,14.0,True,29.907,39.398,25.509,297.0,260.0,236.0,323.0,94.814,R
LEC,Ferrari,MEDIUM,2.0,True,29.575,37.979,25.304,312.0,259.0,246.0,325.0,92.858,R
LEC,Ferrari,MEDIUM,3.0,True,29.447,37.703,25.219,310.0,259.0,248.0,318.0,92.369,R
LEC,Ferrari,MEDIUM,4.0,True,29.583,37.67,25.452,307.0,259.0,248.0,320.0,92.705,R
LEC,Ferrari,MEDIUM,5.0,True,29.536,37.776,25.385,308.0,260.0,248.0,321.0,92.697,R
LEC,Ferrari,MEDIUM,6.0,True,29.562,37.512,25.684,308.0,260.0,248.0,326.0,92.758,R
LEC,Ferrari,MEDIUM,7.0,True,29.662,37.652,25.348,307.0,261.0,248.0,315.0,92.662,R
LEC,Ferrari,MEDIUM,8.0,True,29.689,37.715,25.456,306.0,258.0,247.0,317.0,92.86,R
LEC,Ferrari,MEDIUM,9.0,True,29.579,37.457,25.29,306.0,260.0,248.0,316.0,92.326,R
LEC,Ferrari,MEDIUM,10.0,True,29.59,37.473,25.433,307.0,259.0,248.0,318.0,92.496,R
LEC,Ferrari,MEDIUM,11.0,True,29.594,37.375,25.379,307.0,260.0,247.0,318.0,92.348,R
LEC,Ferrari,MEDIUM,12.0,True,29.622,37.261,25.353,304.0,260.0,249.0,316.0,92.236,R
LEC,Ferrari,MEDIUM,13.0,True,29.643,37.343,25.003,304.0,262.0,248.0,328.0,91.989,R
LEC,Ferrari,MEDIUM,14.0,True,29.708,37.354,25.334,285.0,258.0,247.0,292.0,92.396,R
LEC,Ferrari,MEDIUM,15.0,True,29.798,37.529,25.428,286.0,257.0,248.0,300.0,92.755,R
LEC,Ferrari,MEDIUM,16.0,True,29.79,37.303,25.83,284.0,257.0,248.0,290.0,92.923,R
LEC,Ferrari,MEDIUM,17.0,True,29.679,37.906,27.695,284.0,252.0,235.0,293.0,95.28,R
LEC,Ferrari,MEDIUM,18.0,True,30.445,38.347,27.159,283.0,252.0,225.0,295.0,95.951,R
LEC,Ferrari,INTERMEDIATE,2.0,True,32.126,42.102,28.618,289.0,230.0,222.0,296.0,102.846,R
LEC,Ferrari,INTERMEDIATE,3.0,True,33.006,42.617,28.729,282.0,240.0,217.0,290.0,104.352,R
LEC,Ferrari,INTERMEDIATE,4.0,True,33.765,43.351,29.477,284.0,237.0,211.0,295.0,106.593,R
LEC,Ferrari,INTERMEDIATE,5.0,True,34.243,47.11,30.379,283.0,173.0,210.0,290.0,111.732,R
LEC,Ferrari,INTERMEDIATE,6.0,True,35.278,45.054,28.969,290.0,240.0,214.0,299.0,109.301,R
LEC,Ferrari,INTERMEDIATE,7.0,True,33.033,43.323,29.299,292.0,241.0,214.0,299.0,105.655,R
LEC,Ferrari,INTERMEDIATE,2.0,True,32.252,41.348,28.002,288.0,244.0,229.0,295.0,101.602,R
LEC,Ferrari,INTERMEDIATE,3.0,True,32.289,41.321,28.689,289.0,241.0,227.0,295.0,102.299,R
LEC,Ferrari,INTERMEDIATE,4.0,True,32.66,42.069,29.221,291.0,239.0,223.0,297.0,103.95,R
LEC,Ferrari,INTERMEDIATE,5.0,True,32.75,42.098,28.947,291.0,239.0,221.0,296.0,103.795,R
LEC,Ferrari,INTERMEDIATE,6.0,True,32.727,41.794,28.696,290.0,240.0,220.0,293.0,103.217,R
LEC,Ferrari,INTERMEDIATE,7.0,True,32.822,42.268,28.514,292.0,243.0,224.0,297.0,103.604,R
LEC,Ferrari,INTERMEDIATE,8.0,True,32.363,42.147,27.905,293.0,244.0,236.0,297.0,102.415,R
LEC,Ferrari,INTERMEDIATE,9.0,True,31.807,41.036,27.248,290.0,245.0,238.0,297.0,100.091,R
LEC,Ferrari,SOFT,2.0,True,29.086,37.097,25.298,291.0,259.0,251.0,295.0,91.481,R
LEC,Ferrari,SOFT,3.0,True,29.065,36.635,25.178,288.0,256.0,252.0,293.0,90.878,R
LEC,Ferrari,SOFT,4.0,True,29.019,36.276,24.74,287.0,261.0,251.0,293.0,90.035,R
LEC,Ferrari,SOFT,5.0,True,28.93,36.325,24.577,293.0,261.0,251.0,299.0,89.832,R
LEC,Ferrari,SOFT,6.0,True,28.997,36.106,24.645,290.0,262.0,251.0,296.0,89.748,R
LEC,Ferrari,SOFT,7.0,True,29.086,36.174,24.673,286.0,262.0,251.0,294.0,89.933,R
LEC,Ferrari,SOFT,8.0,True,29.015,36.21,24.686,286.0,260.0,252.0,294.0,89.911,R
LEC,Ferrari,SOFT,9.0,True,29.135,36.266,24.65,286.0,262.0,251.0,294.0,90.051,R
LEC,Ferrari,SOFT,10.0,True,29.193,36.412,24.684,291.0,260.0,251.0,298.0,90.289,R
LEC,Ferrari,SOFT,11.0,True,29.05,36.463,24.691,294.0,261.0,251.0,299.0,90.204,R
LEC,Ferrari,SOFT,12.0,True,29.311,36.65,24.968,292.0,261.0,252.0,301.0,90.929,R
LEC,Ferrari,SOFT,13.0,True,29.114,36.846,24.528,308.0,265.0,250.0,325.0,90.488,R
LEC,Ferrari,SOFT,14.0,True,29.653,36.704,25.317,284.0,260.0,247.0,292.0,91.674,R
BOT,Kick Sauber,MEDIUM,2.0,True,30.06,39.194,26.114,311.0,252.0,245.0,299.0,95.368,R
BOT,Kick Sauber,MEDIUM,3.0,True,30.096,38.414,25.937,290.0,252.0,246.0,294.0,94.447,R
BOT,Kick Sauber,MEDIUM,4.0,True,29.89,38.839,25.593,289.0,254.0,245.0,319.0,94.322,R
BOT,Kick Sauber,MEDIUM,5.0,True,29.92,38.115,25.733,289.0,254.0,246.0,294.0,93.768,R
BOT,Kick Sauber,MEDIUM,6.0,True,29.755,37.957,25.748,290.0,255.0,245.0,297.0,93.46,R
BOT,Kick Sauber,MEDIUM,7.0,True,29.919,37.898,25.831,290.0,255.0,246.0,293.0,93.648,R
BOT,Kick Sauber,MEDIUM,8.0,True,29.899,37.968,25.694,289.0,254.0,246.0,295.0,93.561,R
BOT,Kick Sauber,MEDIUM,9.0,True,29.917,37.913,25.815,289.0,254.0,246.0,299.0,93.645,R
BOT,Kick Sauber,MEDIUM,10.0,True,29.85,38.666,25.271,287.0,254.0,246.0,318.0,93.787,R
BOT,Kick Sauber,MEDIUM,11.0,True,29.856,37.941,25.764,287.0,255.0,246.0,289.0,93.561,R
BOT,Kick Sauber,MEDIUM,12.0,True,29.772,37.795,25.702,287.0,256.0,247.0,293.0,93.269,R
BOT,Kick Sauber,MEDIUM,13.0,True,29.875,37.893,25.882,287.0,255.0,247.0,294.0,93.65,R
BOT,Kick Sauber,MEDIUM,14.0,True,29.676,38.254,25.226,305.0,259.0,246.0,322.0,93.156,R
BOT,Kick Sauber,MEDIUM,15.0,True,29.765,37.843,25.62,286.0,253.0,246.0,289.0,93.228,R
BOT,Kick Sauber,MEDIUM,16.0,True,30.009,37.686,26.272,285.0,254.0,245.0,290.0,93.967,R
BOT,Kick Sauber,MEDIUM,17.0,True,29.995,38.17,27.333,282.0,252.0,231.0,291.0,95.498,R
BOT,Kick Sauber,MEDIUM,18.0,True,30.607,38.352,27.116,283.0,250.0,236.0,293.0,96.075,R
BOT,Kick Sauber,MEDIUM,19.0,True,34.195,41.638,28.593,276.0,223.0,225.0,288.0,104.426,R
BOT,Kick Sauber,MEDIUM,20.0,True,31.346,39.657,27.539,294.0,252.0,221.0,306.0,98.542,R
BOT,Kick Sauber,MEDIUM,21.0,True,30.651,38.519,26.065,283.0,253.0,240.0,291.0,95.235,R
BOT,Kick Sauber,MEDIUM,22.0,True,30.193,38.037,25.8,283.0,255.0,246.0,290.0,94.03,R
BOT,Kick Sauber,MEDIUM,23.0,True,29.814,38.272,25.99,283.0,254.0,247.0,291.0,94.076,R
BOT,Kick Sauber,MEDIUM,24.0,True,30.277,39.562,27.511,283.0,249.0,221.0,288.0,97.35,R
BOT,Kick Sauber,MEDIUM,25.0,True,30.996,40.455,28.31,289.0,245.0,214.0,296.0,99.761,R
BOT,Kick Sauber,INTERMEDIATE,2.0,True,32.119,41.797,28.646,281.0,243.0,220.0,287.0,102.562,R
BOT,Kick Sauber,INTERMEDIATE,3.0,True,32.442,42.118,28.742,282.0,238.0,222.0,289.0,103.302,R
BOT,Kick Sauber,INTERMEDIATE,4.0,True,32.322,41.902,29.248,281.0,240.0,222.0,285.0,103.472,R
BOT,Kick Sauber,INTERMEDIATE,5.0,True,32.583,42.474,29.453,280.0,240.0,218.0,287.0,104.51,R
BOT,Kick Sauber,INTERMEDIATE,6.0,True,32.618,42.633,29.948,281.0,239.0,217.0,285.0,105.199,R
BOT,Kick Sauber,INTERMEDIATE,7.0,True,32.969,43.078,29.505,280.0,239.0,218.0,285.0,105.552,R
BOT,Kick Sauber,INTERMEDIATE,8.0,True,33.01,42.817,29.372,281.0,239.0,223.0,285.0,105.199,R
BOT,Kick Sauber,INTERMEDIATE,9.0,True,32.821,43.982,28.673,281.0,238.0,232.0,286.0,105.476,R
BOT,Kick Sauber,INTERMEDIATE,10.0,True,32.265,42.732,27.971,281.0,239.0,237.0,287.0,102.968,R
BOT,Kick Sauber,SOFT,2.0,True,31.692,39.101,26.321,286.0,253.0,247.0,292.0,97.114,R
BOT,Kick Sauber,SOFT,3.0,True,29.421,38.016,25.536,284.0,256.0,249.0,287.0,92.973,R
BOT,Kick Sauber,SOFT,4.0,True,30.515,37.516,25.313,306.0,258.0,250.0,292.0,93.344,R
BOT,Kick Sauber,SOFT,5.0,True,29.377,37.591,25.38,285.0,257.0,250.0,288.0,92.348,R
BOT,Kick Sauber,SOFT,6.0,True,29.24,37.244,25.248,285.0,257.0,249.0,292.0,91.732,R
BOT,Kick Sauber,SOFT,7.0,True,29.256,37.002,25.019,286.0,259.0,250.0,292.0,91.277,R
BOT,Kick Sauber,SOFT,8.0,True,30.514,37.729,24.916,167.0,259.0,251.0,295.0,93.159,R
BOT,Kick Sauber,SOFT,9.0,True,29.357,36.959,25.08,286.0,259.0,249.0,290.0,91.396,R
BOT,Kick Sauber,SOFT,10.0,True,29.454,36.922,25.055,284.0,259.0,249.0,292.0,91.431,R
BOT,Kick Sauber,SOFT,11.0,True,29.424,37.383,25.199,285.0,259.0,250.0,288.0,92.006,R
BOT,Kick Sauber,SOFT,12.0,True,29.414,37.064,25.21,286.0,258.0,249.0,293.0,91.688,R
BOT,Kick Sauber,SOFT,13.0,True,29.422,37.053,25.845,285.0,259.0,250.0,300.0,92.32,R
BOT,Kick Sauber,SOFT,14.0,True,29.389,37.433,25.395,307.0,259.0,248.0,294.0,92.217,R
OCO,Alpine,SOFT,2.0,True,29.749,38.711,25.386,325.0,259.0,245.0,323.0,93.846,R
OCO,Alpine,SOFT,3.0,True,29.591,38.313,25.575,308.0,259.0,245.0,321.0,93.479,R
OCO,Alpine,SOFT,4.0,True,29.764,38.098,25.454,304.0,257.0,245.0,315.0,93.316,R
OCO,Alpine,SOFT,5.0,True,29.757,37.863,25.59,307.0,259.0,244.0,323.0,93.21,R
OCO,Alpine,SOFT,6.0,True,29.727,38.133,25.756,307.0,256.0,244.0,316.0,93.616,R
OCO,Alpine,SOFT,7.0,True,30.502,39.145,25.536,310.0,258.0,245.0,315.0,95.183,R
OCO,Alpine,SOFT,8.0,True,29.827,38.691,25.272,304.0,255.0,244.0,332.0,93.79,R
OCO,Alpine,SOFT,9.0,True,30.112,37.931,25.855,282.0,254.0,243.0,286.0,93.898,R
OCO,Alpine,SOFT,10.0,True,30.162,37.779,25.902,280.0,254.0,243.0,283.0,93.843,R
OCO,Alpine,SOFT,11.0,True,30.102,37.823,25.921,280.0,253.0,243.0,284.0,93.846,R
OCO,Alpine,SOFT,12.0,True,30.203,37.893,25.975,277.0,254.0,243.0,284.0,94.071,R
OCO,Alpine,SOFT,13.0,True,30.327,38.095,26.069,277.0,254.0,243.0,284.0,94.491,R
OCO,Alpine,SOFT,14.0,True,30.357,38.266,26.67,277.0,253.0,243.0,283.0,95.293,R
OCO,Alpine,SOFT,15.0,True,30.406,38.341,26.137,280.0,253.0,243.0,286.0,94.884,R
OCO,Alpine,SOFT,16.0,True,30.525,38.301,27.696,277.0,252.0,242.0,282.0,96.522,R
OCO,Alpine,SOFT,17.0,True,30.742,39.546,28.447,274.0,248.0,233.0,285.0,98.735,R
OCO,Alpine,SOFT,18.0,True,31.134,39.291,28.072,275.0,247.0,237.0,285.0,98.497,R
OCO,Alpine,MEDIUM,2.0,True,30.474,38.101,26.913,275.0,253.0,241.0,287.0,95.488,R
OCO,Alpine,MEDIUM,3.0,True,30.69,39.802,27.513,276.0,251.0,232.0,286.0,98.005,R
OCO,Alpine,MEDIUM,4.0,True,30.982,45.654,30.796,277.0,242.0,198.0,284.0,107.432,R
OCO,Alpine,INTERMEDIATE,2.0,True,32.178,40.992,28.546,274.0,242.0,227.0,284.0,101.716,R
OCO,Alpine,INTERMEDIATE,3.0,True,32.379,41.099,28.884,275.0,243.0,223.0,284.0,102.362,R
OCO,Alpine,INTERMEDIATE,4.0,True,32.292,41.764,29.28,278.0,240.0,213.0,285.0,103.336,R
OCO,Alpine,INTERMEDIATE,5.0,True,32.492,41.93,29.597,279.0,240.0,218.0,283.0,104.019,R
OCO,Alpine,INTERMEDIATE,6.0,True,32.773,42.158,29.742,283.0,239.0,206.0,285.0,104.673,R
OCO,Alpine,INTERMEDIATE,7.0,True,33.217,42.575,29.498,282.0,239.0,218.0,286.0,105.29,R
OCO,Alpine,INTERMEDIATE,8.0,True,32.936,43.563,29.012,282.0,240.0,226.0,285.0,105.511,R
OCO,Alpine,INTERMEDIATE,9.0,True,32.526,42.351,28.118,282.0,241.0,235.0,286.0,102.995,R
OCO,Alpine,INTERMEDIATE,10.0,True,32.124,41.176,27.915,278.0,243.0,234.0,285.0,101.215,R
OCO,Alpine,INTERMEDIATE,11.0,True,32.044,40.766,29.425,274.0,245.0,236.0,234.0,102.235,R
OCO,Alpine,MEDIUM,2.0,True,30.216,37.467,25.155,300.0,256.0,249.0,311.0,92.838,R
OCO,Alpine,MEDIUM,3.0,True,29.139,36.859,25.116,282.0,257.0,251.0,288.0,91.114,R
OCO,Alpine,MEDIUM,4.0,True,29.223,36.785,25.179,278.0,256.0,251.0,286.0,91.187,R
OCO,Alpine,MEDIUM,5.0,True,29.302,36.643,25.139,278.0,258.0,251.0,284.0,91.084,R
OCO,Alpine,MEDIUM,6.0,True,29.356,36.535,25.037,276.0,259.0,251.0,287.0,90.928,R
OCO,Alpine,MEDIUM,7.0,True,29.305,36.497,25.15,277.0,259.0,251.0,285.0,90.952,R
OCO,Alpine,MEDIUM,8.0,True,29.417,36.39,25.068,277.0,258.0,251.0,284.0,90.875,R
OCO,Alpine,MEDIUM,9.0,True,29.427,36.554,27.618,275.0,258.0,249.0,282.0,93.599,R
OCO,Alpine,MEDIUM,10.0,True,32.23,38.774,24.927,157.0,259.0,250.0,310.0,95.931,R
OCO,Alpine,MEDIUM,11.0,True,29.398,36.557,25.105,276.0,258.0,251.0,284.0,91.06,R
OCO,Alpine,MEDIUM,12.0,True,29.511,36.681,25.416,275.0,260.0,251.0,287.0,91.608,R
PER,Red Bull Racing,HARD,2.0,True,29.472,37.864,25.606,292.0,256.0,245.0,303.0,92.942,R
PER,Red Bull Racing,HARD,3.0,True,29.325,37.432,25.583,295.0,255.0,246.0,306.0,92.34,R
PER,Red Bull Racing,HARD,4.0,True,29.338,37.902,25.33,316.0,256.0,246.0,305.0,92.57,R
PER,Red Bull Racing,HARD,5.0,True,29.469,37.473,25.169,298.0,258.0,246.0,306.0,92.111,R
PER,Red Bull Racing,HARD,6.0,True,29.44,37.495,25.315,299.0,257.0,246.0,310.0,92.25,R
PER,Red Bull Racing,HARD,7.0,True,29.555,38.463,25.295,323.0,258.0,246.0,329.0,93.313,R
PER,Red Bull Racing,HARD,8.0,True,29.702,38.411,25.294,302.0,259.0,244.0,324.0,93.407,R
PER,Red Bull Racing,HARD,9.0,True,29.471,37.819,25.51,314.0,259.0,245.0,323.0,92.8,R
PER,Red Bull Racing,HARD,10.0,True,29.426,37.691,25.592,314.0,259.0,245.0,328.0,92.709,R
PER,Red Bull Racing,HARD,11.0,True,29.452,37.656,25.383,314.0,258.0,246.0,328.0,92.491,R
PER,Red Bull Racing,HARD,12.0,True,29.468,37.736,25.305,315.0,262.0,246.0,329.0,92.509,R
PER,Red Bull Racing,HARD,13.0,True,29.556,37.832,25.384,315.0,259.0,246.0,328.0,92.772,R
PER,Red Bull Racing,HARD,14.0,True,29.42,37.698,25.37,318.0,260.0,246.0,326.0,92.488,R
PER,Red Bull Racing,HARD,15.0,True,29.51,37.735,25.457,318.0,261.0,246.0,327.0,92.702,R
PER,Red Bull Racing,HARD,16.0,True,29.905,38.173,26.153,311.0,261.0,247.0,327.0,94.231,R
PER,Red Bull Racing,HARD,17.0,True,29.675,38.196,26.958,314.0,260.0,239.0,335.0,94.829,R
PER,Red Bull Racing,HARD,18.0,True,30.348,37.842,27.194,288.0,254.0,237.0,298.0,95.384,R
PER,Red Bull Racing,INTERMEDIATE,2.0,True,31.916,41.462,28.619,290.0,242.0,219.0,297.0,101.997,R
PER,Red Bull Racing,INTERMEDIATE,3.0,True,33.088,42.914,28.934,288.0,238.0,209.0,294.0,104.936,R
PER,Red Bull Racing,INTERMEDIATE,4.0,True,33.78,43.396,29.038,289.0,237.0,215.0,296.0,106.214,R
PER,Red Bull Racing,INTERMEDIATE,5.0,True,35.068,43.926,31.735,297.0,238.0,208.0,264.0,110.729,R
PER,Red Bull Racing,INTERMEDIATE,6.0,True,33.593,44.33,29.404,290.0,239.0,211.0,298.0,107.327,R
PER,Red Bull Racing,INTERMEDIATE,7.0,True,32.698,43.513,29.525,292.0,238.0,214.0,298.0,105.736,R
PER,Red Bull Racing,INTERMEDIATE,8.0,True,34.103,45.664,32.771,238.0,235.0,200.0,269.0,112.538,R
PER,Red Bull Racing,INTERMEDIATE,2.0,True,31.537,40.103,28.381,292.0,241.0,224.0,297.0,100.021,R
PER,Red Bull Racing,INTERMEDIATE,3.0,True,31.949,41.478,29.249,287.0,238.0,219.0,298.0,102.676,R
PER,Red Bull Racing,INTERMEDIATE,4.0,True,32.368,42.186,29.481,296.0,240.0,214.0,302.0,104.035,R
PER,Red Bull Racing,INTERMEDIATE,5.0,True,32.991,42.371,29.279,294.0,238.0,218.0,300.0,104.641,R
PER,Red Bull Racing,INTERMEDIATE,6.0,True,33.18,43.118,28.747,291.0,242.0,206.0,297.0,105.045,R
PER,Red Bull Racing,INTERMEDIATE,7.0,True,32.741,42.478,28.315,291.0,238.0,224.0,299.0,103.534,R
PER,Red Bull Racing,INTERMEDIATE,8.0,True,32.059,41.861,27.925,294.0,242.0,230.0,299.0,101.845,R
PER,Red Bull Racing,MEDIUM,2.0,True,29.483,37.323,25.916,293.0,257.0,246.0,300.0,92.722,R
PER,Red Bull Racing,MEDIUM,3.0,True,29.809,38.154,25.256,236.0,259.0,248.0,320.0,93.219,R
PER,Red Bull Racing,MEDIUM,4.0,True,28.979,36.811,24.899,295.0,259.0,250.0,303.0,90.689,R
PER,Red Bull Racing,MEDIUM,5.0,True,29.011,36.465,25.066,292.0,260.0,250.0,302.0,90.542,R
PER,Red Bull Racing,MEDIUM,6.0,True,29.012,36.421,24.796,294.0,260.0,250.0,302.0,90.229,R
PER,Red Bull Racing,MEDIUM,7.0,True,29.093,36.448,24.977,291.0,260.0,251.0,301.0,90.518,R
PER,Red Bull Racing,MEDIUM,8.0,True,29.075,36.549,24.941,290.0,259.0,252.0,299.0,90.565,R
PER,Red Bull Racing,MEDIUM,9.0,True,28.949,36.345,24.842,291.0,261.0,250.0,298.0,90.136,R
PER,Red Bull Racing,SOFT,2.0,True,31.79,39.027,26.543,206.0,248.0,250.0,300.0,97.36,R
PER,Red Bull Racing,SOFT,3.0,True,29.204,35.978,24.525,297.0,263.0,251.0,302.0,89.707,R
ZHO,Kick Sauber,SOFT,2.0,True,29.847,38.17,25.546,312.0,259.0,246.0,329.0,93.563,R
ZHO,Kick Sauber,SOFT,3.0,True,29.885,38.053,25.549,307.0,258.0,246.0,321.0,93.487,R
ZHO,Kick Sauber,SOFT,4.0,True,29.724,38.02,25.477,309.0,258.0,245.0,321.0,93.221,R
ZHO,Kick Sauber,SOFT,5.0,True,29.833,37.992,25.446,311.0,258.0,245.0,323.0,93.271,R
ZHO,Kick Sauber,SOFT,6.0,True,29.781,37.972,26.035,306.0,253.0,245.0,299.0,93.788,R
ZHO,Kick Sauber,SOFT,7.0,True,30.318,38.563,25.629,285.0,257.0,244.0,316.0,94.51,R
ZHO,Kick Sauber,SOFT,8.0,True,30.293,39.586,26.444,287.0,253.0,244.0,313.0,96.323,R
ZHO,Kick Sauber,SOFT,9.0,True,30.439,38.755,26.128,287.0,253.0,243.0,291.0,95.322,R
ZHO,Kick Sauber,SOFT,10.0,True,30.416,38.453,26.959,286.0,252.0,244.0,279.0,95.828,R
ZHO,Kick Sauber,SOFT,11.0,True,30.324,38.656,26.032,289.0,251.0,244.0,292.0,95.012,R
ZHO,Kick Sauber,MEDIUM,2.0,True,29.389,37.429,25.632,285.0,254.0,246.0,288.0,92.45,R
ZHO,Kick Sauber,MEDIUM,3.0,True,29.508,37.561,25.41,286.0,256.0,246.0,289.0,92.479,R
ZHO,Kick Sauber,MEDIUM,4.0,True,29.675,37.297,28.23,284.0,255.0,233.0,290.0,95.202,R
ZHO,Kick Sauber,MEDIUM,5.0,True,30.887,39.097,28.122,287.0,254.0,212.0,298.0,98.106,R
ZHO,Kick Sauber,MEDIUM,6.0,True,32.577,39.367,27.693,278.0,248.0,229.0,291.0,99.637,R
ZHO,Kick Sauber,INTERMEDIATE,2.0,True,32.701,42.512,29.347,282.0,242.0,213.0,289.0,104.56,R
ZHO,Kick Sauber,INTERMEDIATE,3.0,True,35.886,44.53,29.832,283.0,239.0,214.0,287.0,110.248,R
ZHO,Kick Sauber,INTERMEDIATE,4.0,True,34.464,45.68,29.937,288.0,236.0,211.0,297.0,110.081,R
ZHO,Kick Sauber,INTERMEDIATE,5.0,True,34.457,44.454,29.956,289.0,236.0,207.0,295.0,108.867,R
ZHO,Kick Sauber,INTERMEDIATE,6.0,True,33.856,44.552,29.837,283.0,239.0,215.0,294.0,108.245,R
ZHO,Kick Sauber,INTERMEDIATE,2.0,True,32.137,41.252,28.477,279.0,241.0,231.0,286.0,101.866,R
ZHO,Kick Sauber,INTERMEDIATE,3.0,True,32.073,41.304,28.616,283.0,239.0,231.0,289.0,101.993,R
ZHO,Kick Sauber,INTERMEDIATE,4.0,True,32.392,41.648,29.117,282.0,239.0,225.0,286.0,103.157,R
ZHO,Kick Sauber,INTERMEDIATE,5.0,True,32.443,42.381,29.492,282.0,238.0,220.0,287.0,104.316,R
ZHO,Kick Sauber,INTERMEDIATE,6.0,True,32.927,42.695,29.407,283.0,240.0,220.0,286.0,105.029,R
ZHO,Kick Sauber,INTERMEDIATE,7.0,True,33.253,43.03,29.129,282.0,239.0,225.0,287.0,105.412,R
ZHO,Kick Sauber,INTERMEDIATE,8.0,True,33.092,45.14,29.778,282.0,233.0,230.0,277.0,108.01,R
ZHO,Kick Sauber,INTERMEDIATE,9.0,True,32.458,42.08,28.031,293.0,243.0,234.0,297.0,102.569,R
ZHO,Kick Sauber,INTERMEDIATE,10.0,True,32.08,42.606,28.137,286.0,247.0,228.0,294.0,102.823,R
ZHO,Kick Sauber,SOFT,3.0,False,29.452,37.479,25.765,284.0,254.0,233.0,289.0,92.696,R
ZHO,Kick Sauber,SOFT,4.0,False,30.316,37.298,25.556,305.0,256.0,249.0,293.0,93.17,R
ZHO,Kick Sauber,SOFT,5.0,False,29.163,36.746,25.242,285.0,257.0,249.0,292.0,91.151,R
ZHO,Kick Sauber,SOFT,6.0,False,29.293,36.625,25.203,286.0,260.0,249.0,292.0,91.121,R
ZHO,Kick Sauber,SOFT,7.0,False,29.221,36.708,25.085,286.0,259.0,249.0,293.0,91.014,R
ZHO,Kick Sauber,SOFT,8.0,False,29.293,36.883,25.202,285.0,258.0,250.0,293.0,91.378,R
ZHO,Kick Sauber,SOFT,9.0,False,29.387,36.896,25.077,285.0,258.0,249.0,291.0,91.36,R
ZHO,Kick Sauber,SOFT,10.0,False,29.359,37.049,25.022,284.0,260.0,250.0,291.0,91.43,R
ZHO,Kick Sauber,SOFT,11.0,False,29.365,36.915,25.003,286.0,259.0,249.0,291.0,91.283,R
ZHO,Kick Sauber,SOFT,12.0,False,29.466,37.132,24.958,285.0,260.0,249.0,292.0,91.556,R
ZHO,Kick Sauber,SOFT,13.0,False,29.613,37.473,25.418,287.0,258.0,249.0,294.0,92.504,R
ZHO,Kick Sauber,SOFT,14.0,False,29.598,37.13,25.021,288.0,259.0,248.0,295.0,91.749,R
RUS,Mercedes,MEDIUM,2.0,True,29.454,36.954,25.01,290.0,257.0,245.0,299.0,91.418,R
RUS,Mercedes,MEDIUM,3.0,True,29.299,36.816,25.183,295.0,257.0,245.0,290.0,91.298,R
RUS,Mercedes,MEDIUM,4.0,True,29.507,37.206,25.086,291.0,256.0,245.0,292.0,91.799,R
RUS,Mercedes,MEDIUM,5.0,True,29.426,37.107,25.095,291.0,258.0,245.0,292.0,91.628,R
RUS,Mercedes,MEDIUM,6.0,True,29.478,37.031,25.116,291.0,258.0,245.0,293.0,91.625,R
RUS,Mercedes,MEDIUM,7.0,True,29.503,36.936,25.224,292.0,258.0,245.0,293.0,91.663,R
RUS,Mercedes,MEDIUM,8.0,True,29.582,36.966,25.183,293.0,256.0,246.0,299.0,91.731,R
RUS,Mercedes,MEDIUM,9.0,True,29.438,37.017,25.166,295.0,257.0,245.0,299.0,91.621,R
RUS,Mercedes,MEDIUM,10.0,True,29.526,36.953,25.16,294.0,258.0,245.0,298.0,91.639,R
RUS,Mercedes,MEDIUM,11.0,True,29.408,36.989,25.189,294.0,257.0,245.0,299.0,91.586,R
RUS,Mercedes,MEDIUM,12.0,True,29.443,36.939,25.237,296.0,258.0,245.0,300.0,91.619,R
RUS,Mercedes,MEDIUM,13.0,True,29.508,37.014,25.194,295.0,258.0,246.0,297.0,91.716,R
RUS,Mercedes,MEDIUM,14.0,True,29.486,36.957,25.035,296.0,258.0,246.0,299.0,91.478,R
RUS,Mercedes,MEDIUM,15.0,True,29.541,36.928,25.097,294.0,258.0,246.0,296.0,91.566,R
RUS,Mercedes,MEDIUM,16.0,True,29.53,36.794,25.302,294.0,258.0,247.0,299.0,91.626,R
RUS,Mercedes,MEDIUM,17.0,True,29.793,37.278,27.722,292.0,256.0,240.0,300.0,94.793,R
RUS,Mercedes,MEDIUM,18.0,True,30.185,37.731,28.449,293.0,255.0,217.0,302.0,96.365,R
RUS,Mercedes,MEDIUM,19.0,True,35.263,41.002,27.886,290.0,242.0,232.0,299.0,104.151,R
RUS,Mercedes,MEDIUM,20.0,True,33.517,39.614,26.831,292.0,251.0,246.0,309.0,99.962,R
RUS,Mercedes,MEDIUM,21.0,True,29.899,37.611,25.243,293.0,257.0,249.0,303.0,92.753,R
RUS,Mercedes,MEDIUM,22.0,True,29.501,36.926,24.917,293.0,258.0,249.0,304.0,91.344,R
RUS,Mercedes,MEDIUM,23.0,True,29.479,36.952,25.066,299.0,256.0,248.0,306.0,91.497,R
RUS,Mercedes,MEDIUM,24.0,True,29.495,36.926,25.547,295.0,258.0,247.0,303.0,91.968,R
RUS,Mercedes,MEDIUM,25.0,True,29.787,38.367,26.627,299.0,254.0,234.0,303.0,94.781,R
RUS,Mercedes,MEDIUM,26.0,True,30.082,41.323,28.544,299.0,252.0,215.0,304.0,99.949,R
RUS,Mercedes,INTERMEDIATE,2.0,True,31.504,40.75,28.151,293.0,246.0,231.0,300.0,100.405,R
RUS,Mercedes,INTERMEDIATE,3.0,True,31.859,41.018,28.36,294.0,243.0,227.0,300.0,101.237,R
RUS,Mercedes,INTERMEDIATE,4.0,True,31.95,41.21,28.742,293.0,241.0,225.0,299.0,101.902,R
RUS,Mercedes,INTERMEDIATE,5.0,True,32.488,41.387,29.21,290.0,242.0,219.0,290.0,103.085,R
